{
    "paper_id": "00006903b396d50cc0037fed39916d57d50ee801",
    "metadata": {
        "title": "Urban green space and happiness in developed countries",
        "authors": [
            {
                "first": "Oh-Hyun",
                "middle": [],
                "last": "Kwon",
                "suffix": "",
                "affiliation": {
                    "laboratory": "",
                    "institution": "Pohang University of Science and Technology",
                    "location": {
                        "addrLine": "Pohang 37673",
                        "country": "Republic of Korea"
                    }
                },
                "email": ""
            },
            {
                "first": "Inho",
                "middle": [],
                "last": "Hong",
                "suffix": "",
                "affiliation": {
                    "laboratory": "",
                    "institution": "Max Planck Institute for Human Development",
                    "location": {
                        "postCode": "14195",
                        "settlement": "Berlin",
                        "country": "Germany"
                    }
                },
                "email": ""
            },
            {
                "first": "Jeasurk",
                "middle": [],
                "last": "Yang",
                "suffix": "",
                "affiliation": {
                    "laboratory": "",
                    "institution": "National University of Singapore",
                    "location": {
                        "postCode": "119260",
                        "settlement": "Singapore",
                        "country": "Singapore"
                    }
                },
                "email": ""
            },
            {
                "first": "Yvette",
                "middle": [],
                "last": "Donghee",
                "suffix": "",
                "affiliation": {},
                "email": ""
            },
            {
                "first": "",
                "middle": [],
                "last": "Wohn",
                "suffix": "",
                "affiliation": {
                    "laboratory": "",
                    "institution": "New Jersey Institute of Technology",
                    "location": {
                        "postCode": "07103",
                        "settlement": "Newark",
                        "region": "NJ",
                        "country": "USA"
                    }
                },
                "email": ""
            },
            {
                "first": "Woo-Sung",
                "middle": [],
                "last": "Jung",
                "suffix": "",
                "affiliation": {
                    "laboratory": "",
                    "institution": "Pohang University of Science and Technology",
                    "location": {
                        "addrLine": "Pohang 37673",
                        "country": "Republic of Korea"
                    }
                },
                "email": ""
            },
            {
                "first": "Meeyoung",
                "middle": [],
                "last": "Cha",
                "suffix": "",
                "affiliation": {},
                "email": ""
            }
        ]
    },
    "abstract": [
        {
            "text": "Urban green space has been regarded as contributing to citizen happiness by promoting physical and mental health. However, how urban green space and happiness are related across many countries of different socioeconomic conditions has not been explained well. By measuring urban green space score (UGS) from high-resolution Sentinel-2 satellite imagery of 90 global cities that in total cover 179,168 km 2 and include 230 million people in 60 developed countries, we reveal that the amount of urban green space and the GDP can explain the happiness level of the country. More precisely, urban green space and GDP are each individually associated with happiness; happiness in the 30 wealthiest countries is explained only by urban green space, whereas GDP alone explains happiness in the 30 other countries in this study. Lastly, we further show that the relationship between urban green space and happiness is mediated by social support and that GDP moderates the relationship between social support and happiness, which underlines the importance of maintaining urban green space as a place for social cohesion in promoting people's happiness. * These two authors contributed equally. \u2020 Electronic address: wsjung@postech.ac.kr \u2021 Electronic address: mcha@ibs.re.kr",
            "cite_spans": [],
            "ref_spans": [],
            "section": "Abstract"
        }
    ],
    "body_text": [
        {
            "text": "The advantages of urban green space for public health and urban planning have been of great interest in recent years. Green spaces such as parks, gardens, street trees, riversides, and even private backyards facilitate physical activity, social events, mental relaxation, and relief from stress and heat, thereby leading to direct and indirect benefits for mental and physical health [1, 2] . Thus, worldwide policy changes and efforts have been made to build more urban green space to create sustainable and comfortable living environments [3] .",
            "cite_spans": [
                {
                    "start": 384,
                    "end": 387,
                    "text": "[1,",
                    "ref_id": null
                },
                {
                    "start": 388,
                    "end": 390,
                    "text": "2]",
                    "ref_id": null
                },
                {
                    "start": 541,
                    "end": 544,
                    "text": "[3]",
                    "ref_id": null
                }
            ],
            "ref_spans": [],
            "section": "I. INTRODUCTION"
        },
        {
            "text": "Urban green space and happiness are known to have an implicit positive correlation. Although this association is still unclear, five pathways through which greenery might have beneficial effects have been reported: relieving stress, stimulating physical activity, facilitating social interactions, generating aesthetic enjoyment, and facilitating a sense of shelter from and adjustment to environmental stressors [2, 4, 5] . Studies have suggested that the same pathways exist in numerous countries [6] . Among them, social interaction facilitation has been confirmed with strong evidence. Studies [7, 8] have shown that open green space promotes social cohesion by providing places for social contact; people can naturally encounter neighbors in local green spaces while walking dogs, gardening, and having outdoor parties, which enhances community engagement. Moreover, larger green areas such as parks can hold larger events and activities, enabling social mixing between communities.",
            "cite_spans": [
                {
                    "start": 413,
                    "end": 416,
                    "text": "[2,",
                    "ref_id": null
                },
                {
                    "start": 417,
                    "end": 419,
                    "text": "4,",
                    "ref_id": null
                },
                {
                    "start": 420,
                    "end": 422,
                    "text": "5]",
                    "ref_id": null
                },
                {
                    "start": 499,
                    "end": 502,
                    "text": "[6]",
                    "ref_id": null
                },
                {
                    "start": 598,
                    "end": 601,
                    "text": "[7,",
                    "ref_id": null
                },
                {
                    "start": 602,
                    "end": 604,
                    "text": "8]",
                    "ref_id": null
                }
            ],
            "ref_spans": [],
            "section": "I. INTRODUCTION"
        },
        {
            "text": "The amount of urban green space can be captured mainly by three kinds of measurements: qualitative ratings of observers [4, 9] , national land-use and land-cover database [10] [11] [12] , and geographic information system (GIS) techniques. Among these measurements, GIS techniques are the most recently developed method. One example is utilizing the normalized difference vegetation index (NDVI), a vegetation index computed from Landsat series satellite images (30 m resolution) [5, 6, 13] . Studies such as by Tsai et al. [14] introduced multiple landscape metrics based on GIS and showed a strong association between green space and mental health in U.S. metropolitan areas. These studies assume the distance from an individual's residence to the nearest green space has associations with health data [2, 15] . The green space level was then measured as the fraction of areas with NDVI values above a certain threshold (e.g., 0.2 to 0.4 for sparse vegetation and 0.6 for highly dense vegetation) [16] . However, this method raises the question of how to set an appropriate NDVI threshold for global cities.",
            "cite_spans": [
                {
                    "start": 120,
                    "end": 123,
                    "text": "[4,",
                    "ref_id": null
                },
                {
                    "start": 124,
                    "end": 126,
                    "text": "9]",
                    "ref_id": "BIBREF8"
                },
                {
                    "start": 171,
                    "end": 175,
                    "text": "[10]",
                    "ref_id": null
                },
                {
                    "start": 176,
                    "end": 180,
                    "text": "[11]",
                    "ref_id": null
                },
                {
                    "start": 181,
                    "end": 185,
                    "text": "[12]",
                    "ref_id": null
                },
                {
                    "start": 480,
                    "end": 483,
                    "text": "[5,",
                    "ref_id": null
                },
                {
                    "start": 484,
                    "end": 486,
                    "text": "6,",
                    "ref_id": null
                },
                {
                    "start": 487,
                    "end": 490,
                    "text": "13]",
                    "ref_id": null
                },
                {
                    "start": 524,
                    "end": 528,
                    "text": "[14]",
                    "ref_id": null
                },
                {
                    "start": 804,
                    "end": 807,
                    "text": "[2,",
                    "ref_id": null
                },
                {
                    "start": 808,
                    "end": 811,
                    "text": "15]",
                    "ref_id": null
                },
                {
                    "start": 999,
                    "end": 1003,
                    "text": "[16]",
                    "ref_id": "BIBREF15"
                }
            ],
            "ref_spans": [],
            "section": "I. INTRODUCTION"
        },
        {
            "text": "Despite the rich literature on green space's mental benefits, they still have limitations as global-scale comparative research. First, the analytical settings are based on a limited number of Western countries [5] ; most of these studies have been conducted in the United States [13, 14] and Europe [2, 6] . Moreover, only a few are based on multi-country settings that enable comparative analysis [17] . As a result, it is unclear whether the asso-ciation between green space and mental health is robust in developing countries or only in developed countries. The main limitation arises because there is no global medical dataset providing reliable and standardized mental health surveys from different countries. Moreover, no studies have established which green space measurement is appropriate for analysis across countries. Various methods of measuring green space -questionnaires, qualitative interviews, satellite images, Google Street View images, and even smartphone technology [18] -still rely on individual-level measurements (e.g., calculating the greenery level around residential buildings) and hence are not scalable to the global level.",
            "cite_spans": [
                {
                    "start": 210,
                    "end": 213,
                    "text": "[5]",
                    "ref_id": null
                },
                {
                    "start": 279,
                    "end": 283,
                    "text": "[13,",
                    "ref_id": null
                },
                {
                    "start": 284,
                    "end": 287,
                    "text": "14]",
                    "ref_id": null
                },
                {
                    "start": 299,
                    "end": 302,
                    "text": "[2,",
                    "ref_id": null
                },
                {
                    "start": 303,
                    "end": 305,
                    "text": "6]",
                    "ref_id": null
                },
                {
                    "start": 398,
                    "end": 402,
                    "text": "[17]",
                    "ref_id": null
                },
                {
                    "start": 987,
                    "end": 991,
                    "text": "[18]",
                    "ref_id": null
                }
            ],
            "ref_spans": [],
            "section": "I. INTRODUCTION"
        },
        {
            "text": "This paper presents a new way to analyze the effects of green space on happiness at the planetary scale, incorporate the different countries' different contexts, and achieve robust results. First, we measure the amount of urban green space from high-resolution satellite images for different countries by developing a globally comparable green space metric. Our metric based on the total NDVI of built-up areas enables this comparison as it does not require an arbitrary threshold that varies for different regions. It also overcomes the limitations of official statistics based on national land-use land cover data that tend to have different criteria by countries and often include only official parks and open space. Our analysis on high-resolution (10 m) Sentinel-2 satellite images provides more accurate information of urban green space than the previous studies on the Landsat series images (i.e., the resolution of 30 m) [2, 5, 6, 13] .",
            "cite_spans": [
                {
                    "start": 929,
                    "end": 932,
                    "text": "[2,",
                    "ref_id": null
                },
                {
                    "start": 933,
                    "end": 935,
                    "text": "5,",
                    "ref_id": null
                },
                {
                    "start": 936,
                    "end": 938,
                    "text": "6,",
                    "ref_id": null
                },
                {
                    "start": 939,
                    "end": 942,
                    "text": "13]",
                    "ref_id": null
                }
            ],
            "ref_spans": [],
            "section": "I. INTRODUCTION"
        },
        {
            "text": "Next, this study uses selected happiness scores from the World Happiness Report [19] , which provides reliable and standardized data on multiple countries' mental health and allows comparisons among nations. As happiness is a criterion of emotional well-being, it is interconnected with mental health. From the perspective that economic studies distinguish between emotional well-being (happiness) and life satisfaction (life evaluation) [20] , we focus on the impact of green space on emotional happiness. Specifically, we study this relationship in the developed countries of the highest Human Development Index (HDI), where green environments in cities are considered more important for well-being.",
            "cite_spans": [
                {
                    "start": 80,
                    "end": 84,
                    "text": "[19]",
                    "ref_id": null
                },
                {
                    "start": 438,
                    "end": 442,
                    "text": "[20]",
                    "ref_id": "BIBREF20"
                }
            ],
            "ref_spans": [],
            "section": "I. INTRODUCTION"
        },
        {
            "text": "Using these datasets from satellite imagery, we explore the relationship between urban green space and happiness globally. Additionally, we identify conditional indirect effects by national wealth and social support by employing a moderated mediation regression model on socioeconomic indicators.",
            "cite_spans": [],
            "ref_spans": [],
            "section": "I. INTRODUCTION"
        },
        {
            "text": "We examine the global relationship between urban green space and happiness in 60 developed countries ranked by the Human Development Index. Using the Sentinel-2 satellite imagery dataset, we define each coun-try's urban green space score (UGS) as a logarithmic total vegetation index per capita in the most populated cities (i.e., those that include at least 10% of the national population). Among the various vegetation indices available, NDVI [21] is used based on the robustness of the results for different tested indices. The happiness score and the gross domestic product based on purchasing power parity (GDP (PPP)) per capita of each country are from the World Happiness Report [19] and the International Monetary Fund (IMF) estimation [22] , respectively (see the Methods section and the Supplementary Information for details). Figure 1 (a) shows an overall view of urban green space and the happiness of countries around the world. This map highlights regional differences in the green space distribution due to climate; countries near the equator in tropical climates have relatively high UGS values, while countries located in the 20-30 \u2022 latitude range have exceptionally low UGS values due to the dry climate. UGS increases with latitude in higher-latitude regions. On the other hand, Northern and Western European and North American countries display relatively large happiness. Western Asian countries also show relatively high happiness with low UGS value, indicating that the relationship between happiness and green space is not trivial. Figure 1 (b-d) shows the distribution of happiness, UGS, and log-GDP, and they all show unimodal distributions with low skewness, which is appropriate for linear regression analyses. Note that the probability distributions of NDVI per capita and GDP per capita converge to a normal distribution after logarithmic scaling. Our comparison of several green space measures shows that the logarithmic NDVI per capita is most suitable for the following analysis in terms of its distribution and explanatory power. We hence choose the logarithmic NDVI per capita as the primary green space indicator in this research. (see Supplementary Information) . We also use the logarithmic GDP per capita (PPP) (hereinafter referred to as the log-GDP) as a measure of the wealth of the country, as noted in the Happiness Report [19] .",
            "cite_spans": [
                {
                    "start": 445,
                    "end": 449,
                    "text": "[21]",
                    "ref_id": null
                },
                {
                    "start": 686,
                    "end": 690,
                    "text": "[19]",
                    "ref_id": null
                },
                {
                    "start": 744,
                    "end": 748,
                    "text": "[22]",
                    "ref_id": null
                },
                {
                    "start": 2368,
                    "end": 2372,
                    "text": "[19]",
                    "ref_id": null
                }
            ],
            "ref_spans": [
                {
                    "start": 837,
                    "end": 845,
                    "text": "Figure 1",
                    "ref_id": "FIGREF0"
                },
                {
                    "start": 1557,
                    "end": 1565,
                    "text": "Figure 1",
                    "ref_id": "FIGREF0"
                },
                {
                    "start": 2173,
                    "end": 2199,
                    "text": "Supplementary Information)",
                    "ref_id": null
                }
            ],
            "section": "II. URBAN GREEN SPACE AND HAPPINESS IN COUNTRIES"
        },
        {
            "text": "As per-country wealth is an important indicator of its citizens' quality of life, wealth (i.e., log-GDP) should be considered in analyzing urban green space and happiness. Our regression analysis finds that UGS, together with log-GDP, explains happiness. We make new observations from Table I . Although UGS is not substantially correlated with happiness in the simple linear regression (i.e., model (2) ), the multilinear model with log-GDP (i.e., model (3)) has a substantial increase in prediction ability compared to the simple regression analysis on log-GDP (i.e., model (1)). Therefore, urban green space adds explanatory power to the correlation between wealth and happiness across countries. The regression analyses with other green space-variant measures further confirm this result's robustness, confirming a substantial increase in the adjusted R-squared value when including UGS in the regression. Specifically, UGS based on the logarithmic NDVI per capita shows the best regression performance ",
            "cite_spans": [
                {
                    "start": 400,
                    "end": 403,
                    "text": "(2)",
                    "ref_id": null
                }
            ],
            "ref_spans": [
                {
                    "start": 285,
                    "end": 292,
                    "text": "Table I",
                    "ref_id": null
                }
            ],
            "section": "II. URBAN GREEN SPACE AND HAPPINESS IN COUNTRIES"
        },
        {
            "text": "Our results show that happiness is correlated with urban green space and the GDP of a country. But, is this green space-happiness effect uniform across all countries? Previous studies on the marginal effect of income on happiness suggest that happiness may have a nonlinear relationship with GDP, presumably showing saturation after a specific GDP -a concept known as the Easterlin paradox [23] . This paradox tells us that increases in happiness through GDP reach a saturation point, yet what factors promote happiness beyond the saturation point is unknown.",
            "cite_spans": [
                {
                    "start": 390,
                    "end": 394,
                    "text": "[23]",
                    "ref_id": null
                }
            ],
            "ref_spans": [],
            "section": "III. URBAN GREEN SPACE IS EFFECTIVE IN RICH COUNTRIES"
        },
        {
            "text": "To test the Easterlin paradox, we repeated the analysis over clusters of countries grouped by GDP. Figure 2 (a) shows a high correlation between GDP and happiness in the 30 lower-GDP countries (i.e., \u03c1 = 0.40), whereas the correlation is no longer evident in the 30 higher-GDP countries (i.e., \u03c1 = \u22120.04). These results suggest that economic prosperity (as measured by GDP) is crucial for people's happiness but fails to further promote happiness in rich countries. The GDP appears to reach a happinesscorrelation threshold around the 30th wealthiest country, which corresponds to a GDP of 38,518 dollars. Previous research on the Easterlin paradox has stated that the GDP per capita can increase happiness until it reaches a certain threshold but cannot further increase happiness above that threshold. We observe a similar pattern for wealth and happiness across countries. On the other hand, happiness in the 30 wealthiest countries is well explained by urban green space. As shown in Figure 2 (b), urban green space is positively correlated with happiness in the richest countries (i.e., \u03c1 = 0.66, p < 0.01), but this correlation is not significant in the 30 lower-GDP countries (i.e., \u03c1 = 0.19, p = 0.32). Thus, urban green space is a factor that further increases the happiness of a country after its GDP reaches a certain level.",
            "cite_spans": [],
            "ref_spans": [
                {
                    "start": 99,
                    "end": 107,
                    "text": "Figure 2",
                    "ref_id": "FIGREF2"
                },
                {
                    "start": 988,
                    "end": 996,
                    "text": "Figure 2",
                    "ref_id": "FIGREF2"
                }
            ],
            "section": "III. URBAN GREEN SPACE IS EFFECTIVE IN RICH COUNTRIES"
        },
        {
            "text": "The regressions for each of the 60 countries ranked by GDP in Table I confirm the individual effects of urban green space and GDP on happiness. GDP is the only substantial factor explaining happiness in the 30 lower-GDP countries (models 4-6). In contrast, for the 30 higher-GDP countries, happiness is explained only by the UGS (7-9). These findings suggest that GDP is critical for happiness until it reaches a certain GDP threshold (i.e., the Easterlin paradox), after which urban green space explains happiness better.",
            "cite_spans": [],
            "ref_spans": [
                {
                    "start": 62,
                    "end": 69,
                    "text": "Table I",
                    "ref_id": null
                }
            ],
            "section": "III. URBAN GREEN SPACE IS EFFECTIVE IN RICH COUNTRIES"
        },
        {
            "text": "The correlation between UGS and happiness also corroborates the effect of UGS in rich countries. The corre-lation in Figure 2 (d) decreases as more countries in the decreasing order of GDP are added. The correlation is substantial (i.e., \u03c1 is approximately 0.8) among the countries excluding the top 30. Figure 2 (c) summarizes the effects of urban green space and GDP that cross over each other around the 30th wealthiest country. For the top 30 countries, urban green space has positive coefficients, but the GDP effect is not significant. These relationships are reversed for less affluent countries.",
            "cite_spans": [],
            "ref_spans": [
                {
                    "start": 117,
                    "end": 125,
                    "text": "Figure 2",
                    "ref_id": "FIGREF2"
                },
                {
                    "start": 304,
                    "end": 312,
                    "text": "Figure 2",
                    "ref_id": "FIGREF2"
                }
            ],
            "section": "III. URBAN GREEN SPACE IS EFFECTIVE IN RICH COUNTRIES"
        },
        {
            "text": "In summary, economic support seems to promote happiness until the essential requirements and living standards are met. However, economic success alone fails to add persistent promotion of happiness. After some level, urban green space appears to be related to other social factors that can further promote happiness.",
            "cite_spans": [],
            "ref_spans": [],
            "section": "III. URBAN GREEN SPACE IS EFFECTIVE IN RICH COUNTRIES"
        },
        {
            "text": "Our findings highlight urban green space as an indicator that might be correlated with social factors promoting happiness beyond the achievement of economic success. The question then arises, which social factors connect urban green space with happiness? To identify this connection, we first examine the correlation between UGS and socioeconomic variables reported in the World Happiness Report: GDP per capita, social support, life expectancy, freedom, generosity, and perceptions of corruption. Of these six variables, only \"social support\" has a significantly positive correlation (\u03c1 = 0.43, p < 0.01) with UGS as we can see from Fig. 3 (a), implying that social support could mediate between urban green space and happiness. This relationship is consistent with several existing studies that suggested urban green space as a place of social cohesion [7, 8] . On the other hand, as indicated by life expectancy, physical health does not display a significant relationship with green space ( \u03c1 = 0.19, p = 0.15), contradicting common sense. The regression analysis on happiness with UGS and six socioeconomic variables also captures the interchangeability of urban green space and social support (see the Supplementary Information for details).",
            "cite_spans": [
                {
                    "start": 855,
                    "end": 858,
                    "text": "[7,",
                    "ref_id": null
                },
                {
                    "start": 859,
                    "end": 861,
                    "text": "8]",
                    "ref_id": null
                }
            ],
            "ref_spans": [
                {
                    "start": 634,
                    "end": 640,
                    "text": "Fig. 3",
                    "ref_id": "FIGREF3"
                }
            ],
            "section": "IV. URBAN GREEN SPACE FOR SOCIAL COHESION"
        },
        {
            "text": "Here, we employ a moderated mediation model [24] to characterize the complicated relationships among urban green space, social support, GDP, and happiness. In moderated mediation models, the moderator describes a variable's conditional effect through the interaction term, and the mediator describes a variable's indirect effect connecting the other two variables. Accordingly, moderated mediation models determine the pathway of directed interactions between multiple variables.",
            "cite_spans": [
                {
                    "start": 44,
                    "end": 48,
                    "text": "[24]",
                    "ref_id": "BIBREF24"
                }
            ],
            "ref_spans": [],
            "section": "IV. URBAN GREEN SPACE FOR SOCIAL COHESION"
        },
        {
            "text": "First, we examine the mediation effect of urban green space and social support as independent variables. The mediation regression model shows that social support mediates the relationship between urban green space and happiness such that (1) urban green space improves social support and (2) social support promotes happiness.",
            "cite_spans": [],
            "ref_spans": [],
            "section": "IV. URBAN GREEN SPACE FOR SOCIAL COHESION"
        },
        {
            "text": "The mediation effect is significant (3) only when GDP is considered in the model. Consequently, our moderated mediation model combining these three effects, shown in Fig. 3(b) , presents the pathway by which green space affects happiness through social support, given that GDP moderates the effect of social support. If we describe this relationship in equations,",
            "cite_spans": [],
            "ref_spans": [
                {
                    "start": 166,
                    "end": 175,
                    "text": "Fig. 3(b)",
                    "ref_id": "FIGREF3"
                }
            ],
            "section": "IV. URBAN GREEN SPACE FOR SOCIAL COHESION"
        },
        {
            "text": "where H, M , S, and G represent happiness, log-GDP, social support, and NDVI per capita, respectively, and the \u03b2 values denote the coefficients of the regression models (see the Supplementary Information for details). Our moderated mediation model can be used to estimate the amount of urban green space required to increase happiness by a certain amount according to",
            "cite_spans": [],
            "ref_spans": [],
            "section": "IV. URBAN GREEN SPACE FOR SOCIAL COHESION"
        },
        {
            "text": "In the equation 3, the required ratio of urban green spaces in a country decreases as its log-GDP increases. The required increase in urban green space per capita can be estimated for each country based on its current GDP value. For example, the United States needs an additional 36.1908 NDVI of urban green space per capita to increase its happiness score by 0.0546. In contrast, 3,416 USD per capita is required to achieve the same increment in happiness. Here, we used a 0.0546 happiness score as a reference value of \u2206H, which is the average value between happiness ranks. Note that the NDVI per capita is interpreted as a weighted area of green space, with a unit of m 2 . Similarly, Qatar needs 0.4981 NDVI per capita or 7,556 dollars per capita, and South Korea needs 4.1332 NDVI per capita or 2,315 dollars per capita to achieve the reference happiness score increase.",
            "cite_spans": [],
            "ref_spans": [],
            "section": "IV. URBAN GREEN SPACE FOR SOCIAL COHESION"
        },
        {
            "text": "This paper revealed a global relationship between urban green space and happiness in over 60 countries using high-resolution satellite imagery. Urban green space has a higher impact in developed countries (i.e., countries with higher GDPs), which suggests urban green space as a key to promoting happiness beyond economic success. Our moderated mediation model further elucidates this relationship as social support mediates the greenhappiness relation, and GDP moderates social support and happiness. This sophisticated model could estimate additional green space needed to promote happiness for each country.",
            "cite_spans": [],
            "ref_spans": [],
            "section": "V. DISCUSSION"
        },
        {
            "text": "The current study newly defined the concept of UGS (urban green space score), which can be used to calculate the amount of green space at any spatial scale accounting for population density. We compared several green space measures and proposed to use the logarithmic NDVI per capita as a preferred measure of UGS. This index was validated through experiments and it makes it possible to investigate green space at a global level, allowing us to perform cross-sectional research on green space. Furthermore, the method obtaining UGS can be utilized to investigate any spatial areas such as blue space (i.e., aquatic environments such as lake and shore) [25, 26] .",
            "cite_spans": [
                {
                    "start": 653,
                    "end": 657,
                    "text": "[25,",
                    "ref_id": null
                },
                {
                    "start": 658,
                    "end": 661,
                    "text": "26]",
                    "ref_id": null
                }
            ],
            "ref_spans": [],
            "section": "V. DISCUSSION"
        },
        {
            "text": "Our findings have multiple policy-level implications. First, public green space should be made accessible to urban dwellers to enhance social support. In doing so, one critical aspect is public safety. If public safety in urban parks is not guaranteed [27, 28] , its positive role in social support and happiness may diminish. The meaning of public safety may change; for example, ensuring biological safety will be a priority in keeping the urban parks accessible during the COVID-19 pandemic [29] .In fact, the high indoor transmission rate of the virus [30] will increase awareness and importance of open spaces like urban parks. While some urban parks may be closed during lockdowns, some reports suggest that viewing them from home could also help relax stress during the pandemic [31] . Second, urban planning of public green space is needed for both developed and developing countries. While our findings confirmed a strong impact of urban green space on happiness in developed countries, the same positive effect holds for developing countries, albeit to a smaller degree. Furthermore, it is challenging or nearly impossible to secure land for green space after built-up areas are developed in cities. Therefore, urban planning for parks and green recovery (new greening in built-up areas) should be considered in developing economies where new cities and suburban areas rapidly expand [32, 33] .",
            "cite_spans": [
                {
                    "start": 252,
                    "end": 256,
                    "text": "[27,",
                    "ref_id": null
                },
                {
                    "start": 257,
                    "end": 260,
                    "text": "28]",
                    "ref_id": null
                },
                {
                    "start": 494,
                    "end": 498,
                    "text": "[29]",
                    "ref_id": null
                },
                {
                    "start": 556,
                    "end": 560,
                    "text": "[30]",
                    "ref_id": null
                },
                {
                    "start": 786,
                    "end": 790,
                    "text": "[31]",
                    "ref_id": null
                },
                {
                    "start": 1394,
                    "end": 1398,
                    "text": "[32,",
                    "ref_id": "BIBREF33"
                },
                {
                    "start": 1399,
                    "end": 1402,
                    "text": "33]",
                    "ref_id": null
                }
            ],
            "ref_spans": [],
            "section": "V. DISCUSSION"
        },
        {
            "text": "In addition to the above, recent climate changes can create substantial volatility in sustaining urban green space. Extreme events such as wildfires, floods, droughts, and cold waves could endanger urban forests around the world [34] . On the other hand, global warming could also accelerate tree growth in cities more than in rural areas due to the urban heat island effect [35] . In the end, the environmental influence is bidirectional; urban green spaces affect local climates by reducing carbon dioxide levels [36] and providing a cooling effect inside the city that indirectly affects people's well-being. Thus, we need more attention to predicting climate changes and discovering their impact on public places since the extreme changes could hamper the benefits of urban green space.",
            "cite_spans": [
                {
                    "start": 229,
                    "end": 233,
                    "text": "[34]",
                    "ref_id": null
                },
                {
                    "start": 375,
                    "end": 379,
                    "text": "[35]",
                    "ref_id": null
                },
                {
                    "start": 515,
                    "end": 519,
                    "text": "[36]",
                    "ref_id": null
                }
            ],
            "ref_spans": [],
            "section": "V. DISCUSSION"
        },
        {
            "text": "As an exciting future direction, satellite images of higher spatiotemporal resolutions can be used to compute urban green space scores. This paper focused on the correlation across countries fixed in time, given the short span of the Sentinel-2 dataset launched in 2015. A causal analysis could be done with satellite imagery data for a longer span. Also, our dataset does not cover all the countries in the world. Fortunately, our observations from the 30 lower-income countries anticipate the substantial effect of GDP in other developing countries excluded in our analysis. We have analyzed the highest-resolution public dataset of satellite imagery in this study. However, our method still has room for application to higher-resolution non-public datasets such as the household level (less than 10m resolution) available in the national-scale health dataset [37] . Since satellite imagery cannot account for green space inside buildings (such as green walls), future research could quantify the effect of these mini-scale green spaces using computer vision [38] .",
            "cite_spans": [
                {
                    "start": 862,
                    "end": 866,
                    "text": "[37]",
                    "ref_id": null
                },
                {
                    "start": 1061,
                    "end": 1065,
                    "text": "[38]",
                    "ref_id": null
                }
            ],
            "ref_spans": [],
            "section": "V. DISCUSSION"
        },
        {
            "text": "To identify the relationship between happiness and green space, we use happiness scores from the World Hap- piness Report [19] and the NDVI scores from Sentinel-2 satellite imagery as remote sensing data. The World Happiness Report from 2018 covered 156 countries. The report provides an annual survey of how happy citizens perceive themselves to be and ranks the countries by happiness score. The score is the average of the participants' responses asked to rate how happy they are on a scale from 0 and 10. While many socioeconomic indicators (e.g., unemployment and inequality) may affect happiness, not all of these factors are measured annually across 156 countries. The report instead describes hap-piness with six primary socioeconomic indicators: GDP per capita, social support, life expectancy, freedom to make life choices, generosity, and perceptions of corruption. For example, the social support variable is based on binary responses (yes/no) on a Gallup World Poll question: \"If you were in trouble, do you have relatives or friends you can count on to help you whenever you need them, or not?\"",
            "cite_spans": [
                {
                    "start": 122,
                    "end": 126,
                    "text": "[19]",
                    "ref_id": null
                }
            ],
            "ref_spans": [],
            "section": "A. Collecting happiness and remote sensing data"
        },
        {
            "text": "To quantify urban green space in global cities, we use the Sentinel-2 dataset that provides the highest spatial resolution (10 m) among the publicly available satellite imagery datasets (e.g., 30 m resolution in Landsat series) [2, 5, 6, 13] . With this high resolution, we can identify granular green space, including street vegetation and home gardens that could not be detected in other public datasets. When using satellite imagery to detect small vegetation, it is critical to consider the season in which the images were obtained [2, 5, 6, 13] . We use the images from summer: June to September 2018 for the Northern Hemisphere and December 2017 to February 2018 for the Southern Hemisphere. Satellite images with below 10% cloud cover were used; when such images could not be obtained for the study period, data from 2019 were used instead.",
            "cite_spans": [
                {
                    "start": 228,
                    "end": 231,
                    "text": "[2,",
                    "ref_id": null
                },
                {
                    "start": 232,
                    "end": 234,
                    "text": "5,",
                    "ref_id": null
                },
                {
                    "start": 235,
                    "end": 237,
                    "text": "6,",
                    "ref_id": null
                },
                {
                    "start": 238,
                    "end": 241,
                    "text": "13]",
                    "ref_id": null
                },
                {
                    "start": 536,
                    "end": 539,
                    "text": "[2,",
                    "ref_id": null
                },
                {
                    "start": 540,
                    "end": 542,
                    "text": "5,",
                    "ref_id": null
                },
                {
                    "start": 543,
                    "end": 545,
                    "text": "6,",
                    "ref_id": null
                },
                {
                    "start": 546,
                    "end": 549,
                    "text": "13]",
                    "ref_id": null
                }
            ],
            "ref_spans": [],
            "section": "A. Collecting happiness and remote sensing data"
        },
        {
            "text": "Normalized difference vegetation index (NDVI) is a well-known remote sensing indicator of green vegetation areas in satellite images [21] . It detects vegetation as the difference between near-infrared and red light, in the value range from -1 to +1. In general, high NDVI scores include urban green spaces such as official parks, backyards, street trees, mountains, riverbanks, golf courses, and urban farmlands. There are a few well-known variants of NDVI [18] , such as the soil-adjusted vegetation index (SAVI) [39] , which is corrected for soil brightness, and the enhanced vegetation index (EVI) [40] , which is corrected for atmospheric effects. All NDVI, SAVI, and EVI2 scores can be calculated from the two spectral bands of Sentinel-2, red (band 4) and near-infrared (NIR, band 8), as follows:",
            "cite_spans": [
                {
                    "start": 133,
                    "end": 137,
                    "text": "[21]",
                    "ref_id": null
                },
                {
                    "start": 458,
                    "end": 462,
                    "text": "[18]",
                    "ref_id": null
                },
                {
                    "start": 515,
                    "end": 519,
                    "text": "[39]",
                    "ref_id": null
                },
                {
                    "start": 602,
                    "end": 606,
                    "text": "[40]",
                    "ref_id": null
                }
            ],
            "ref_spans": [],
            "section": "A. Collecting happiness and remote sensing data"
        },
        {
            "text": "The robustness of the results for the three green space measures was verified using NDVI as the primary metric.",
            "cite_spans": [],
            "ref_spans": [],
            "section": "A. Collecting happiness and remote sensing data"
        },
        {
            "text": "The vegetation indices are measured in three steps, as illustrated in Fig. 4(a) . The first step is to identify target cities containing at least 10% of each country's total population and represent the country's overall happiness. The second step is to extract only the built-up areas within the identified cities' administrative boundaries. As cities' boundaries are historically and culturally constructed and often arbitrary, the cities' size needs to be standardized; some cities include vast suburban areas (e.g., Istanbul) or natural areas (e.g., deserts in Dubai). Thus, referring to the global land cover data from the EU's Copernicus Programme [41] , we focus on urban built-up areas to quantify the urban green space. Finally, the vegetation indices (NDVI, EVI2, and SAVI) are calculated for the extracted urban areas.",
            "cite_spans": [
                {
                    "start": 654,
                    "end": 658,
                    "text": "[41]",
                    "ref_id": "BIBREF42"
                }
            ],
            "ref_spans": [
                {
                    "start": 70,
                    "end": 79,
                    "text": "Fig. 4(a)",
                    "ref_id": "FIGREF4"
                }
            ],
            "section": "B. Measuring the amount of green space"
        },
        {
            "text": "The final step is to compute the amount of green space in each country, determined from the measured vegetation indices. Here, we define the amount of green space as the logarithm of the total NDVI of built-up areas in the target cities divided by the cities' total population, called UGS, as a metric for urban green space. UGS is calculated as follows:",
            "cite_spans": [],
            "ref_spans": [],
            "section": "B. Measuring the amount of green space"
        },
        {
            "text": "where N DV I(b) is the value of NDVI of pixel b within built-up areas b(c) in city c and N c is the population of city c. In this calculation, we adjusted negative NDVI values to zero [18] to prevent errors caused by the accumulation of negative values in areas next to bodies of water (see the Supplementary Information for the entire dataset).",
            "cite_spans": [
                {
                    "start": 184,
                    "end": 188,
                    "text": "[18]",
                    "ref_id": null
                }
            ],
            "ref_spans": [],
            "section": "B. Measuring the amount of green space"
        },
        {
            "text": "Section S1. Data Section S1.1. Data description Table S1 and S2 describe the dataset used in this study. The happiness scores were obtained from the World Happiness Report, which was averaged over three years to adjust for short-term fluctuations. The average happiness score is 6.373, with a maximum of 7.769 for Finland and a minimum of 4.549 for Iran. UGS is calculated from Sentinel-2 satellite imagery data, and GDP per capita (PPP) data is obtained from the IMF estimation.",
            "cite_spans": [],
            "ref_spans": [
                {
                    "start": 48,
                    "end": 56,
                    "text": "Table S1",
                    "ref_id": null
                }
            ],
            "section": "B. Measuring the amount of green space"
        },
        {
            "text": "In this research, we used the data of 60 developed countries selected by comparing the HDI of the countries. Andorra, Bahamas, Barbados, Brunei, Cyprus, Lichtenstein, Palau, and Seychelles are excluded from the analysis due to a lack of data for happiness. Table S2 . Data used in the study. Countries are ordered by UGS. We aggregate city-level data to cover at least 10% of total population.",
            "cite_spans": [],
            "ref_spans": [
                {
                    "start": 257,
                    "end": 265,
                    "text": "Table S2",
                    "ref_id": null
                }
            ],
            "section": "B. Measuring the amount of green space"
        },
        {
            "text": "The result of the regression is robust for any green space measure. In table S3, all nine green space measures explain happiness along with GDP, while logarithmic NDVI per capita in the model (5) displays the most considerable value of adjusted R 2 compared to other models.",
            "cite_spans": [],
            "ref_spans": [],
            "section": "Section S2. Robustness of the regression"
        },
        {
            "text": "(1)",
            "cite_spans": [],
            "ref_spans": [],
            "section": "Section S2. Robustness of the regression"
        },
        {
            "text": "(8) Section S3. Regional influence Regional characteristics affect the level of green space. Figure S1 describes the change of USG by latitude. Countries with a tropical climate such as Southeastern Asia, the Caribbean, and Eastern Africa show a relatively high UGS score. In contrast, Western Asian countries show a relatively low UGS score since they are in a dry climate. The UGS score further increases in higher latitudes. Fig. S1 . Scatter plot of UGS and latitude with country (left) and continent (right) marked. Gray area represent the dry climate region.",
            "cite_spans": [],
            "ref_spans": [
                {
                    "start": 93,
                    "end": 102,
                    "text": "Figure S1",
                    "ref_id": "FIGREF0"
                },
                {
                    "start": 428,
                    "end": 435,
                    "text": "Fig. S1",
                    "ref_id": "FIGREF0"
                }
            ],
            "section": "Section S2. Robustness of the regression"
        },
        {
            "text": "In Table S4 , model (3) includes the latitude of the most populated city, model (4) (5) includes dummy variables that tell whether the countries in Western Asia or the dry climate region. These models show that including regional factors does not improve the model. ",
            "cite_spans": [
                {
                    "start": 80,
                    "end": 83,
                    "text": "(4)",
                    "ref_id": null
                },
                {
                    "start": 84,
                    "end": 87,
                    "text": "(5)",
                    "ref_id": null
                }
            ],
            "ref_spans": [
                {
                    "start": 3,
                    "end": 11,
                    "text": "Table S4",
                    "ref_id": "TABREF5"
                }
            ],
            "section": "Section S2. Robustness of the regression"
        },
        {
            "text": "We perform a residual analysis of the regression model in Table 1 to check whether the model is reasonable. ",
            "cite_spans": [],
            "ref_spans": [
                {
                    "start": 58,
                    "end": 65,
                    "text": "Table 1",
                    "ref_id": null
                }
            ],
            "section": "Section S5. Residual analysis"
        },
        {
            "text": "We can check for a similar result of Fig. 3 (c) in the manuscript by calculating the Pearson correlation instead of the regression coefficient. Figure S4 shows a similar diminishing effect of green space as the group contains lower GDP countries. In contrast, log-GDP shows the most strong correlations for the entire dataset containing lower GDP groups. ",
            "cite_spans": [],
            "ref_spans": [
                {
                    "start": 37,
                    "end": 43,
                    "text": "Fig. 3",
                    "ref_id": "FIGREF3"
                },
                {
                    "start": 144,
                    "end": 153,
                    "text": "Figure S4",
                    "ref_id": "FIGREF4"
                }
            ],
            "section": "Section S6. The effect of GDP on green-happiness relation"
        },
        {
            "text": "World Happiness Report describes happiness with six main variables: GDP, social support, life expectancy, freedom, generosity, and corruption perceptions. Social support and freedom are based on binary responses (yes or no) to World Gallup Poll (WGP) questions; \"If you were in trouble, do you have relatives or friends you can count on to help you whenever you need them, or not?\", and \"Are you satisfied or dissatisfied with your freedom to choose what you do with your life?\", respectively. generosity is the residual of regression for responses for a WGP question \"Have you donated money to a charity in the past month?\" on GDP per capita. Corruption perceptions is based on the response to WGP question, \"Is corruption widespread throughout the government or not?\" and \"Is corruption widespread within businesses or not?\" Life expectancy is based on the Global Health Observatory data from World Health Organization (WHO).",
            "cite_spans": [],
            "ref_spans": [],
            "section": "Section S7. Happiness Report variables"
        },
        {
            "text": "Here, we checked how our analyses fit into these six variables. The data of 6 variables are retrieved from the World Happiness Report, and we took a 3-year average. Figure S5 shows the scatter plots between UGS and six variables in the World Happiness Report. Note that the scatter plot between UGS and social support presents a relatively strong Pearson correlation of 0.4329, while other variables show no correlation with UGS. Therefore, we can suspect that the UGS is connected with the social support variable, which should be considered while constructing regression models.",
            "cite_spans": [],
            "ref_spans": [
                {
                    "start": 165,
                    "end": 174,
                    "text": "Figure S5",
                    "ref_id": "FIGREF9"
                }
            ],
            "section": "Section S7. Happiness Report variables"
        },
        {
            "text": "Since the data for corruption perceptions is missing for six countries, and it seems to fail to explain happiness well for developed countries' data set, we checked the regression with and without corruption perception. The regression model (1) shows that UGS can explain happiness in place of social support, even although the adjusted R-square value is smaller compared to model (2) , which includes social support. Furthermore, model (3), which includes both UGS and social support, shows that UGS loses its explainability while social support. The same result can be found in the model (4-6). ",
            "cite_spans": [
                {
                    "start": 241,
                    "end": 244,
                    "text": "(1)",
                    "ref_id": null
                },
                {
                    "start": 381,
                    "end": 384,
                    "text": "(2)",
                    "ref_id": null
                }
            ],
            "ref_spans": [],
            "section": "Section S7. Happiness Report variables"
        },
        {
            "text": "The moderation and mediation technique provides a more complicated regression model, describing more detailed mechanisms behind regression.",
            "cite_spans": [],
            "ref_spans": [],
            "section": "Section S8. Moderated mediation model for regression"
        },
        {
            "text": "The mediation model describes the indirect effect of mediation variables described by the two-staged regression model. We applied the moderation model for log-GDP since we checked that the regression analyses for social support differed depending on the GDP value, which can be described with the cross term. We can set up the regression model as follows:",
            "cite_spans": [],
            "ref_spans": [],
            "section": "Section S8. Moderated mediation model for regression"
        },
        {
            "text": "Now, we can validate the model with regression. The mediation model can be validated by comparing the multilinear regression model with its explanation of power. We will check whether green space affects happiness via social support.",
            "cite_spans": [],
            "ref_spans": [],
            "section": "Section S8. Moderated mediation model for regression"
        },
        {
            "text": "In Table S6 , model (1-3) describes the effect of UGS and social support on happiness. UGS and social support can explain happiness and GDP in the model (1) and (2) . However, UGS loses its explainability when we include both UGS and social support in the model (3) , which implies that UGS only indirectly affects happiness compared to social support. Note that our mediation model was valid for GDP, so the moderated mediation model would be more appropriate.",
            "cite_spans": [
                {
                    "start": 161,
                    "end": 164,
                    "text": "(2)",
                    "ref_id": null
                },
                {
                    "start": 262,
                    "end": 265,
                    "text": "(3)",
                    "ref_id": null
                }
            ],
            "ref_spans": [
                {
                    "start": 3,
                    "end": 11,
                    "text": "Table S6",
                    "ref_id": null
                }
            ],
            "section": "Section S8. Moderated mediation model for regression"
        },
        {
            "text": "The moderation of the model can be validated by calculating the regression model with a cross-term. We check for moderation models in our consideration: moderation for green-social, social-happiness, and green-happiness. We find that the moderation effect emerges on the social-happiness relation with higher adjusted R-square and significantly low p-value (Table S6 model (4)). Therefore, we can conclude that the green space affects happiness through social support, and GDP moderates social support on happiness. Table S6 . Regression analysis for the moderated mediation model. Coefficient of GDP-Social Support represent cross term of GDP and social support. *** p\u00a10.01; ** p\u00a10.05; * p\u00a10.1.",
            "cite_spans": [],
            "ref_spans": [
                {
                    "start": 357,
                    "end": 372,
                    "text": "(Table S6 model",
                    "ref_id": null
                },
                {
                    "start": 516,
                    "end": 524,
                    "text": "Table S6",
                    "ref_id": null
                }
            ],
            "section": "Section S8. Moderated mediation model for regression"
        },
        {
            "text": "How much we need green space to increase our happiness? Since our analyses are based on regression models, we can provide a numerical estimation of the required green space to increment happiness. Consider our final regression model:",
            "cite_spans": [],
            "ref_spans": [],
            "section": "Section S9. Derivation of happiness equation"
        },
        {
            "text": "where H is the happiness score, M is GDP per capita, S is social support, and G is UGS. If we substitute social support into the equation, we obtain the following equation.",
            "cite_spans": [],
            "ref_spans": [],
            "section": "Section S9. Derivation of happiness equation"
        },
        {
            "text": "If we assume that the value of GDP per capita stays the same, we can solve a fraction of green space change to increase a certain amount of happiness. We set the happiness score change to 0.0546, which is an average value for upgrading one rank. ",
            "cite_spans": [],
            "ref_spans": [],
            "section": "Section S9. Derivation of happiness equation"
        }
    ],
    "bib_entries": {
        "BIBREF8": {
            "ref_id": "b8",
            "title": "Environment and Behavior",
            "authors": [
                {
                    "first": "B",
                    "middle": [
                        "S"
                    ],
                    "last": "Kweon",
                    "suffix": ""
                },
                {
                    "first": "W",
                    "middle": [
                        "C"
                    ],
                    "last": "Sullivan",
                    "suffix": ""
                },
                {
                    "first": "A",
                    "middle": [
                        "R"
                    ],
                    "last": "Wiley",
                    "suffix": ""
                }
            ],
            "year": 1998,
            "venue": "",
            "volume": "30",
            "issn": "",
            "pages": "",
            "other_ids": {}
        },
        "BIBREF15": {
            "ref_id": "b15",
            "title": "ALL YOU NEED TO KNOW ABOUT NDVI",
            "authors": [
                {
                    "first": "Ndvi",
                    "middle": [],
                    "last": "Eos",
                    "suffix": ""
                },
                {
                    "first": "",
                    "middle": [],
                    "last": "Faq",
                    "suffix": ""
                }
            ],
            "year": 2019,
            "venue": "",
            "volume": "",
            "issn": "",
            "pages": "",
            "other_ids": {}
        },
        "BIBREF16": {
            "ref_id": "b16",
            "title": "Date accessed 22",
            "authors": [],
            "year": 2020,
            "venue": "",
            "volume": "",
            "issn": "",
            "pages": "",
            "other_ids": {}
        },
        "BIBREF20": {
            "ref_id": "b20",
            "title": "Proceedings of the National Academy of Sciences",
            "authors": [
                {
                    "first": "D",
                    "middle": [],
                    "last": "Kahneman",
                    "suffix": ""
                },
                {
                    "first": "A",
                    "middle": [],
                    "last": "Deaton",
                    "suffix": ""
                }
            ],
            "year": 2010,
            "venue": "",
            "volume": "107",
            "issn": "",
            "pages": "",
            "other_ids": {}
        },
        "BIBREF24": {
            "ref_id": "b24",
            "title": "Multivariate Behavioral Research",
            "authors": [
                {
                    "first": "K",
                    "middle": [
                        "J"
                    ],
                    "last": "Preacher",
                    "suffix": ""
                },
                {
                    "first": "D",
                    "middle": [
                        "D"
                    ],
                    "last": "Rucker",
                    "suffix": ""
                },
                {
                    "first": "A",
                    "middle": [
                        "F"
                    ],
                    "last": "Hayes",
                    "suffix": ""
                }
            ],
            "year": 2007,
            "venue": "",
            "volume": "42",
            "issn": "",
            "pages": "185--227",
            "other_ids": {}
        },
        "BIBREF33": {
            "ref_id": "b33",
            "title": "Characteristics, Causes, and Effects of Sprawl: A Literature Review",
            "authors": [
                {
                    "first": "R",
                    "middle": [
                        "H"
                    ],
                    "last": "Ewing",
                    "suffix": ""
                }
            ],
            "year": 2008,
            "venue": "",
            "volume": "",
            "issn": "",
            "pages": "",
            "other_ids": {}
        },
        "BIBREF42": {
            "ref_id": "b42",
            "title": "Copernicus Global Land Service: Land Cover 100m: collection 3 epoch",
            "authors": [
                {
                    "first": "M",
                    "middle": [],
                    "last": "Buchhorn",
                    "suffix": ""
                },
                {
                    "first": "B",
                    "middle": [],
                    "last": "Smets",
                    "suffix": ""
                },
                {
                    "first": "L",
                    "middle": [],
                    "last": "Bertels",
                    "suffix": ""
                },
                {
                    "first": "B",
                    "middle": [],
                    "last": "De Roo",
                    "suffix": ""
                },
                {
                    "first": "M",
                    "middle": [],
                    "last": "Lesiv",
                    "suffix": ""
                },
                {
                    "first": "N.-E",
                    "middle": [],
                    "last": "Tsendbazar",
                    "suffix": ""
                },
                {
                    "first": "M",
                    "middle": [],
                    "last": "Herold",
                    "suffix": ""
                },
                {
                    "first": "S",
                    "middle": [],
                    "last": "Fritz",
                    "suffix": ""
                }
            ],
            "year": 2015,
            "venue": "",
            "volume": "",
            "issn": "",
            "pages": "",
            "other_ids": {}
        }
    },
    "ref_entries": {
        "FIGREF0": {
            "text": "The distributions of urban green space and happiness over the world. (a) The map of urban green space and happiness in 60 developed countries. The size and color of circles represent the level of happiness and urban green space in a country, respectively. The markers are placed on the most populated cities of each country. (b-d) The histograms of (b) happiness, (c) urban green space (UGS) and (d) logarithmic GDP per capita (log-GDP). We use the logarithm of the total NDVI per capita as an indicator of urban green space, and the logarithm of GDP per capita as a measure of wealth.",
            "latex": null,
            "type": "figure"
        },
        "FIGREF1": {
            "text": "see the Supplementary Information for the results for the different measures).",
            "latex": null,
            "type": "figure"
        },
        "FIGREF2": {
            "text": "I: The regression analysis for happiness, UGS, and log-GDP. The values denote the regression coefficients and the confidence intervals of each independent variable with its significance (i.e., *** p\u00a10.01; ** p\u00a10.05; * p\u00a10.1). The regression model(1)(2)(3), model (4-6) and model(7)(8)(9) are examined for the data of all countries, the lower 30 countries and the top 30 countries ranked by GDP, respectively. The effect of GDP on the green-happiness relation.(a, b)The relations of (a) log-GDP and happiness, and (b) urban green space (i.e., UGS) and happiness across 60 developed countries. The top 30 and the lower 30 countries ranked by GDP are sized by the population size and colored by red and black. The dotted lines are the linear fit for each GDP group. (c) Changes of coefficients between urban green space and happiness for different sets of GDP rank with increasing window size from top 10 to 60. (d) The rank correlations between UGS and happiness for the groups of increasing countries in the GDP rank order.",
            "latex": null,
            "type": "figure"
        },
        "FIGREF3": {
            "text": "The moderated mediation model for UGS, happiness and socioeconomic indicators. (a) Scatter plot of social support and UGS across countries. (b) Diagram for the moderated mediation model. The boxes denote the model variables.Solid black arrows denote a statistically significant relationship between a pair of variables with the regression coefficient and the p-value (i.e., ***p\u00a10.01). The gray dashed arrow represents a non-significant relationship. Note that the coefficients are calculated with z-scores of the variables to compare the effect size directly.",
            "latex": null,
            "type": "figure"
        },
        "FIGREF4": {
            "text": "Measuring urban green spaces. (a) Measurement methods to compute the size of urban green space in each country. First, we find cities occupying more than 10 percent of the total population in a country. Then, we extract the built-up area of the cities with Copernicus global landcover data. Finally, we calculate vegetation indices (e.g., NDVI) within the area using Sentinel-2 satellite images.(b) Urban green space measured by the UGS (upper row) and the vegetation ratio (lower row) in four world cities.The red areas in the upper row indicate vegetation for the NDVI threshold of 0.4. The lower row images show the adjusted NDVI per capita (i.e., UGS) for every 10m by 10m pixel.",
            "latex": null,
            "type": "figure"
        },
        "FIGREF6": {
            "text": "First, we need to check the autocorrelation of the residuals by using Durbin-Watson statistics. The Durbin-Watson statistics show a value of 1.918, which indicates there are no autocorrelations between the residuals. Second, we check for the normality of the residuals. The distribution and Q-Q plot of the residuals shows that the residuals satisfy the normality condition. Finally, we check for the equality of variance by finding outliers using Cook's distance. The figure shows that every point has a value of less than 1, indicating acceptable values.",
            "latex": null,
            "type": "figure"
        },
        "FIGREF7": {
            "text": "Residual analysis of the regression model. (left) The distribution, (middle) Q-Q plot, and (right) cook's distance of residuals.",
            "latex": null,
            "type": "figure"
        },
        "FIGREF8": {
            "text": "Changes of the Pearson correlation between urban green space and happiness for different sets of GDP rank with increasing window size from top 10 to 60.",
            "latex": null,
            "type": "figure"
        },
        "FIGREF9": {
            "text": "Scatter plot between Green space(UGS) and variables in World Happiness Report. \u03c1 indicates the Pearson correlations.",
            "latex": null,
            "type": "figure"
        },
        "TABREF1": {
            "text": "",
            "latex": null,
            "type": "table"
        },
        "TABREF2": {
            "text": "Table S1. Data used in the study. Countries are ordered by UGS. We aggregate city-level data to cover at least 10% of total population.",
            "latex": null,
            "type": "table"
        },
        "TABREF3": {
            "text": "Regression analysis of happiness with different green space measures, ***",
            "latex": null,
            "type": "table"
        },
        "TABREF5": {
            "text": "Regression analysis of happiness with region variables. *** p\u00a10.01; ** p\u00a10.05; * p\u00a10.1.",
            "latex": null,
            "type": "table"
        },
        "TABREF6": {
            "text": "Const -6.0323 *** -6.0873 *** -6.2005 ***",
            "latex": null,
            "type": "table"
        },
        "TABREF7": {
            "text": "Regression analysis of happiness with (1-3) 5 variables and (4-6) 6 variables in the World Happiness Report. We separated the models with corruption perceptions since few countries are missing data: Oman is excluded from the model (1-3), and Bahrain, Kuwait, Oman, Qatar, Saudi Arabia, and the United Arab Emirates are excluded from the model (4-6). *** p\u00a10.01; ** p\u00a10.05; * p\u00a10.1. Const -6.5695 *** -6.8962 *** -7.2953 ***",
            "latex": null,
            "type": "table"
        },
        "TABREF8": {
            "text": "Fig. S6. Required GDP per capita (yellow) and NDVI per capita (green) to increase average amount of happiness for rank up. Country Green Space [%] NDVI per capita GDP per capita [dollar]",
            "latex": null,
            "type": "table"
        }
    },
    "back_matter": [
        {
            "text": "The authors thank to Farnoosh Hashemi, Ali Behrouz, and Taekho You for useful comments. M.Cha work was supported by the Institute for Basic Science (IBS-R029-C2). ",
            "cite_spans": [],
            "ref_spans": [],
            "section": "Acknowledgements"
        },
        {
            "text": "Oh-Hyun Kwon 1, * , Inho Hong 2, * , Jeasurk Yang 3 ",
            "cite_spans": [
                {
                    "start": 50,
                    "end": 51,
                    "text": "3",
                    "ref_id": null
                }
            ],
            "ref_spans": [],
            "section": "Supplementary Information"
        }
    ]
}