{"paper_id": "001259ae6d9bfa9376894f61aa6b6c5f18be2177", "metadata": {"title": "Microheterogeneity of S-glycoprotein of mouse hepatitis virus temperature-sensitive mutants", "authors": [{"first": "Emilia", "middle": ["L"], "last": "Oleszaka", "suffix": "", "affiliation": {}, "email": ""}, {"first": "Keith", "middle": [], "last": "Knisley", "suffix": "", "affiliation": {"laboratory": "", "institution": "The University of Texas Health Science Center at Houston", "location": {"settlement": "Houston", "region": "TX", "country": "U.S.A"}}, "email": ""}, {"first": "L", "middle": ["Scott"], "last": "Rodkey", "suffix": "", "affiliation": {"laboratory": "", "institution": "The University of Texas Health Science Center at Houston", "location": {"settlement": "Houston", "region": "TX", "country": "U.S.A"}}, "email": ""}, {"first": "Julian", "middle": ["L"], "last": "Leibowitzatb", "suffix": "", "affiliation": {}, "email": ""}, {"first": "Emma", "middle": ["L"], "last": "Oleszak", "suffix": "", "affiliation": {}, "email": ""}]}, "abstract": [{"text": "IEF, isoelectric focusing; NC, nitrocellulose; TBS, Tris-buffered saline pH 8.3; TBS-milk, TBS containing 3% nonfat dry milk and phenyl-methyl sulfonyl fluoride; PBS, phosphate-buffered saline, pH 7.2.", "cite_spans": [], "ref_spans": [], "section": "Abstract"}], "body_text": [{"text": "(Accepted 10 January 1992)", "cite_spans": [], "ref_spans": [], "section": "\"Department of Pathology and Laboratory Medicine and bDepartment of Microbiology, The University of Texas Health Science Center at Houston, Medical School, Houston, TX, U.S.A."}, {"text": "is a neurotropic coronavirus that causes acute fatal encephalomyelitis in 75-99% of infected mice. The surviving animals may subsequently develop demyelinating disease. We compared the S peplomer protein of the wild type (wt) and five temperature-sensitive (ts) mutants of MHV-JHM.", "cite_spans": [], "ref_spans": [], "section": "Mouse hepatitis virus (MHV) strain JHM (MHV-JHM)"}, {"text": "In contrast with the wt, none of these Iive cause fatal disease (mortality less than 10%). Three of these ts mutants did not induce any demyelinating disease, a fourth caused demyelinating disease in 5% of the animals and a fifth, designated ts8, exhibited strong demyelinating properties and caused demyelination in 99% of the animals. SDS-PAGE analysis revealed no differences in the molecular weight of S peplomer protein of wt or ts MHV-JHM mutants. However, isoelectric focusing of the S protein of these five ts mutants and the wt MHV-JHM, followed by transfer to nitrocellulose sheets and immunoblotting with anti-S specific antibody revealed significant differences in the microheterogeneity of the S protein.", "cite_spans": [], "ref_spans": [], "section": "Mouse hepatitis virus (MHV) strain JHM (MHV-JHM)"}, {"text": "Isoelectric focusing (IEF) is a powerful method that has been employed for isolation and characterization of many structural and non-structural viral proteins. Because of its ability to perform high resolution separations, IEF is able to detect single amino acid substitutions.", "cite_spans": [], "ref_spans": [], "section": "Introduction"}, {"text": "It has been used for the classification of viruses and strain identification, physical mapping of mutations, studies of precursor product relationships and of genetic recombination among RNA viruses (Trent, 1977; King and Newman, 1980; Donaldson et al., 1982; King et al., 1982; Dawe and King, 1983) . IEF of intact virions allowed the differentiation of rabbit from human papilloma viruses, polioviruses from echoviruses and smallpox from whitepox (Zerda and Gerba, 1985) . IEF has also been employed in studying the development of charge heterogeneity in individual viral proteins, known as microheterogeneity (Hsu and Kingsbury, 1985; Bosch, 1985) . Microheterogeneity is usually the result of post-translational modification, causing the addition of negatively charged groups, such as sialic acid or sulfate in the oligosaccharide site chains of glycoproteins (Hubbard and Ivatt, 1981) . Phosphorylation may be the cause of charge heterogeneity of non-glycosylated viral proteins. Combining of IEF in polyacrylamide gels with identification of the separated proteins using antibodies (Catsimpoolas, 1969) , further enhanced the usefulness of IEF for the characterization of proteins. In addition, IEF has been used to separate antibody clonotypes which were subsequently either immobilized in the isoelectric focusing gels or transferred to nitrocellulose (NC) membranes and detected by reacting them with the appropriate antigens or haptens (Askonas et al., 1970; Keck et al., 1973; Nye and Roitt, 1980; Vandvik et al., 1982; Friedenson and Soong, 1984) . Knisley and Rodkey (1986) developed a method, designated affinity immunoblotting, for analyzing clonotypic changes of specific antibody produced during the immune response to a particular antigen, by reacting IEF separated antibody molecules with antigen-coated NC membranes. The specific antibody molecules were bound to the antigen on the NC membranes and were detected using peroxidaseconjugated anti-IgG.", "cite_spans": [{"start": 199, "end": 212, "text": "(Trent, 1977;", "ref_id": "BIBREF34"}, {"start": 213, "end": 235, "text": "King and Newman, 1980;", "ref_id": "BIBREF17"}, {"start": 236, "end": 259, "text": "Donaldson et al., 1982;", "ref_id": "BIBREF8"}, {"start": 260, "end": 278, "text": "King et al., 1982;", "ref_id": "BIBREF18"}, {"start": 279, "end": 299, "text": "Dawe and King, 1983)", "ref_id": "BIBREF7"}, {"start": 449, "end": 472, "text": "(Zerda and Gerba, 1985)", "ref_id": "BIBREF40"}, {"start": 612, "end": 637, "text": "(Hsu and Kingsbury, 1985;", "ref_id": "BIBREF14"}, {"start": 638, "end": 650, "text": "Bosch, 1985)", "ref_id": "BIBREF4"}, {"start": 864, "end": 889, "text": "(Hubbard and Ivatt, 1981)", "ref_id": "BIBREF15"}, {"start": 1088, "end": 1108, "text": "(Catsimpoolas, 1969)", "ref_id": "BIBREF5"}, {"start": 1446, "end": 1468, "text": "(Askonas et al., 1970;", "ref_id": "BIBREF0"}, {"start": 1469, "end": 1487, "text": "Keck et al., 1973;", "ref_id": "BIBREF16"}, {"start": 1488, "end": 1508, "text": "Nye and Roitt, 1980;", "ref_id": "BIBREF23"}, {"start": 1509, "end": 1530, "text": "Vandvik et al., 1982;", "ref_id": "BIBREF35"}, {"start": 1531, "end": 1558, "text": "Friedenson and Soong, 1984)", "ref_id": "BIBREF9"}], "ref_spans": [], "section": "Introduction"}, {"text": "The use of isoelectric focusing followed by western blotting is reported for comparison of the S peplomer protein of wild type (wt) and temperature sensitive (ts) mutants of the mouse hepatitis virus (MHV) strain JHM (MHV-JHM).", "cite_spans": [], "ref_spans": [], "section": "Introduction"}, {"text": "Cells and Viruses The origin and growth of the L2 cell line has been previously described (Rothels et al., 1959) . Cells were propagated in Dulbecco's Modified Eagle Medium (DMEM, Gibco Laboratories, Grand Island, New York) supplemented with 10% fetal bovine serum (FBS) and a 100 units/ml of penicillin G and 100 micrograms/ml of streptomycin. wt MHV-JHM employed in these studies has been described previously (Oleszak and Leibowitz, 1990a) . Five independent RNA + ts mutants of MHV-JHM, namely ts104, tsl10, tsl15 Bond et al., 1979) , ts8 and ts15 (Haspel et al., 1978) , have been employed in this study and their characteristics are summarized in Table  1 . Propagation of the ts104, tsll0 and tsl15 mutants and of wt MHV-JHM was carried out as described Bond et al., 1979) .", "cite_spans": [{"start": 90, "end": 112, "text": "(Rothels et al., 1959)", "ref_id": "BIBREF28"}, {"start": 412, "end": 442, "text": "(Oleszak and Leibowitz, 1990a)", "ref_id": "BIBREF24"}, {"start": 518, "end": 536, "text": "Bond et al., 1979)", "ref_id": "BIBREF2"}, {"start": 552, "end": 573, "text": "(Haspel et al., 1978)", "ref_id": "BIBREF11"}, {"start": 761, "end": 779, "text": "Bond et al., 1979)", "ref_id": "BIBREF2"}], "ref_spans": [{"start": 653, "end": 661, "text": "Table  1", "ref_id": "TABREF0"}], "section": "Materials and Methods"}, {"text": "The 1.38.1 monoclonal antibody (mab) specific for the Sglycoprotein of MHV and the 1.16.1 mab specific for the N-glycoprotein of MHV have been described elsewhere (Leibowitz et al., 1987; Oleszak and Leibowitz, 1990a) . A hyperimmune goat serum specific for the S-glycoprotein of MHV was a generous gift from Dr. K. Holmes (Uniformed  Services  University for Health Sciences, Bethesda, Maryland) and it has been characterized previously (Oleszak and Leibowitz, 1990a) . The 52.7 mab specific for the M protein of MHV was kindly provided by Dr. Fleming (Univ. of Wisconsin, Madison, WI). Affinity purified goat anti-mouse IgG, heavy and light chain-specific, was purchased from Jackson ImmunoResearch Laboratories (West Grove, PA).", "cite_spans": [{"start": 163, "end": 187, "text": "(Leibowitz et al., 1987;", "ref_id": "BIBREF21"}, {"start": 188, "end": 217, "text": "Oleszak and Leibowitz, 1990a)", "ref_id": "BIBREF24"}, {"start": 438, "end": 468, "text": "(Oleszak and Leibowitz, 1990a)", "ref_id": "BIBREF24"}], "ref_spans": [{"start": 323, "end": 355, "text": "(Uniformed  Services  University", "ref_id": null}], "section": "Antibodies"}, {"text": "Monolayers of L2 cells were mock infected, or infected with either wt or ts mutants of MHV-JHM at multiplicity of infection of 0.1. For the immunoprecipitation SDS-PAGE experiments described below cells were labeled 12 h after infection with 300 microCuries/ml of 35S in methionine-free DMEM. In contrast, non-labeled lysates were used in the IEF experiments. Cells were lysed 11 h later (ts mutants) or 3 h later (wt MHV-JHM) in lysing buffer comprised of 10 mM Tris-HCl, pH 7.4, 10 mM NaCl, 1.5 mM MgCl*, 0.5% NP-40 and 0.2 trypsin-inhibiting units/ml of aprotinin (all purchased from Sigma), as previously described Leibowitz, 1990a, 1990b) .", "cite_spans": [{"start": 619, "end": 643, "text": "Leibowitz, 1990a, 1990b)", "ref_id": null}], "ref_spans": [], "section": "Preparation of cell lysates"}, {"text": "Aliquots of 50 microliters of cell lysates were immunoprecipitated with appropriate antibodies using Staphylococcus aureus Cowan strain cells (Calbiochem, San Diego, California) as described elsewhere (Oleszak and Leibowitz, 1990a; Oleszak et al., 1992) . Immunoprecipitates were heated at 70\u00b0C for 5 min in SDS-PAGE sample buffer and analyzed on 10% SDS-PAGE as previously described (Oleszak and Leibowitz, 1990a; Oleszak et al., 1992) .", "cite_spans": [{"start": 201, "end": 231, "text": "(Oleszak and Leibowitz, 1990a;", "ref_id": "BIBREF24"}, {"start": 232, "end": 253, "text": "Oleszak et al., 1992)", "ref_id": "BIBREF26"}, {"start": 384, "end": 414, "text": "(Oleszak and Leibowitz, 1990a;", "ref_id": "BIBREF24"}, {"start": 415, "end": 436, "text": "Oleszak et al., 1992)", "ref_id": "BIBREF26"}], "ref_spans": [], "section": "Immunoprecipitation and SDS-PAGE"}, {"text": "IEF was performed in an LKB Multiphor apparatus (LKB, Piscataway, NJ) thermostatted at 8\u00b0C. Polyacrylamide gels (25 x 12 x 0.2 cm) consisted of 5.3% T, 3% C, 3% ampholyte, 8 M urea, and 0.1% NP-40. Ampholytes were synthesized by the method of Binion and Rodkey (1981) from pentaethylene hexamine and acrylic acid. Electrode wicks were saturated with 1 M NaOH (cathode) and 1 M H3P04 (anode). 75 microliters of lysate (non-labeled) prepared as described above, was applied to the gel surface using pieces of Whatman no. 1 filter paper. The IEF protocol began with an initial setting of 100 V (constant voltage) for 30 min, 200 V (constant voltage) for an additional 30 min, then 20 W (constant power) for 30 min, and 30 W (constant power) for an additional 2 h. The pH gradient was measured immediately after focusing using a flat surface pH electrode. The recorded pH values were adjusted according to Gelsema et al. (1979) by subtracting 0.5 from each value to compensate for the effect of 8 M urea on the apparent pl.", "cite_spans": [{"start": 243, "end": 267, "text": "Binion and Rodkey (1981)", "ref_id": "BIBREF1"}, {"start": 902, "end": 923, "text": "Gelsema et al. (1979)", "ref_id": "BIBREF10"}], "ref_spans": [], "section": "Isoelectric focusing"}, {"text": "Nitrocellulose blotting NC sheets (0.45 pm, Schleicher and Schuell) were hydrated in distilled water and subsequently equilibrated in distilled water containing 8 M urea prior to blotting. Following the IEF run, the NC sheet was removed from the urea solution and blotted on filter paper to remove excess fluid. The NC sheet was carefully placed over the focused lanes of lysate and incubated at room temperature for 20 min to allow focused proteins to bind to the NC sheet. After incubation, the NC-antigen sheet was rinsed 3 times with PBS, rocked for 30 min and again rinsed 3 times with phosphate buffered saline, pH 7.2 (PBS). The NC-antigen sheet was blocked overnight at 4\u00b0C in Tris-buffered saline, pH 8.3, containing 3% non-fat dry milk and 1 mM phenyl methyl sulfonyl fluoride (TBS-milk). After 18 h this solution was replaced with TBS-milk containing 1:33 diluted goat anti-S serum (described above) and again rocked overnight at 4\u00b0C. The blot was rinsed four times in TBS-0.05% Tween 20, rocked for 40 min with several changes of TBS-0.05% Tween 20. Bound antibodies were detected by incubating the sheets with horseradish peroxidase-conjugated rabbit anti-goat IgG (Jackson ImmunoResearch Laboratories) diluted 1:500 in TBS-milk for 1 h at 4\u00b0C. The blot was rinsed four times with PBS-0.05% Tween 20, rocked for 40 min with several changes of PBS-Tween and finally rinsed with PBS. Bound antibodies were visualized by immersing the blot in substrate solution (0.6 mg/ml diaminobenzidine, 0.03% hydrogen peroxide in PBS) for 5 min at room temperature. After band development, sheets were rinsed thoroughly with water and air dried.", "cite_spans": [], "ref_spans": [], "section": "Isoelectric focusing"}, {"text": "The characteristics of the MHV-JHM ts mutants used in this study are presented in Table 1 . wt MHV-JHM is highly neurotropic and induces mainly acute fatal encephalomyelitis.", "cite_spans": [], "ref_spans": [{"start": 82, "end": 89, "text": "Table 1", "ref_id": "TABREF0"}], "section": "Results and Discussion"}, {"text": "Surviving animals (l-25% of those infected) develop demyelinating disease (Weiner, 1973; Lampert et al., 1973) . In contrast, the live ts mutants are severely attenuated in their neurovirulance.", "cite_spans": [{"start": 74, "end": 88, "text": "(Weiner, 1973;", "ref_id": "BIBREF37"}, {"start": 89, "end": 110, "text": "Lampert et al., 1973)", "ref_id": "BIBREF19"}], "ref_spans": [], "section": "Results and Discussion"}, {"text": "The ts 104, ts 110 and ts 115 MHV-JHM mutants did not induce any brain disease, even after inoculation of up to 10,000 plaque forming units (PFU). The ts15 mutant induced demyelination in only about 5% of infected mice. In contrast, ts8 induced demyelination in the spinal cord in 99% of the mice infected with 500 PFU, and in over 50% of the mice infected with 50 PFU. Therefore, the ts8 Robb et al., 1979 . g Haspel et al., 1978 mutant has been extensively used as an excellent model to study demyelination.", "cite_spans": [{"start": 389, "end": 406, "text": "Robb et al., 1979", "ref_id": "BIBREF27"}, {"start": 407, "end": 430, "text": ". g Haspel et al., 1978", "ref_id": null}], "ref_spans": [], "section": "Results and Discussion"}, {"text": "The primary aim of these studies was to determine whether there are any differences in the viral structural proteins expressed by cells infected with wt or ts MHV-JHM mutants. The virions of MHV-JHM contains 3 structural polypeptides:", "cite_spans": [], "ref_spans": [], "section": "Results and Discussion"}, {"text": "the phosphorylated nucleocapsid N, the transmembrane M protein and the S peplomer glycoprotein (Siddell et al., 1981; Sturman and Holmes, 1983; Bond et al., 1984) . Immunoprecipitation, using specific i kl Fig. 1 . See page 108 for legend.", "cite_spans": [{"start": 95, "end": 117, "text": "(Siddell et al., 1981;", "ref_id": "BIBREF29"}, {"start": 118, "end": 143, "text": "Sturman and Holmes, 1983;", "ref_id": "BIBREF31"}, {"start": 144, "end": 162, "text": "Bond et al., 1984)", "ref_id": "BIBREF3"}], "ref_spans": [{"start": 206, "end": 212, "text": "Fig. 1", "ref_id": "FIGREF0"}], "section": "Results and Discussion"}, {"text": "antibodies against S, M and N polypeptides, of 35S-labeled lysates of L2 cells infected with either wt or ts MHV-JHM mutants, followed by SDS-PAGE analysis, revealed that all three viral proteins exhibited the same molecular masses (Fig. 1) . In particular the S peplomer protein from cells infected with either wt or any of the five ts MHV-JHM mutants exhibited a molecular mass of 180 kDa. The M matrix protein had a molecular mass of 25 kDa and the N nucleocapsid protein of 60 kDa (Fig. 1) . The remainder of our studies were concentrated on the S peplomer protein since it mediates many of the important biological functions of the virus. The S peplomer proteins expressed by L2 cells infected with either wt or any one of the 5 ts MHV-JHM mutants were compared using isoelectric focusing followed by immunoblotting. (lanes d,gj) . Lane a is from the autoradiogram exposed seven days longer than the autoradiogram (from the same experiment) shown in lane b.", "cite_spans": [], "ref_spans": [{"start": 232, "end": 240, "text": "(Fig. 1)", "ref_id": "FIGREF0"}, {"start": 485, "end": 493, "text": "(Fig. 1)", "ref_id": "FIGREF0"}, {"start": 822, "end": 834, "text": "(lanes d,gj)", "ref_id": null}], "section": "Results and Discussion"}, {"text": "Different aliquots of L2 cells infected with either wt or any one of the 5 ts MHV-JHM mutants were subjected to isoelectric focusing as described in Materials and Methods. The focused MHV viral proteins were then transferred to NC sheets and the S peplomer proteins were identified using specific goat anti-S antibody.", "cite_spans": [], "ref_spans": [], "section": "Results and Discussion"}, {"text": "Bound anti-S antibodies were detected using horseradish peroxidase-conjugated rabbit anti-goat IgG and diaminobenzidine as substrate (Fig. 2) . wt MHV-JHM S peplomer protein displayed microheterogeneity on isoelectric focusing and exhibited eight bands, in the range of pl between 6 to 7.45. The S peplomer protein of the ts mutants was also resolved into several bands (six or seven) with pl in the range of 6 to 7.45. Comparison of the staining pattern of wt MHV S peplomer protein with each one of the 5 ts MHV-JHM mutants revealed significant differences. Furthermore, there were significant differences in the staining pattern of the S proteins between all five ts MHV-JHM mutants. Control experiments where the NC sheets were reacted with normal goat serum instead of specific goat anti-S antibody revealed no visible bands (data not shown).", "cite_spans": [], "ref_spans": [{"start": 133, "end": 141, "text": "(Fig. 2)", "ref_id": null}], "section": "Results and Discussion"}, {"text": "Immunoprecipitation of the S peplomer protein, using goat-anti S specific antibody, from lysates of L2 cells infected with the 5 ts MHV-JHM mutants, followed by SDS-PAGE, revealed that they exhibited identical apparent molecular weight (Fig. 1) . In contrast, Taguchi and Flemming (1989) infected with MHV-JHM or from cultures of astrocytes persistently infected with MHV-JHM exhibited significant differences in the size of S peplomer protein in comparison to that of the parent virus (Taguchi et al., 1985; Morris et al., 1989) .", "cite_spans": [{"start": 260, "end": 287, "text": "Taguchi and Flemming (1989)", "ref_id": null}, {"start": 486, "end": 508, "text": "(Taguchi et al., 1985;", "ref_id": "BIBREF33"}, {"start": 509, "end": 529, "text": "Morris et al., 1989)", "ref_id": "BIBREF22"}], "ref_spans": [{"start": 236, "end": 244, "text": "(Fig. 1)", "ref_id": "FIGREF0"}], "section": "Results and Discussion"}, {"text": "The S peplomer protein of MHV is involved in cell to cell fusion, induction of neutralizing antibodies, attachment to the MHV cellular receptor and is a target of cell-mediated immune responses (Collins et al., 1982; Holmes et al., 1981; Wege et al., 1988; Wysocka et al., 1989; Williams et al., 1990) . It is an important determinant of cell and organ tropism of MHV and may have a key role in the evolution of persistent infections. Recently, we have demonstrated a molecular mimicry between S peplomer protein and Fc receptor Leibowitz 1990a, 1990b; Oleszak at al., 1992) . The S peplomer protein plays a major role in establishing persistent infection.", "cite_spans": [{"start": 194, "end": 216, "text": "(Collins et al., 1982;", "ref_id": "BIBREF6"}, {"start": 217, "end": 237, "text": "Holmes et al., 1981;", "ref_id": "BIBREF13"}, {"start": 238, "end": 256, "text": "Wege et al., 1988;", "ref_id": "BIBREF36"}, {"start": 257, "end": 278, "text": "Wysocka et al., 1989;", "ref_id": "BIBREF39"}, {"start": 279, "end": 301, "text": "Williams et al., 1990)", "ref_id": "BIBREF38"}, {"start": 529, "end": 552, "text": "Leibowitz 1990a, 1990b;", "ref_id": null}, {"start": 553, "end": 574, "text": "Oleszak at al., 1992)", "ref_id": "BIBREF26"}], "ref_spans": [], "section": "Results and Discussion"}, {"text": "Major differences were found in the microheterogeneity of the S peplomer proteins between the wt and all five of the ts MHV-JHM mutants. This finding is not unexpected since the S peplomer protein has 21 glycosylation sites (Schmidt et al., 1987) . The S peplomer protein like many other N-linked glycoproteins contains both mannose and fucose, but no N-acetylgalactosamine (Holmes et al., 1981) . It is synthesized on membrane-bound ribosomes as N-glycosylated polypeptide with molecular weight of 150,000. During transport through Golgi, glycosylation take place resulting in a 180,000 mol wt. S glycoprotein (Holmes et al., 1981; Siddell et al., 1981) . The fact that the S peplomer protein of the ts mutants and the wt MHV-JHM have identical molecular weights suggest that the microheterogeneity that we observed is due to differences in glycosylation.", "cite_spans": [{"start": 224, "end": 246, "text": "(Schmidt et al., 1987)", "ref_id": "BIBREF30"}, {"start": 374, "end": 395, "text": "(Holmes et al., 1981)", "ref_id": "BIBREF13"}, {"start": 611, "end": 632, "text": "(Holmes et al., 1981;", "ref_id": "BIBREF13"}, {"start": 633, "end": 654, "text": "Siddell et al., 1981)", "ref_id": "BIBREF29"}], "ref_spans": [], "section": "Results and Discussion"}, {"text": "It remains to be established whether these differences in glycosylation of the S peplomer protein plays a role in the different neuropathogenic properties of the wt and the ts MHV-JHM mutants. It is not clear at present if changes in amino acid sequence or conformation might be responsible for these changes in glycosylation.", "cite_spans": [], "ref_spans": [], "section": "Results and Discussion"}], "bib_entries": {"BIBREF0": {"ref_id": "b0", "title": "Selection of a single antibody-forming cell clone and its propagation in syngeneic mice", "authors": [{"first": "B", "middle": ["A"], "last": "Askonas", "suffix": ""}, {"first": "A", "middle": ["R"], "last": "Williamson", "suffix": ""}, {"first": "B", "middle": ["E"], "last": "Wright", "suffix": ""}], "year": 1970, "venue": "Proc. Natl. Acad. Sci. USA", "volume": "67", "issn": "", "pages": "1398--1403", "other_ids": {}}, "BIBREF1": {"ref_id": "b1", "title": "Simplified method for synthesizing ampholytes suitable for use in isoelectric focusing of immunoglobulins in agarose gels", "authors": [{"first": "S", "middle": [], "last": "Binion", "suffix": ""}, {"first": "L", "middle": ["S"], "last": "Rodkey", "suffix": ""}], "year": 1981, "venue": "Anal. Biochem", "volume": "112", "issn": "", "pages": "363--366", "other_ids": {}}, "BIBREF2": {"ref_id": "b2", "title": "Pathogenic murine coronaviruses. II. Characterization of virus-specific proteins of murine coronaviruses JHMV and A59V", "authors": [{"first": "C", "middle": ["W"], "last": "Bond", "suffix": ""}, {"first": "J", "middle": ["L"], "last": "Leibowitz", "suffix": ""}, {"first": "J", "middle": ["A"], "last": "Robb", "suffix": ""}], "year": 1979, "venue": "Virology", "volume": "94", "issn": "", "pages": "371--384", "other_ids": {}}, "BIBREF3": {"ref_id": "b3", "title": "Protein synthesis in cells infected by murine Ill hepatitis viruses JHM and A59. Tryptic peptide analysis", "authors": [{"first": "C", "middle": ["W"], "last": "Bond", "suffix": ""}, {"first": "K", "middle": [], "last": "Anderson", "suffix": ""}, {"first": "J", "middle": ["L"], "last": "Leibowitz", "suffix": ""}], "year": 1984, "venue": "Arch. Virol", "volume": "80", "issn": "", "pages": "333--339", "other_ids": {}}, "BIBREF4": {"ref_id": "b4", "title": "Studies on the development of the charge heterogeneity of the influenza virus glycoproteins", "authors": [{"first": "F", "middle": ["X"], "last": "Bosch", "suffix": ""}], "year": 1985, "venue": "Arch. Virol", "volume": "83", "issn": "", "pages": "31--317", "other_ids": {}}, "BIBREF5": {"ref_id": "b5", "title": "Disc immunoelectrofocusing: application to rabbit serum proteins", "authors": [{"first": "N", "middle": [], "last": "Catsimpoolas", "suffix": ""}], "year": 1969, "venue": "Immunochemistry", "volume": "6", "issn": "", "pages": "501--503", "other_ids": {}}, "BIBREF6": {"ref_id": "b6", "title": "Monoclonal antibodies to murine hepatitis virus 4 (strain JHM) define the viral glycoprotein responsible for attachment and cell-cell fusion", "authors": [{"first": "A", "middle": ["R"], "last": "Collins", "suffix": ""}, {"first": "R", "middle": ["L"], "last": "Knobler", "suffix": ""}, {"first": "H", "middle": [], "last": "Powell", "suffix": ""}, {"first": "M", "middle": ["J"], "last": "Buchmeier", "suffix": ""}], "year": 1982, "venue": "Virology", "volume": "119", "issn": "", "pages": "", "other_ids": {}}, "BIBREF7": {"ref_id": "b7", "title": "Point mutations in polypeptide VP1 of foot-and-mouth disease virus affect mouse virulence and BHK 21 cells pathogenesis", "authors": [{"first": "P", "middle": [], "last": "Dawe", "suffix": ""}, {"first": "A", "middle": [], "last": "King", "suffix": ""}], "year": 1983, "venue": "Arch. Virol", "volume": "76", "issn": "", "pages": "117--126", "other_ids": {}}, "BIBREF8": {"ref_id": "b8", "title": "Use of prediction models to forecast and analyse airborne spread during the foot-and-mouth disease outbreaks in Brittany, Jersey and the Isle of Wight in 1981", "authors": [{"first": "A", "middle": ["I"], "last": "Donaldson", "suffix": ""}, {"first": "J", "middle": [], "last": "Glosten", "suffix": ""}, {"first": "L", "middle": [], "last": "Harvey", "suffix": ""}, {"first": "D", "middle": [], "last": "Deans", "suffix": ""}], "year": 1982, "venue": "Vet. Rec", "volume": "110", "issn": "", "pages": "53--57", "other_ids": {}}, "BIBREF9": {"ref_id": "b9", "title": "A simple general method of exactly comparing different binding activities and antigenic properties of antibodies by obtaining duplicate copies of a single isoelectric focusing gel", "authors": [{"first": "B", "middle": [], "last": "Friedenson", "suffix": ""}, {"first": "C", "middle": ["J"], "last": "Soong", "suffix": ""}], "year": 1984, "venue": "J. Immunol. Meth", "volume": "67", "issn": "", "pages": "235--242", "other_ids": {}}, "BIBREF10": {"ref_id": "b10", "title": "Isoelectric points of proteins, determined by isoelectric focusing in the presence of urea and ethanol", "authors": [{"first": "W", "middle": ["J"], "last": "Gelsema", "suffix": ""}, {"first": "C", "middle": ["L"], "last": "De Ligny", "suffix": ""}, {"first": "N", "middle": ["G"], "last": "Van Der Veen", "suffix": ""}], "year": 1979, "venue": "J. Chromatogr", "volume": "171", "issn": "", "pages": "7--181", "other_ids": {}}, "BIBREF11": {"ref_id": "b11", "title": "Temperature-sensitive mutants of mouse hepatitis virus produce a high incidence of demyelination", "authors": [{"first": "M", "middle": ["V"], "last": "Haspel", "suffix": ""}, {"first": "P", "middle": ["W"], "last": "Lampert", "suffix": ""}, {"first": "M", "middle": ["B A"], "last": "Oldstone", "suffix": ""}], "year": 1978, "venue": "Proc. Nat", "volume": "", "issn": "", "pages": "", "other_ids": {}}, "BIBREF13": {"ref_id": "b13", "title": "Tunicamycin resistant glycosylation of coronavirus glycoprotein: demonstration of a novel type of glycoprotein", "authors": [{"first": "K", "middle": ["V"], "last": "Holmes", "suffix": ""}, {"first": "E", "middle": ["W"], "last": "Doller", "suffix": ""}, {"first": "L", "middle": ["S"], "last": "Sturman", "suffix": ""}], "year": 1981, "venue": "Virology", "volume": "115", "issn": "", "pages": "", "other_ids": {}}, "BIBREF14": {"ref_id": "b14", "title": "Contribution of oligosaccharide sulfation to the charge heterogeneity of a viral glycoprotein", "authors": [{"first": "C.-H", "middle": [], "last": "Hsu", "suffix": ""}, {"first": "D", "middle": ["W"], "last": "Kingsbury", "suffix": ""}], "year": 1985, "venue": "J. Biol. Chem", "volume": "257", "issn": "", "pages": "9035--9038", "other_ids": {}}, "BIBREF15": {"ref_id": "b15", "title": "Synthesis and processing of asparagine-linked oligosaccharides", "authors": [{"first": "S", "middle": ["C"], "last": "Hubbard", "suffix": ""}, {"first": "R", "middle": [], "last": "Ivatt", "suffix": ""}], "year": 1981, "venue": "Ann. Rev. Biochem", "volume": "50", "issn": "", "pages": "555--583", "other_ids": {}}, "BIBREF16": {"ref_id": "b16", "title": "Specific characterization of isoelectro-focused immunoglobulins in polyacrylamide gel by reaction with '251-labeled protein antigens or antibodies", "authors": [{"first": "K", "middle": [], "last": "Keck", "suffix": ""}, {"first": "A", "middle": ["L"], "last": "Grossberg", "suffix": ""}, {"first": "D", "middle": [], "last": "Pressman", "suffix": ""}], "year": 1973, "venue": "Eur. J. Immunol", "volume": "3", "issn": "", "pages": "99--105", "other_ids": {}}, "BIBREF17": {"ref_id": "b17", "title": "Temperature sensitive mutants of foot-and-mouth disease virus with altered structural polypeptides", "authors": [{"first": "A", "middle": ["M"], "last": "King", "suffix": ""}, {"first": "J", "middle": ["W"], "last": "Newman", "suffix": ""}], "year": 1980, "venue": "J. Viral", "volume": "34", "issn": "", "pages": "59--66", "other_ids": {}}, "BIBREF18": {"ref_id": "b18", "title": "Affinity immunoblotting. High resolution isoelectric focusing analysis of antibody clonotype distribution", "authors": [{"first": "A", "middle": ["M"], "last": "King", "suffix": ""}, {"first": "D", "middle": [], "last": "Mccahon", "suffix": ""}, {"first": "W", "middle": [], "last": "Slade", "suffix": ""}, {"first": "J", "middle": ["W"], "last": "Newman", "suffix": ""}], "year": 1982, "venue": "J. Immunol. Meth", "volume": "41", "issn": "", "pages": "79--87", "other_ids": {}}, "BIBREF19": {"ref_id": "b19", "title": "Mechanism of demyelination in JHM virus encephalomyelitis. Electron microscope studies", "authors": [{"first": "P", "middle": ["W"], "last": "Lampert", "suffix": ""}, {"first": "J", "middle": [], "last": "Sims", "suffix": ""}, {"first": "A", "middle": [], "last": "Kniazeff", "suffix": ""}], "year": 1973, "venue": "Acta Neurol. Pathol", "volume": "24", "issn": "", "pages": "", "other_ids": {}}, "BIBREF20": {"ref_id": "b20", "title": "Genetic analysis of murine hepatitis virus strain JHM", "authors": [{"first": "J", "middle": ["L"], "last": "Leibowitz", "suffix": ""}, {"first": "J", "middle": ["R"], "last": "De Vries", "suffix": ""}, {"first": "M", "middle": ["V"], "last": "Haspel", "suffix": ""}], "year": 1982, "venue": "J. Virol", "volume": "42", "issn": "", "pages": "1080--1087", "other_ids": {}}, "BIBREF21": {"ref_id": "b21", "title": "Increased hepatotropism of mutants of MHV, strain JHM, selected with monoclonal antibodies", "authors": [{"first": "J", "middle": ["L"], "last": "Leibowitz", "suffix": ""}, {"first": "J", "middle": ["R"], "last": "De Vries", "suffix": ""}, {"first": "M", "middle": [], "last": "Rodriquez", "suffix": ""}], "year": 1987, "venue": "Coronaviruses, Plenum", "volume": "", "issn": "", "pages": "321--331", "other_ids": {}}, "BIBREF22": {"ref_id": "b22", "title": "Characterization of coronavirus JHM variants isolated from Wistar Furth rats with a viral induced demyelinating disease", "authors": [{"first": "V", "middle": ["L"], "last": "Morris", "suffix": ""}, {"first": "C", "middle": [], "last": "Tieszer", "suffix": ""}, {"first": "J", "middle": [], "last": "Mackinnon", "suffix": ""}, {"first": "D", "middle": [], "last": "Percy", "suffix": ""}], "year": 1989, "venue": "Virology", "volume": "169", "issn": "", "pages": "127--136", "other_ids": {}}, "BIBREF23": {"ref_id": "b23", "title": "Isoelectric focusing of human antibodies directed against a high molecular weight antigen", "authors": [{"first": "L", "middle": [], "last": "Nye", "suffix": ""}, {"first": "I", "middle": ["M"], "last": "Roitt", "suffix": ""}], "year": 1980, "venue": "J. Immunol. Meth", "volume": "35", "issn": "", "pages": "97--103", "other_ids": {}}, "BIBREF24": {"ref_id": "b24", "title": "Immunoglobulin Fc binding activity is associated with the mouse hepatitis virus peplomer protein", "authors": [{"first": "E", "middle": [], "last": "Oleszak", "suffix": ""}, {"first": "J", "middle": ["L"], "last": "Leibowitz", "suffix": ""}], "year": 1990, "venue": "Virology", "volume": "176", "issn": "", "pages": "7--80", "other_ids": {}}, "BIBREF25": {"ref_id": "b25", "title": "Fc receptor-like activity of mouse hepatitis virus glycoprotein", "authors": [{"first": "E", "middle": [], "last": "Oleszak", "suffix": ""}, {"first": "J", "middle": ["L"], "last": "Leibowitz", "suffix": ""}], "year": 1990, "venue": "Adv. Exp. Biol. Med", "volume": "276", "issn": "", "pages": "51--58", "other_ids": {}}, "BIBREF26": {"ref_id": "b26", "title": "MHV S peplomer protein expressed by a recombinant vaccinia virus vector exhibits IgG Fc-like binding activity", "authors": [{"first": "E", "middle": [], "last": "Oleszak", "suffix": ""}, {"first": "S", "middle": [], "last": "Perlman", "suffix": ""}, {"first": "J", "middle": ["L"], "last": "Leibowitz", "suffix": ""}], "year": 1992, "venue": "Virology", "volume": "", "issn": "", "pages": "", "other_ids": {}}, "BIBREF27": {"ref_id": "b27", "title": "Pathogenic murine coronaviruses. III. Biological and biochemical characterization of temperature-sensitive mutants of JHMV", "authors": [{"first": "J", "middle": ["A"], "last": "Robb", "suffix": ""}, {"first": "C", "middle": ["W"], "last": "Bond", "suffix": ""}, {"first": "J", "middle": ["L"], "last": "Leibowitz", "suffix": ""}], "year": 1979, "venue": "Virology", "volume": "94", "issn": "", "pages": "", "other_ids": {}}, "BIBREF28": {"ref_id": "b28", "title": "The origin of altered cell lines from mouse, monkey, and man as indicated by chromosome and transplantation studies", "authors": [{"first": "K", "middle": ["H"], "last": "Rothels", "suffix": ""}, {"first": "A", "middle": [], "last": "Axelrad", "suffix": ""}, {"first": "L", "middle": [], "last": "Siminovitch", "suffix": ""}, {"first": "F", "middle": ["A"], "last": "Mcculloch", "suffix": ""}, {"first": "R", "middle": [], "last": "Parker", "suffix": ""}], "year": 1959, "venue": "Can. Cancer Conf", "volume": "3", "issn": "", "pages": "", "other_ids": {}}, "BIBREF29": {"ref_id": "b29", "title": "Coronavirus JHM: intracellular protein synthesis", "authors": [{"first": "S", "middle": [], "last": "Siddell", "suffix": ""}, {"first": "H", "middle": [], "last": "Wege", "suffix": ""}, {"first": "A", "middle": [], "last": "Barthel", "suffix": ""}, {"first": "V", "middle": [], "last": "Ter Meulen", "suffix": ""}], "year": 1981, "venue": "J. Gen. Virol", "volume": "53", "issn": "", "pages": "", "other_ids": {}}, "BIBREF30": {"ref_id": "b30", "title": "Nucleotide sequence of the gene encoding the surface projection glycoprotein of coronavirus MHV-JHM", "authors": [{"first": "I", "middle": [], "last": "Schmidt", "suffix": ""}, {"first": "M", "middle": [], "last": "Skinner", "suffix": ""}, {"first": "S", "middle": [], "last": "Siddel", "suffix": ""}], "year": 1987, "venue": "J. Gen. Virol", "volume": "68", "issn": "", "pages": "47--56", "other_ids": {}}, "BIBREF31": {"ref_id": "b31", "title": "The molecular biology of corona-viruses", "authors": [{"first": "L", "middle": ["S"], "last": "Sturman", "suffix": ""}, {"first": "K", "middle": ["V"], "last": "Holmes", "suffix": ""}], "year": 1983, "venue": "Adv. Virus Res", "volume": "28", "issn": "", "pages": "", "other_ids": {}}, "BIBREF32": {"ref_id": "b32", "title": "Comparison of six different murine coronavirus JHM variants by monoclonal antibodies against the E2 glycoprotein", "authors": [{"first": "F", "middle": [], "last": "Taguchi", "suffix": ""}, {"first": "J", "middle": [], "last": "Fleming", "suffix": ""}], "year": 1989, "venue": "Virology", "volume": "169", "issn": "", "pages": "233--235", "other_ids": {}}, "BIBREF33": {"ref_id": "b33", "title": "Characterization of a variant virus selected in rat brains after infection by a coronavirus mouse hepatitis virus JHM", "authors": [{"first": "F", "middle": [], "last": "Taguchi", "suffix": ""}, {"first": "S", "middle": ["G"], "last": "Siddell", "suffix": ""}, {"first": "H", "middle": [], "last": "Wege", "suffix": ""}, {"first": "V", "middle": [], "last": "Ter Meulen", "suffix": ""}], "year": 1985, "venue": "J. Virol", "volume": "54", "issn": "", "pages": "", "other_ids": {}}, "BIBREF34": {"ref_id": "b34", "title": "Antigenic characterization of flavivirus structural proteins separated by isoelectric focusing", "authors": [{"first": "D", "middle": ["W"], "last": "Trent", "suffix": ""}], "year": 1977, "venue": "J. Virol", "volume": "22", "issn": "", "pages": "608--618", "other_ids": {}}, "BIBREF35": {"ref_id": "b35", "title": "Herpes simplex virus encephalitis: intrathecal synthesis of ohgoclonal virus specific IgG, IgA and IgM antibodies", "authors": [{"first": "B", "middle": [], "last": "Vandvik", "suffix": ""}, {"first": "F", "middle": [], "last": "Vartdal", "suffix": ""}, {"first": "E", "middle": [], "last": "Norrby", "suffix": ""}], "year": 1982, "venue": "J. Neural", "volume": "228", "issn": "", "pages": "25--38", "other_ids": {}}, "BIBREF36": {"ref_id": "b36", "title": "The peplomer protein E2 coronavirus JHM as a determinant of neurovirulence: definition of critical epitopes by variant analysis", "authors": [{"first": "H", "middle": [], "last": "Wege", "suffix": ""}, {"first": "J", "middle": [], "last": "Winter", "suffix": ""}, {"first": "R", "middle": [], "last": "Meyermann", "suffix": ""}], "year": 1988, "venue": "J. Gen. Virol", "volume": "69", "issn": "", "pages": "87--98", "other_ids": {}}, "BIBREF37": {"ref_id": "b37", "title": "Pathogenesis of demyelination induced by a mouse hepatitis virus", "authors": [{"first": "L", "middle": ["P"], "last": "Weiner", "suffix": ""}], "year": 1973, "venue": "Arch. Neurol", "volume": "28", "issn": "", "pages": "298--303", "other_ids": {}}, "BIBREF38": {"ref_id": "b38", "title": "Purification of the I IO-kilodalton glycoprotein receptor for mouse hepatitis virus (MHV)-A59 from mouse liver and identification of a nonfunctional homologous protein in MHV-resistant SJL/J mice", "authors": [{"first": "R", "middle": ["K"], "last": "Williams", "suffix": ""}, {"first": "G", "middle": ["S"], "last": "Jiang", "suffix": ""}, {"first": "S", "middle": ["W"], "last": "Snyder", "suffix": ""}, {"first": "M", "middle": ["F"], "last": "Frana", "suffix": ""}, {"first": "K", "middle": ["V"], "last": "Holmes", "suffix": ""}], "year": 1990, "venue": "J. Viral", "volume": "64", "issn": "", "pages": "3817--3823", "other_ids": {}}, "BIBREF39": {"ref_id": "b39", "title": "Target and effector cell fusion accounts for 'B-lymphocyte mediated lysis' of mouse hepatitis virus infected cells", "authors": [{"first": "M", "middle": [], "last": "Wysocka", "suffix": ""}, {"first": "R", "middle": [], "last": "Korngold", "suffix": ""}, {"first": "J", "middle": [], "last": "Yewdell", "suffix": ""}, {"first": "J", "middle": [], "last": "Bennink", "suffix": ""}], "year": 1989, "venue": "J. Gen. Viral", "volume": "70", "issn": "", "pages": "", "other_ids": {}}, "BIBREF40": {"ref_id": "b40", "title": "Agarose isoelectric focusing of intact viruses", "authors": [{"first": "S", "middle": ["Z"], "last": "Zerda", "suffix": ""}, {"first": "C", "middle": ["P"], "last": "Gerba", "suffix": ""}], "year": 1985, "venue": "J. Virol. Methods", "volume": "9", "issn": "", "pages": "1--6", "other_ids": {}}}, "ref_entries": {"FIGREF0": {"text": "Immunoprecipitation of S,M,N structural viral proteins of wt or MHV-JHM ts mutants or MHV-JHM by specific antibodies followed by 10% SDS-PAGE. wt and ts mutants of MHV-JHM infected cells were labeled with 3SSmethionine at 12 h after infection and cytoplasmic extracts were prepared, immunoprecipitated and analysed by SDS-PAGE as described in 'Materials and Methods'. A. Cells were infected with ts 110 (lanes a,b,c,j), with ts 115 (lanes d,e,f,k), or with ts 104 (lanes g,h,i,l). Aliquots of infected cell extracts were immunoprecipitated with mouse anti-S monoclonal antibody 1.381. (lanes a,d,g,j,k); mouse anti-N monoclonal antibody 1.16.1. (lanes b,e,h); or mouse anti-M monoclonal antibody J.2.7.(lanes c,f,i,l). Lanes j,k,l are from an autoradiogram exposed seven days longer than the autoradiogram (from the same experiment) shown in lanes a,d,f. B. Cells were infected with ts15 mutant (lanes a,b,c,d); or with ts8 (lanes e,f,g); or with wt MHV-JHM (lanes h,ij j. Aliquots of lysates of infected cells were immunoprecipitated with anti-S mab 1.38.1. (lanes a,b,e,h); mouse anti-N mab 1.16.1. (lanes c,f,i) or with mouse anti-M mab 5.2.7.", "latex": null, "type": "figure"}, "TABREF0": {"text": "Characterization of MHV-JHM ts mutants", "latex": null, "type": "table", "html": "<html><body><table><tr><td>\u00a0</td><td>\u00a0</td><td>\u00a0</td><td>Neurovirulence </td><td>\u00a0</td></tr><tr><td>\u00a0</td><td>Efficiency of plating </td><td>Infectious dose (PFU) </td><td>Survival </td><td>Disease </td><td>Ref. </td></tr><tr><td>\u00a0</td><td>\u00a0</td><td>\u00a0</td><td>(%) </td><td>\u00a0</td><td>\u00a0</td></tr><tr><td>wt MHV-JHM\" </td><td>0.31 to 1.0 </td><td>0.5 </td><td>25 </td><td>AEM' </td><td>f,g </td></tr><tr><td>ts 1 04a </td><td>&lt;lo-4 </td><td>10,000 </td><td>100 </td><td>Negative' </td><td>f </td></tr><tr><td>\u00a0</td><td>\u00a0</td><td>\u00a0</td><td>\u00a0</td><td>Negative\" </td><td>\u00a0</td></tr><tr><td>5 ts110\" </td><td>3 &lt; 1o-4 </td><td>10,000 10,000 </td><td>100 100 </td><td>Negative' </td><td>: </td></tr><tr><td>ts8Hb </td><td>4 x 10-4 </td><td>500 </td><td>99 </td><td>Demyelinationd </td><td>g </td></tr><tr><td>tslSHb </td><td>4.5 x 1o-4 </td><td>500 </td><td>84 </td><td>Demyelinatione </td><td>g </td></tr></table></body></html>"}, "TABREF1": {"text": "reported that six other MHV-JHM variants exhibited marked differences in the size of their S peplomer protein. Furthermore, viral isolates from the brains of rats Fig. 2. Aliquots of nonlabeled lysates of cells either mock infected (lane a); or infected with ts105 (lane b); or tsll0 (lane c); or ts.104 (lane d); or ts8 (lane e); or ts.15 (lane f) or with wt MHV-JHM (lane g) were subjected to isoelectric focusing as described in Materials and Methods. Subsequently, the separated bands were transferredto NC sheets incubated with goat anti+ antibody. Bound antibodies were detected using", "latex": null, "type": "table"}}, "back_matter": [{"text": "This work was supported in part by Research Grant RG-2203-A-5 from the National Multiple Sclerosis Society.", "cite_spans": [], "ref_spans": [], "section": "Acknowledgement"}]}