{"paper_id": "001cc52918691265404fea9036d1afbd69768e62", "metadata": {"title": "", "authors": []}, "abstract": [], "body_text": [{"text": "SARS-CoV-2 is the agent of Covid-19, a new coronavirus infection, recently declared pandemic by the WHO, which causes severe pneumonia and acute respiratory distress syndrome (ARDS). 1 As of March 16th, more than 150,0 0 0 cases of Covid-19 have been notified. While most cases have occurred in mainland China and other Asiatic countries, the virus has also spread to Europe, particularly Italy, where it has caused more than thousand deaths and is overstressing the national health system.", "cite_spans": [{"start": 183, "end": 184, "text": "1", "ref_id": "BIBREF0"}], "ref_spans": [], "section": "Introduction"}, {"text": "The SARS-CoV-2 genome has been intensely investigated for diagnostics and pathogenicity insights into this virus, as well as to trace its evolution. Presently, more than 350 sequences of virus isolated from several countries are shared in GISAID database. Studies have highlighted the basic structure of the RNA genome, its probable source from a bat coronavirus at Wuhan food and wild animal market (with or without a still unidentified secondary animal host) and the rather close similarity in viral sequences of isolates from different patients 2 . However, interpretation of genome-driven virus evolution has remained difficult because the published data do still refer to a relatively low number of viral isolates, most of which from China, and few ones from other countries. In particular, there is little information about the evolutionary impact of the few mutations that have been reported by various Authors.", "cite_spans": [], "ref_spans": [], "section": "Introduction"}, {"text": "We have here examined all available SARS-CoV-2 sequences with the aim of mapping structural variations of this new coronavirus genome and the patterns of selection, if any, of viral protein genes. We describe the presence of two mutations affecting the Non-Structural Protein 6 (NSP6) and the Open Reading Frame10 (ORF 10) adjacent aminoacidic regions of SARS-CoV-2 and discuss their potential relevance for virus-host interaction, particularly virus-induced cellular autophagy. ", "cite_spans": [], "ref_spans": [], "section": "Introduction"}, {"text": "All the 351 sequences available of COVID-19 isolated from humans have been downloaded from GISAID ( https://www.gisaid. org/ ) databank. A dataset has been built including sequences from human and excluding sequences from animals (like bat or pangolin). The Dataset has been aligned using multiple sequence alignment (MAFFT) online tool 3 and manually edited using Bioedit program v7.0.5. 4 The complete dataset was assessed for presence of phylogenetic signal by applying the likelihood mapping analysis implemented in the IQ-TREE 1.6.8 software ( http://www.iqtree. org ). 5 A maximum likelihood (ML) phylogeny was reconstructed using IQ-TREE 1.6.8 software under the HKY nucleotide substitution model with four gamma categories (HKY + G4), which was inferred in jModelTest ( https://github.com/ddarriba/jmodeltest2 ) as the best fitting model. 6 Adaptive Evolution Server ( http://www.datamonkey.org/ ) was used to find possible sites of positive or negative selection. To this purpose the following tests has been used: Fixed Effects Likelihood (FEL) 7 , Mixed Effects Model of Evolution (MEME) 8 and Bayesian Graphical Models for co-evolving sites (BGM). 9 These tests allowed to infer the site-specific pervasive selection, the episodic diversifying selection across the region of interest, to identify episodic selection at individual sites and to verify the presence of some coevolving sites. 10 Statistically significant positive or negative selection was based on p value < 0.05 . 11 Protein homology modelling has been attempted using the websites SwissModel 12 and HHPred. 13 I-Tasser has also been used as an alternative source of SARS-CoV-2 protein structure models. I-Mutant2.0 14 online server has been used to predict the effect of the mutations found under selective pressure on protein stability. Secondary structure and trans-membrane predictions have been carried out with Jpred 15 , TMHMM 16 and Protter 17 services. Threedimensional structures have been analyzed and displayed using Py-MOL. 18 ", "cite_spans": [{"start": 389, "end": 390, "text": "4", "ref_id": "BIBREF3"}, {"start": 575, "end": 576, "text": "5", "ref_id": "BIBREF4"}, {"start": 847, "end": 848, "text": "6", "ref_id": "BIBREF5"}, {"start": 1099, "end": 1100, "text": "8", "ref_id": "BIBREF7"}, {"start": 1160, "end": 1161, "text": "9", "ref_id": "BIBREF8"}, {"start": 1401, "end": 1403, "text": "10", "ref_id": "BIBREF9"}, {"start": 1491, "end": 1493, "text": "11", "ref_id": "BIBREF10"}, {"start": 1585, "end": 1587, "text": "13", "ref_id": "BIBREF12"}, {"start": 1911, "end": 1913, "text": "16", "ref_id": "BIBREF15"}, {"start": 2014, "end": 2016, "text": "18", "ref_id": "BIBREF17"}], "ref_spans": [], "section": "Material and Methods"}, {"text": "No specific funding source has been received", "cite_spans": [], "ref_spans": [], "section": "Role of the funding source"}, {"text": "A Maximum Likelihood tree using HKY + G4 model has been built and results have been compared with epidemiological information. Sequences from several different countries have been found in the same clusters while sequences from the same countries have not been found in the same cluster. No separated clade is evident, but all the sequences are part of the same clade. The mutation on the amino acid position 3691 does not appear to be associated within the same cluster with sequences with a leucine on the residue position 9659. Moreover 3 sequences have been found to have a mutation on both the 3691 and the 9659 amino acidic positions. Sequences with a histidine on the position 9659 have been found to belong to distinct clusters. At any rate, clustering of sequence presenting amino acidic mutations did not indicate geographical/epidemiological link with the patients from whom SARS-CoV-2 was isolated ( Supplementary Fig. 1) . No reliable homology model could be built using SwissModel and HHpred servers. For this reason, the three-dimensional model of NSP6 has been downloaded from I-Tasser website. ( https://zhanglab.ccmb.med.umich.edu/C-I-TASSER/ 2019-nCov/QHD43415 _ 6.pdb.gz ). The structural analysis performed using TMHMM and Protter servers have shown that NSP6 protein has 7 putative trans-membrane helices like in other coronaviruses. 19 The MEME analysis has shown evidence for episodic synonymous mutations mostly concerning the 3rd codon and not impacting on the overall proteomic asset of the virus. Regarding the FEL analysis, the presence of potential sites under positive selective pressure have been found on 2 sites, on the amino acidic positions 3691 and 9659. These mutations fall on NSP6 and on a region near the Open Reading Frame 10 (ORF 10), respectively. The amino acidic change stability (ACS) analysis has shown that both mutations lead to a lower stability of the protein structures. Namely, at amino acid position 3691 (corresponding to NSP6 position 37), most of the SARS-CoV-2 sequences have a leucine residue while some more recent sequences from Asia, America, Oceania and Europe isolates show phenylalanine ( Table 1 ) . Both amino acids are non-polar, but phenylalanine has a benzoic ring in the side chain which may stiffen the secondary structure by means of aromaticaromatic, hydrophobic or stacking interactions. The ACS analysis has shown that this mutation lead to a lower stability of the protein structure ( Fig. 1 ) . The mutant position is predicted to be at the C-terminal side of the first transmembrane helix corresponding to the first outer membrane site, close to a sequence region rich of phenylalanine residues (from NSP6 residue position 32 to 40: SLFFFFYENA) of SARS-CoV-2 ( Fig. 1 b) . According to the structural model, the mutant position is part of a constellation of aromatic residues which includes, in addition to the sequentially contiguous residues, Trp31, Phe42 and Phe45 ( Fig. 2 ) . Jpred attributes a helical conformation also to the cytosolic portion of the segment connecting the first to the second transmembrane helix which may facilitate hydrophobic interactions among these aromatic residues.", "cite_spans": [], "ref_spans": [{"start": 912, "end": 933, "text": "Supplementary Fig. 1)", "ref_id": "FIGREF0"}, {"start": 2153, "end": 2164, "text": "( Table 1 )", "ref_id": "TABREF1"}, {"start": 2461, "end": 2471, "text": "( Fig. 1 )", "ref_id": "FIGREF0"}, {"start": 2741, "end": 2750, "text": "Fig. 1 b)", "ref_id": "FIGREF0"}, {"start": 2948, "end": 2958, "text": "( Fig. 2 )", "ref_id": "FIGREF1"}], "section": "Results"}, {"text": "At have a histidine residue. The BGM analysis has highlighted the presence of co-evolution between the amino acidic position 9375 and the position 9659 ( Table 2 ). Both amino acids are polar, but histidine has an imidazole side chain that suggests a more rigid secondary structure. In fact, ACS analysis has shown that this mutation leads to a lower stability of the protein structure. On the same position, other sequences of SARS-CoV-2 isolates from Australia and New Zealand have shown the presence of a non-polar (leucine) aminoacidic residue ( Table 3 ) . Also, in this case, the mu- tation leads to a lower stability of the protein structure, as indicated by ACS analysis.", "cite_spans": [], "ref_spans": [{"start": 152, "end": 161, "text": "( Table 2", "ref_id": "TABREF2"}, {"start": 548, "end": 559, "text": "( Table 3 )", "ref_id": "TABREF3"}], "section": "Results"}, {"text": "In this paper, we have examined all available genome sequences (352) of the recently emerged, new coronavirus SARS-CoV-2 which causes a dreadful pneumonia pandemic termed Covid-19 (19) . This virus has infected so far more than 120,0 0 0 subjects worldwide, with several thousand casualties. Almost all countries have been affected and some of them are now experiencing a rampant rise of disease cases with severe consequences on the stability of health systems. Since disease probable emergence in a wet market of Wuhan, city in the Hubei region of China and recognition of its causative agent, a number of studies on SARS-CoV-2 genome have been published and showed its close similarities (and differences) with the genomes of other coronaviruses isolated from bat, snake, pangolin and SARS CoV. 20 -22 Now the attention of most investigators is focused on the potential capability of the viral genome to evolve through mutation, recombination and gene gain and losses, as verified in other human coronaviruses. 23 Despite contrary expectations, the selective pressure analysis reported here points out that the genome of SARS-CoV-2 has so far undergone very few mutations, which mostly affect the 3rd codon, and are synonymous, meaning are not going to influence the general molecular structure of this new virus. In addition, it remains difficult to prove the biological relevance of these mutations by pure bioinformatic approach, in the absence of experimental correlates. To somewhat overcome these difficulties, we have here joined bioinformatic and phylogenetic with structural analysis of SARS-CoV-2 protein encoded by mutated genes, in an attempt to obtain some insights into the ", "cite_spans": [{"start": 180, "end": 184, "text": "(19)", "ref_id": "BIBREF18"}, {"start": 798, "end": 804, "text": "20 -22", "ref_id": null}, {"start": 1014, "end": 1016, "text": "23", "ref_id": "BIBREF21"}], "ref_spans": [], "section": "Discussion"}, {"text": "JID: YJINF [m5G; April 15, 2020; 14:0 ] biological significance and plausibility of the noted mutations. We posit that some of these mutations can provide the virus with useful adaptations in its fight to persist and multiply within humans. We have particularly assessed two SARS-CoV-2 mutations of non-structural viral proteins, NSP6 and an aminoacidic region near ORF 10, with particular interest into the former protein. NSP6, a common component of both \u03b1 and \u03b2-coronaviruses, locates to the endoplasmic reticulum (ER) and generates autophagosomes. 24 We notice that the presence of multiple phenylalanine residues in the outer membrane region of NSP6 should favor the affinity between this region and the ER membrane inducing a more stable binding of the protein to ER. It has been shown that this binding may favor coronavirus infection by compromising the ability of autophagosomes to deliver viral components to lysosomes for degradation. 25 Thus, its role would be to limit autophagosome expansion, directly or indirectly by starvation or chemical inhibition of mTOR signaling. 26 Nonetheless, the role of autophagy in viral infection is a double-edge sword and we don't have direct evidence that NSP6 mutation does in fact favor viral replication and evasion from cellular immunity or the opposite. In this context, it should be noted that mutational protein analysis speaks for a lower stability of NSP6 upon changing phenylalanine from leucine, but it should be considered that ACS analysis doesn't consider trans-membrane position and other protein interactions. Regarding the aminoacidic region near the ORF 10, previous studies performed on the SARS-CoV reported a 29 nucleotides deletion segment disrupting ORF 9 and, simultaneously, eliminating ORFs 10 and 11. The clinical significance of this deletion is unclear also because it has been found to co-exist with the non-deleted variant in the same host and same clinical specimen (25) . A comparison of data from evolutionary and phylogenetic analysis leads us to hypothesize that the mutations are probably unrelated to a strain or a sub-family of the COVID-19 but are due to independent converging evolution of the virus that promote these changes in the viral genome.", "cite_spans": [{"start": 17, "end": 32, "text": "April 15, 2020;", "ref_id": null}, {"start": 33, "end": 39, "text": "14:0 ]", "ref_id": null}, {"start": 552, "end": 554, "text": "24", "ref_id": "BIBREF22"}, {"start": 946, "end": 948, "text": "25", "ref_id": "BIBREF23"}, {"start": 1086, "end": 1088, "text": "26", "ref_id": "BIBREF24"}, {"start": 1947, "end": 1951, "text": "(25)", "ref_id": "BIBREF23"}], "ref_spans": [], "section": "ARTICLE IN PRESS"}, {"text": "In conclusion, the analysis of a relatively wide database of SARS-CoV-2 genomes of worldwide isolates representative of Covid-19, from the start of epidemic in China up to the recent virus spread to European countries, has revealed only two synonymous mutations. Nonetheless, we here speculate that one of these two mutations, i.e the NSP6, could bring to some appreciable change in the expression of SARS-CoV-2 relationship with its host, particularly concerning a critical host anti-viral defense, such as the autophagic lysosomal machinery. Changes in these viral regions should be constantly monitored as they could significantly modify SARS-CoV-2 pathogenicity.", "cite_spans": [], "ref_spans": [], "section": "ARTICLE IN PRESS"}, {"text": "No specific funding source has been received Contributors DB and AC designed the study. DB, MB and MG did the experiments. DB, MB, SP and MC analysed data and DB, AC, SA and RC wrote the article.", "cite_spans": [], "ref_spans": [], "section": "Funding"}, {"text": "Data are available on different websites", "cite_spans": [], "ref_spans": [], "section": "Data sharing"}, {"text": "We declare no competing interests.", "cite_spans": [], "ref_spans": [], "section": "Declaration of Competing Interest"}, {"text": "Supplementary material associated with this article can be found, in the online version, at doi: 10.1016/j.jinf.2020.03.058 .", "cite_spans": [], "ref_spans": [], "section": "Supplementary materials"}], "bib_entries": {"BIBREF0": {"ref_id": "b0", "title": "novel coronavirus patients' clinical characteristics, discharge rate and fatality rate of meta-analysis", "authors": [{"first": "L", "middle": [], "last": "Long-Quan", "suffix": ""}, {"first": "H", "middle": [], "last": "Tian", "suffix": ""}, {"first": "W", "middle": [], "last": "Yong-Qing", "suffix": ""}], "year": 2019, "venue": "J Med Virol", "volume": "", "issn": "", "pages": "", "other_ids": {"DOI": ["10.1002/jmv.25757"]}}, "BIBREF1": {"ref_id": "b1", "title": "A novel coronavirus from patients with pneumonia in China", "authors": [{"first": "Z", "middle": [], "last": "Na", "suffix": ""}, {"first": "Z", "middle": [], "last": "Dingyu", "suffix": ""}, {"first": "W", "middle": [], "last": "Wenling", "suffix": ""}], "year": 2019, "venue": "N Engl J Med", "volume": "", "issn": "", "pages": "", "other_ids": {"DOI": ["10.1056/nejmoa2001017"]}}, "BIBREF2": {"ref_id": "b2", "title": "MAFFT online service: multiple sequence alignment, interactive sequence choice and visualization", "authors": [{"first": "K", "middle": [], "last": "Katoh", "suffix": ""}, {"first": "J", "middle": [], "last": "Rozewicki", "suffix": ""}, {"first": "K", "middle": ["D"], "last": "Yamada", "suffix": ""}], "year": 2019, "venue": "Brief Bioinf", "volume": "20", "issn": "4", "pages": "1160--1166", "other_ids": {"DOI": ["10.1093/bib/bbx108"]}}, "BIBREF3": {"ref_id": "b3", "title": "BioEdit A user-friendly biological sequence alignment editor and analysis program for Windows 95/98/NT", "authors": [{"first": "T", "middle": ["A"], "last": "Hall", "suffix": ""}], "year": 1999, "venue": "Nucleic Acids Symp. Ser", "volume": "41", "issn": "", "pages": "95--103", "other_ids": {}}, "BIBREF4": {"ref_id": "b4", "title": "IQ-TREE: a fast and effective stochastic algorithm for estimating maximum-likelihood phylogenies", "authors": [{"first": "L", "middle": ["T"], "last": "Nguyen", "suffix": ""}, {"first": "H", "middle": ["A"], "last": "Schmidt", "suffix": ""}, {"first": "Von", "middle": [], "last": "Haeseler", "suffix": ""}, {"first": "A", "middle": [], "last": "", "suffix": ""}], "year": 2015, "venue": "Mol Biol Evol", "volume": "32", "issn": "1", "pages": "268--74", "other_ids": {"DOI": ["10.1093/molbev/msu300"]}}, "BIBREF5": {"ref_id": "b5", "title": "jModelTest 2: more models, new heuristics and parallel computing", "authors": [{"first": "D", "middle": [], "last": "Darriba", "suffix": ""}, {"first": "G", "middle": ["L"], "last": "Taboada", "suffix": ""}, {"first": "R", "middle": [], "last": "Doallo", "suffix": ""}], "year": 2012, "venue": "Nat Methods", "volume": "9", "issn": "8", "pages": "", "other_ids": {}}, "BIBREF6": {"ref_id": "b6", "title": "Not so different after all: a comparison of methods for detecting amino acid sites under selection molecular", "authors": [{"first": "Slp", "middle": [], "last": "Kosakovsky", "suffix": ""}, {"first": "Sdw", "middle": [], "last": "Frost", "suffix": ""}], "year": 2005, "venue": "Biol Evolut", "volume": "22", "issn": "5", "pages": "1208--1230", "other_ids": {}}, "BIBREF7": {"ref_id": "b7", "title": "Detecting individual sites subject to episodic diversifying selection", "authors": [{"first": "B", "middle": [], "last": "Murrell", "suffix": ""}, {"first": "J", "middle": ["O"], "last": "Wertheim", "suffix": ""}, {"first": "S", "middle": [], "last": "Moola", "suffix": ""}, {"first": "T", "middle": [], "last": "Weighill", "suffix": ""}, {"first": "K", "middle": [], "last": "Scheffler", "suffix": ""}, {"first": "Kosakovsky", "middle": [], "last": "Pond", "suffix": ""}, {"first": "S", "middle": ["L"], "last": "", "suffix": ""}], "year": 2012, "venue": "PLoS Genet", "volume": "8", "issn": "7", "pages": "", "other_ids": {}}, "BIBREF8": {"ref_id": "b8", "title": "Spidermonkey: rapid detection of co-evolving sites using Bayesian graphical models", "authors": [{"first": "A", "middle": ["F"], "last": "Poon", "suffix": ""}, {"first": "F", "middle": ["I"], "last": "Lewis", "suffix": ""}, {"first": "S", "middle": ["D"], "last": "Frost", "suffix": ""}, {"first": "Kosakovsky", "middle": [], "last": "Pond", "suffix": ""}, {"first": "S", "middle": ["L"], "last": "", "suffix": ""}], "year": 2008, "venue": "Bioinformatics", "volume": "24", "issn": "17", "pages": "1949--50", "other_ids": {"DOI": ["10.1093/bioinformatics/btn313"]}}, "BIBREF9": {"ref_id": "b9", "title": "Datamonkey 2.0: a modern web application for characterizing selective and other evolutionary", "authors": [{"first": "S", "middle": [], "last": "Weaver", "suffix": ""}, {"first": "S", "middle": ["D"], "last": "Shank", "suffix": ""}, {"first": "S", "middle": ["J"], "last": "Spielman", "suffix": ""}, {"first": "M", "middle": [], "last": "Li", "suffix": ""}, {"first": "S", "middle": ["V"], "last": "Muse", "suffix": ""}, {"first": "Kosakovsky", "middle": [], "last": "Pond", "suffix": ""}, {"first": "S", "middle": [], "last": "", "suffix": ""}], "year": 2018, "venue": "", "volume": "35", "issn": "", "pages": "773--777", "other_ids": {"DOI": ["https:/10.1093/molbev/msx335"]}}, "BIBREF10": {"ref_id": "b10", "title": "SWISS-MODEL: homology modelling of protein structures and complexes", "authors": [{"first": "A", "middle": [], "last": "Waterhouse", "suffix": ""}, {"first": "M", "middle": [], "last": "Bertoni", "suffix": ""}, {"first": "S", "middle": [], "last": "Bienert", "suffix": ""}], "year": 2018, "venue": "Nucleic Acids Res", "volume": "46", "issn": "W1", "pages": "296--303", "other_ids": {"DOI": ["10.1093/nar/gky427"]}}, "BIBREF11": {"ref_id": "b11", "title": "A Completely Reimplemented MPI Bioinformatics Toolkit with a New HHpred Server at its Core", "authors": [{"first": "L", "middle": [], "last": "Zimmermann", "suffix": ""}, {"first": "A", "middle": [], "last": "Stephens", "suffix": ""}, {"first": "S", "middle": ["Z"], "last": "Nam", "suffix": ""}], "year": 2018, "venue": "J Mol Biol", "volume": "430", "issn": "15", "pages": "2237--2280", "other_ids": {}}, "BIBREF12": {"ref_id": "b12", "title": "The I-TASSER Suite: Protein structure and function prediction", "authors": [{"first": "J", "middle": [], "last": "Yang", "suffix": ""}, {"first": "R", "middle": [], "last": "Yan", "suffix": ""}, {"first": "A", "middle": [], "last": "Roy", "suffix": ""}, {"first": "D", "middle": [], "last": "Xu", "suffix": ""}, {"first": "J", "middle": [], "last": "Poisson", "suffix": ""}, {"first": "Y", "middle": [], "last": "Zhang", "suffix": ""}], "year": 2015, "venue": "Nat Methods", "volume": "12", "issn": "1", "pages": "7--8", "other_ids": {"DOI": ["10.1038/nmeth.3213"]}}, "BIBREF13": {"ref_id": "b13", "title": "0: predicting stability changes upon mutation from the protein sequence or structure", "authors": [{"first": "E", "middle": [], "last": "Capriotti", "suffix": ""}, {"first": "P", "middle": [], "last": "Fariselli", "suffix": ""}, {"first": "R", "middle": [], "last": "Casadio", "suffix": ""}, {"first": "", "middle": [], "last": "I-Mutant2", "suffix": ""}], "year": 2005, "venue": "Nucleic Acids Res", "volume": "33", "issn": "", "pages": "306--316", "other_ids": {}}, "BIBREF14": {"ref_id": "b14", "title": "JPred4: a protein secondary structure prediction server", "authors": [{"first": "A", "middle": [], "last": "Drozdetskiy", "suffix": ""}, {"first": "C", "middle": [], "last": "Cole", "suffix": ""}, {"first": "J", "middle": [], "last": "Procter", "suffix": ""}, {"first": "G", "middle": ["J"], "last": "Barton", "suffix": ""}], "year": null, "venue": "Nucleic Acids Res", "volume": "43", "issn": "W1", "pages": "389--394", "other_ids": {"DOI": ["10.1093/nar/gkv332"]}}, "BIBREF15": {"ref_id": "b15", "title": "Evaluation of methods for the prediction of membrane spanning regions", "authors": [{"first": "S", "middle": [], "last": "Moller", "suffix": ""}, {"first": "Mdr", "middle": [], "last": "Croning", "suffix": ""}, {"first": "R", "middle": [], "last": "Apweiler", "suffix": ""}], "year": 2001, "venue": "Bioinformatics", "volume": "17", "issn": "7", "pages": "646--653", "other_ids": {}}, "BIBREF16": {"ref_id": "b16", "title": "Protter: interactive protein feature visualization and integration with experimental proteomic data", "authors": [{"first": "U", "middle": [], "last": "Omasits", "suffix": ""}, {"first": "C", "middle": ["H"], "last": "Ahrens", "suffix": ""}, {"first": "S", "middle": [], "last": "M\u00fcller", "suffix": ""}, {"first": "B", "middle": [], "last": "Wollscheid", "suffix": ""}], "year": 2014, "venue": "Bioinformatics", "volume": "30", "issn": "6", "pages": "884--890", "other_ids": {"DOI": ["10.1093/bioinformatics/btt607"]}}, "BIBREF17": {"ref_id": "b17", "title": "The {PyMOL} Molecular Graphics System, Version \u223c1", "authors": [{"first": "Llc", "middle": [], "last": "Schr\u00f6dinger", "suffix": ""}], "year": 2015, "venue": "", "volume": "8", "issn": "", "pages": "", "other_ids": {}}, "BIBREF18": {"ref_id": "b18", "title": "Topology and membrane anchoring of the coronavirus replication complex: Not All Hydroph Doma NsP3 and NsP6 Are Membrane Spanning", "authors": [{"first": "M", "middle": [], "last": "Oostra", "suffix": ""}, {"first": "M", "middle": ["C"], "last": "Hagemeijer", "suffix": ""}, {"first": "M", "middle": [], "last": "Van Gent", "suffix": ""}], "year": 2008, "venue": "J Virol", "volume": "82", "issn": "24", "pages": "12392--405", "other_ids": {"DOI": ["10.1128/JVI.01219-08"]}}, "BIBREF19": {"ref_id": "b19", "title": "From SARS and MERS CoVs to SARS-CoV-2: moving toward more biased codon usage in viral structural and non-structural genes", "authors": [{"first": "M", "middle": [], "last": "Kandeel", "suffix": ""}, {"first": "A", "middle": ["A"], "last": "Ibrahim", "suffix": ""}, {"first": "M", "middle": [], "last": "Fayez", "suffix": ""}, {"first": "Al-Nazawi", "middle": [], "last": "", "suffix": ""}, {"first": "M", "middle": [], "last": "", "suffix": ""}], "year": 2020, "venue": "J Med Virol", "volume": "", "issn": "", "pages": "", "other_ids": {"DOI": ["10.1002/jmv.25754"]}}, "BIBREF20": {"ref_id": "b20", "title": "Evolutionary history, potential intermediate animal host, and cross-species analyses of SARS-CoV-2", "authors": [{"first": "X", "middle": [], "last": "Li", "suffix": ""}, {"first": "J", "middle": [], "last": "Zai", "suffix": ""}, {"first": "Q", "middle": [], "last": "Zhao", "suffix": ""}], "year": null, "venue": "J Med Virol", "volume": "2020", "issn": "", "pages": "1--10", "other_ids": {"DOI": ["10.1002/jmv.25731"]}}, "BIBREF21": {"ref_id": "b21", "title": "The global spread of 2019-nCoV: a molecular evolutionary analysis, Pathogens and Global Health", "authors": [{"first": "D", "middle": [], "last": "Benvenuto", "suffix": ""}, {"first": "M", "middle": [], "last": "Giovanetti", "suffix": ""}, {"first": "M", "middle": [], "last": "Salemi", "suffix": ""}, {"first": "M", "middle": [], "last": "Prosperi", "suffix": ""}, {"first": "C", "middle": [], "last": "De Flora", "suffix": ""}, {"first": "Junior", "middle": [], "last": "Alcantara", "suffix": ""}, {"first": "L", "middle": ["C"], "last": "Angeletti", "suffix": ""}, {"first": "S", "middle": [], "last": "Ciccozzi", "suffix": ""}, {"first": "M", "middle": [], "last": "", "suffix": ""}], "year": null, "venue": "", "volume": "", "issn": "", "pages": "", "other_ids": {"DOI": ["https:/10.1080/20477724.2020.1725339"]}}, "BIBREF22": {"ref_id": "b22", "title": "Molecular evolution of human coronavirus genomes", "authors": [{"first": "D", "middle": [], "last": "Forni", "suffix": ""}, {"first": "R", "middle": [], "last": "Cagliani", "suffix": ""}, {"first": "M", "middle": [], "last": "Clerici", "suffix": ""}, {"first": "M", "middle": [], "last": "Sironi", "suffix": ""}], "year": 2017, "venue": "Trends Microbiol", "volume": "25", "issn": "1", "pages": "35--48", "other_ids": {"DOI": ["10.1016/j.tim.2016.09.001"]}}, "BIBREF23": {"ref_id": "b23", "title": "Autophagy postpones apoptotic cell death in PRRSV infection through Bad-Beclin1 interaction", "authors": [{"first": "A", "middle": [], "last": "Zhou", "suffix": ""}, {"first": "S", "middle": [], "last": "Li", "suffix": ""}, {"first": "F", "middle": ["A"], "last": "Khan", "suffix": ""}, {"first": "S", "middle": [], "last": "Zhang", "suffix": ""}], "year": 2016, "venue": "Virulence", "volume": "7", "issn": "2", "pages": "98--109", "other_ids": {}}, "BIBREF24": {"ref_id": "b24", "title": "The Large 386-nt Deletion in SARS-associated coronavirus: evidence for quasispecies?", "authors": [{"first": "J", "middle": ["W"], "last": "Tang", "suffix": ""}, {"first": "J", "middle": ["L"], "last": "Cheung", "suffix": ""}, {"first": "I", "middle": ["M"], "last": "Chu", "suffix": ""}, {"first": "J", "middle": ["J"], "last": "Sung", "suffix": ""}, {"first": "M", "middle": [], "last": "Peiris", "suffix": ""}, {"first": "P", "middle": ["K"], "last": "Chan", "suffix": ""}], "year": 2006, "venue": "J Infect Diseas", "volume": "194", "issn": "6", "pages": "808--821", "other_ids": {"DOI": ["10.1086/507044"]}}}, "ref_entries": {"FIGREF0": {"text": "the amino acidic position 9659 (corresponding to ORF 10 position 3 o 4), most of the SARS-CoV-2 sequences have an arginine residue while some sequences from Australia and America isolates I-TASSER model of NSP6. Residue under positive selective pressure with a p < 0.05 is shown as a sphere. Residues found in the structure proximity are shown in sticks. All residues are marked by the corresponding labels.", "latex": null, "type": "figure"}, "FIGREF1": {"text": "Results obtained with Protter and TMHMM are shown in panel A and B, respectively. In the panel A, the residue under positive pressure with p < 0.05 is marked by the red arrow (For interpretation of the references to color in this figure legend, the reader is referred to the web version of this article.).", "latex": null, "type": "figure"}, "TABREF0": {"text": "https://doi.org/10.1016/j.jinf.2020.03.058 0163-4453/\u00a9 2020 The British Infection Association. Published by Elsevier Ltd. All rights reserved.", "latex": null, "type": "table"}, "TABREF1": {"text": "Table reporting GISAID accession number and country of isolation of the sequences with a mutation on the 3691 aminoacidic position.", "latex": null, "type": "table", "html": "<html><body><table><tr><td>GISAID Accession Number </td><td>Country of isolation </td></tr><tr><td>408480 </td><td>Yunnan </td></tr><tr><td>408481 </td><td>Chongqing </td></tr><tr><td>407988 </td><td>Singapore </td></tr><tr><td>406223 </td><td>USA - Arizona </td></tr><tr><td>410984 </td><td>France </td></tr><tr><td>412974 </td><td>Italy </td></tr><tr><td>413016 </td><td>Brazil </td></tr><tr><td>411218 </td><td>France </td></tr><tr><td>413490 </td><td>New Zeland </td></tr><tr><td>412975 </td><td>Australia </td></tr><tr><td>408430 </td><td>France </td></tr><tr><td>410546 </td><td>Italy </td></tr><tr><td>413214 </td><td>Australia </td></tr><tr><td>413213 </td><td>Australia </td></tr><tr><td>413597 </td><td>Australia </td></tr><tr><td>413598 </td><td>Australia </td></tr><tr><td>413597 </td><td>Australia </td></tr><tr><td>413600 </td><td>Australia </td></tr><tr><td>410546 </td><td>Italy </td></tr><tr><td>413595 </td><td>Australia </td></tr><tr><td>412030 </td><td>Hong Kong </td></tr><tr><td>412968 </td><td>Japan </td></tr><tr><td>412969 </td><td>Japan </td></tr><tr><td>413459 </td><td>Japan </td></tr><tr><td>408482 </td><td>Shandong </td></tr><tr><td>412981 </td><td>Hubei </td></tr><tr><td>413019 </td><td>Switzerland </td></tr><tr><td>413025 </td><td>USA - Washington </td></tr><tr><td>413603 </td><td>Finland </td></tr><tr><td>413605 </td><td>Finland </td></tr><tr><td>413588 </td><td>Netherlands </td></tr><tr><td>413589 </td><td>Netherlands </td></tr><tr><td>413585 </td><td>Netherlands </td></tr></table></body></html>"}, "TABREF2": {"text": "Table 3 Table reporting GISAID accession number and country of isolation of the sequences with a Leucine on the 9659 aminoacidic position.", "latex": null, "type": "table", "html": "<html><body><table><tr><td>GISAID Accession Number </td><td>Country of isolation </td></tr><tr><td>411954 </td><td>USA - California </td></tr><tr><td>410717 </td><td>Australia </td></tr><tr><td>410718 </td><td>Australia </td></tr><tr><td>407896 </td><td>Australia </td></tr><tr><td>407894 </td><td>Australia </td></tr></table></body></html>"}, "TABREF3": {"text": "Table 2 Table reporting GISAID accession number and country of isolation of the sequences with a histidine on the 9659 aminoacidic position.", "latex": null, "type": "table", "html": "<html><body><table><tr><td>GISAID Accession Number </td><td>Country of isolation </td></tr><tr><td>412965 </td><td>Canada </td></tr><tr><td>413490 </td><td>New Zeland </td></tr><tr><td>412975 </td><td>Australia </td></tr><tr><td>413214 </td><td>Australia </td></tr><tr><td>413213 </td><td>Australia </td></tr></table></body></html>"}}, "back_matter": []}