{
    "paper_id": "00333926bc7e6aa5a72098386133d4ce3acfaf58",
    "metadata": {
        "title": "Compassionate Use of Opaganib For Patients with Severe COVID-19",
        "authors": [
            {
                "first": "Ramzi",
                "middle": [],
                "last": "Kurd",
                "suffix": "",
                "affiliation": {},
                "email": ""
            },
            {
                "first": "Eli",
                "middle": [],
                "last": "Ben-Chetrit",
                "suffix": "",
                "affiliation": {
                    "laboratory": "",
                    "institution": "Shaare-Zedek Medical Center",
                    "location": {
                        "addrLine": "Infectious diseases",
                        "settlement": "Jerusalem",
                        "region": "IL"
                    }
                },
                "email": ""
            },
            {
                "first": "Hani",
                "middle": [],
                "last": "Karameh",
                "suffix": "",
                "affiliation": {},
                "email": ""
            },
            {
                "first": "Maskit",
                "middle": [],
                "last": "Bar-Meir",
                "suffix": "",
                "affiliation": {
                    "laboratory": "",
                    "institution": "Shaare-Zedek Medical Center",
                    "location": {
                        "addrLine": "Infectious diseases",
                        "settlement": "Jerusalem",
                        "region": "IL"
                    }
                },
                "email": "mbarmeir@gmail.com"
            }
        ]
    },
    "abstract": [
        {
            "text": "Background. Opaganib is a selective sphingosine-kinase (SK)-2 inhibitor with anti-inflammatory and anti-viral properties.",
            "cite_spans": [],
            "ref_spans": [],
            "section": "Abstract"
        },
        {
            "text": "Methods. We provided opaganib on a compassionate-use basis to patients with severe COVID-19. Patients who required oxygen support via high-flow nasal cannula (HFNC) were offered the treatment. For comparison, we used a control group with same-sex, same-severity patients.",
            "cite_spans": [],
            "ref_spans": [],
            "section": "Abstract"
        },
        {
            "text": "Results. Seven patients received at least one dose of opaganib since April 2, 2020. One patient, who received both hydroxychloroquine and azithromycin, developed diarrhea and all his medications were stopped. This was the only adverse effect possibly related to opaganib. A second patient was weaned of oxygen and discharged after receiving two doses of opaganib.",
            "cite_spans": [],
            "ref_spans": [],
            "section": "Abstract"
        },
        {
            "text": "Therefore, five patients were included in this analysis. Baseline characteristics were not significantly different between cases and controls. Patients treated with opaganib had significantly faster increase in lymphocyte count. All other clinical outcomes had a nonstatistically significant trend in favor of the treatment group: median time to weaning from HFNC was 10 and 15 days in cases vs. controls (HR= 0.3, 95% CI: 0.07-1.7, p=0.2) ,time to ambient air was 13 vs.14.5 days (HR=0.4, 95% CI: 0.15-1.5), none of the cases required mechanical ventilation compared with 33% of controls.",
            "cite_spans": [],
            "ref_spans": [],
            "section": "Abstract"
        },
        {
            "text": "Conclusion. In this small cohort of severe COVID-19 patients, opaganib was safe and well tolerated with improvement in both clinical and laboratory parameters in all treated patients. The efficacy of opaganib for COVID-19 infection should be further tested in randomized placebocontrolled trials.",
            "cite_spans": [],
            "ref_spans": [],
            "section": "Abstract"
        }
    ],
    "body_text": [
        {
            "text": "Opaganib (RedHill Biopharma Ltd.) is a selective SK-2 inhibitor with anti-inflammatory and anti-viral properties. The stimulation of sphingolipid metabolism is a critical step in the mechanism of action of inflammatory cytokines. Sphingomyelin is recognized as a structural component of cellular membranes, but also serves as the precursor for the potent bioactive lipid ceramide and the proinflammatory lipid sphingosine 1-phosphate (S1P). Ceramide is produced by hydrolysis of sphingomyelin in response to inflammatory stress, including tumor necrosis factor alpha (TNFa) 1, 2 , and is able to induce apoptosis in proliferating cells. Ceramide can be further hydrolyzed by ceramidase to produce sphingosine, which is then phosphorylated by SK to produce S1P. Increasing intracellular levels of S1P and depletion of ceramide levels promote cell proliferation and inhibit apoptosis. S1P has been shown to protect neutrophils as well as macrophages from apoptosis 3, 4 , and was also shown to exert several other important effects on cells that mediate immune functions. Platelets, monocytes, and mast cells secrete S1P upon activation, promoting inflammatory cascades at the site of tissue damage 5, 6 . Activation of SK is essential for the signaling responses to TNFa 2 . Moreover, S1P mimics the ability of TNFa to induce the expression of cyclooxygenase-2 (COX-2) and the synthesis of prostaglandin E2 (PGE2) 7 . S1P is also a mediator of Ca 2+ influx during neutrophil activation by TNFa leading to the production of superoxide and other toxic radicals 8, 9 . Opaganib (ABC294640) is an orally available inhibitor of the enzyme sphingosine kinase-2 (SK-2). In rodent models of inflammatory bowel and Crohn's disease as well as in arthritis models, opaganib was noted to have an anti-inflammatory All rights reserved. No reuse allowed without permission.",
            "cite_spans": [
                {
                    "start": 963,
                    "end": 965,
                    "text": "3,",
                    "ref_id": "BIBREF2"
                },
                {
                    "start": 966,
                    "end": 967,
                    "text": "4",
                    "ref_id": "BIBREF3"
                },
                {
                    "start": 1197,
                    "end": 1199,
                    "text": "5,",
                    "ref_id": "BIBREF4"
                },
                {
                    "start": 1200,
                    "end": 1201,
                    "text": "6",
                    "ref_id": "BIBREF5"
                },
                {
                    "start": 1413,
                    "end": 1414,
                    "text": "7",
                    "ref_id": "BIBREF6"
                },
                {
                    "start": 1558,
                    "end": 1560,
                    "text": "8,",
                    "ref_id": "BIBREF7"
                },
                {
                    "start": 1561,
                    "end": 1562,
                    "text": "9",
                    "ref_id": "BIBREF8"
                }
            ],
            "ref_spans": [],
            "section": "Introduction"
        },
        {
            "text": "(which was not certified by peer review) is the author/funder, who has granted medRxiv a license to display the preprint in perpetuity.",
            "cite_spans": [],
            "ref_spans": [],
            "section": "Introduction"
        },
        {
            "text": "The copyright holder for this preprint this version posted June 23, 2020. . https://doi.org/10.1101/2020.06.20.20099010 doi: medRxiv preprint activity [10] [11] [12] . Furthermore, genetic deletion of SK-2 in mice showed amelioration of Pseudomonas aeruginosa induced lung injury 13 .",
            "cite_spans": [
                {
                    "start": 151,
                    "end": 155,
                    "text": "[10]",
                    "ref_id": "BIBREF9"
                },
                {
                    "start": 156,
                    "end": 160,
                    "text": "[11]",
                    "ref_id": "BIBREF10"
                },
                {
                    "start": 161,
                    "end": 165,
                    "text": "[12]",
                    "ref_id": "BIBREF11"
                },
                {
                    "start": 280,
                    "end": 282,
                    "text": "13",
                    "ref_id": "BIBREF12"
                }
            ],
            "ref_spans": [],
            "section": "Introduction"
        },
        {
            "text": "Several studies demonstrated the anti-viral effects of inhibiting SK-2 activity. Impairment of SK-2 expression or function significantly inhibited Chikungunya virus infection 14 , decreased the viral titers of Influenza virus in an in vitro model system 15 and demonstrated a significant inhibitory effect in a preliminary Ebola cell-based inhibition assay 1 .",
            "cite_spans": [
                {
                    "start": 175,
                    "end": 177,
                    "text": "14",
                    "ref_id": "BIBREF13"
                },
                {
                    "start": 254,
                    "end": 256,
                    "text": "15",
                    "ref_id": "BIBREF14"
                }
            ],
            "ref_spans": [],
            "section": "Introduction"
        },
        {
            "text": "To date, three clinical trials have been completed with opaganib, a phase 1 study in advanced solid tumor patients 16 and a food effect study in healthy volunteers as well as a phase 1b/2 in patients with advanced multiple myeloma (unpublished). In addition, two more studies are currently in progress, a phase 2 study in patients with advanced prostate cancer (clinicaltrials.gov ID: NCT04207255) and a phase 2 study in cholangiocarcinoma patients (clinicaltrials.gov ID: NCT03377179).",
            "cite_spans": [
                {
                    "start": 115,
                    "end": 117,
                    "text": "16",
                    "ref_id": "BIBREF15"
                }
            ],
            "ref_spans": [],
            "section": "Introduction"
        },
        {
            "text": "These anti-inflammatory and antiviral properties of opaganib, together with a good safety profile, have driven the use of opaganib under an expanded access program (compassionate use) in seven Israeli COVID-19 patients with severe disease. Here we report our experience with this treatment and compare the patients' outcomes to those of untreated COVID-19 patients with a similar disease severity.",
            "cite_spans": [],
            "ref_spans": [],
            "section": "Introduction"
        },
        {
            "text": "All rights reserved. No reuse allowed without permission.",
            "cite_spans": [],
            "ref_spans": [],
            "section": "Introduction"
        },
        {
            "text": "(which was not certified by peer review) is the author/funder, who has granted medRxiv a license to display the preprint in perpetuity.",
            "cite_spans": [],
            "ref_spans": [],
            "section": "Introduction"
        },
        {
            "text": "The copyright holder for this preprint this version posted June 23, 2020. RedHill Biopharma, Ltd. offered opaganib under compassionate use for the treatment of COVID-19 patients. Eligible patients were those hospitalized with COVID-19 confirmed by a reverse-transcriptase-polymerase-chain-reaction assay. The treatment was offered to patients with severe disease requiring oxygen support via high-flow nasal cannula (HFNC). Patients who were intubated, those who could not provide informed consent, debilitated patients, pregnant or nursing women, patients on warfarin, apixaban, argatroban or rivaroxaban , and patients with New York Heart Association Class III or IV cardiac disease, myocardial infarction within the past 6 months, unstable arrhythmia, or evidence of ischemia on ECG, were excluded.",
            "cite_spans": [],
            "ref_spans": [],
            "section": "Introduction"
        },
        {
            "text": "Screening for eligible patients was performed daily by two of the authors (R.K, E.B-C).",
            "cite_spans": [],
            "ref_spans": [],
            "section": "Introduction"
        },
        {
            "text": "Eligible patients were approached by one of the investigators (M.BM) and were offered opaganib treatment. The informed consent process was performed through remote video-calls. In addition to signing the informed consent, patients were required to have acceptable liver and renal function tests. [Bilirubin \u2264 1.5 times upper limit of normal (ULN), aspartate aminotransferase (AST) and alanine aminotransferase (ALT) \u2264 2.5 x ULN, Serum creatinine \u2264 1.5 X ULN], as well as acceptable hematologic status (absolute neutrophil count \u22651000 cells/mm 3 , platelet count \u226575,000 /mm 3 ,hemoglobin \u2265 9 g/dL). All rights reserved. No reuse allowed without permission.",
            "cite_spans": [],
            "ref_spans": [],
            "section": "Introduction"
        },
        {
            "text": "(which was not certified by peer review) is the author/funder, who has granted medRxiv a license to display the preprint in perpetuity.",
            "cite_spans": [],
            "ref_spans": [],
            "section": "Introduction"
        },
        {
            "text": "The copyright holder for this preprint this version posted June 23, 2020. . https://doi.org/10.1101/2020.06.20.20099010 doi: medRxiv preprint Compassionate treatment. Oral opaganib was delivered at a dose of 500 mg q12 hours for up to 14 days, or until patient discharge. In order to monitor the tolerability of the medication, the first 3 patients received 250 mg q12 hours on days 1-3 and increased to the full dose on day 4. Subsequent patients were initiated at 500 mg q12 hours.",
            "cite_spans": [],
            "ref_spans": [],
            "section": "Introduction"
        },
        {
            "text": "Treatment could have been discontinued if the patient or the treating physician decided that it is not in the patient's best interest to continue. Additional therapy was allowed as deemed necessary by the clinicians.",
            "cite_spans": [],
            "ref_spans": [],
            "section": "Introduction"
        },
        {
            "text": "All interventions were performed at the discretion of the treating physician. No additional tests or interventions were required in the opaganib treated patients. .",
            "cite_spans": [],
            "ref_spans": [],
            "section": "Introduction"
        },
        {
            "text": "Data were collected through May 5,2020.",
            "cite_spans": [],
            "ref_spans": [],
            "section": "Introduction"
        },
        {
            "text": "Data on patients' adverse events, oxygen-support requirements and laboratory values were collected daily until patient discharge. For comparison, we collected clinical data from a control group. To minimize bias we included in the control group same-sex, same-severity patients (male patients requiring HFNC oxygen support), aged 35 to 80 years, who met the inclusion and exclusion criteria stated above. These patient may have been eligible for the compassionate treatment, but were not approached due to time and staff constraints.",
            "cite_spans": [],
            "ref_spans": [],
            "section": "Assessment and analysis."
        },
        {
            "text": "We compared clinical relevant endpoints such as time to weaning from HFNC (e.g lowflow oxygen via nasal cannula-NC); time to ambient (room) air (RA), as well as rate of Creactive protein (CRP) decrease, and rate of lymphocyte count increase. For that purpose CRP All rights reserved. No reuse allowed without permission.",
            "cite_spans": [],
            "ref_spans": [],
            "section": "Assessment and analysis."
        },
        {
            "text": "(which was not certified by peer review) is the author/funder, who has granted medRxiv a license to display the preprint in perpetuity.",
            "cite_spans": [],
            "ref_spans": [],
            "section": "Assessment and analysis."
        },
        {
            "text": "The copyright holder for this preprint this version posted June 23, 2020. . https://doi.org/10.1101/2020.06. 20.20099010 doi: medRxiv preprint and lymphocyte values were recorded at day 1 (treatment or admission) and at interval of 2-4 days. Time was calculated in days from the positive nasal swab. Other clinical parameters such as time to negative swab or time to chest X-ray (CXR) improvement, were not practical, because many patients were discharged prior to these endpoints.",
            "cite_spans": [
                {
                    "start": 109,
                    "end": 142,
                    "text": "20.20099010 doi: medRxiv preprint",
                    "ref_id": null
                }
            ],
            "ref_spans": [],
            "section": "Assessment and analysis."
        },
        {
            "text": "We also recorded length of hospital stay, intensive care unit (ICU) admissions, need for intubation and mechanical ventilation and extracorporeal membrane oxygenation (ECMO) use in both groups.",
            "cite_spans": [],
            "ref_spans": [],
            "section": "Assessment and analysis."
        },
        {
            "text": "Ethical considerations. Individual approval was granted for each patient treated with opaganib by the SZMC institutional review board (IRB) and the Israeli Ministry of Health. Written informed consent was obtained from each participant. For the control group, IRB approval was granted to collect de-identified data. RedHill Biopharma Ltd. provided the medication, but was not involved in the conduct of treatment or follow-up, nor in the data collection and analyses.",
            "cite_spans": [],
            "ref_spans": [],
            "section": "Assessment and analysis."
        },
        {
            "text": "The authors assume full responsibility for the integrity and completeness of the data and have prepared the manuscript draft.",
            "cite_spans": [],
            "ref_spans": [],
            "section": "Assessment and analysis."
        },
        {
            "text": "Univariate comparisons between the groups were performed with chi-square test for categorical variables and t-test or Mann-Whitney U-test for continuous variables, as appropriate. Time variables were compared with Cox proportional hazard regression, adjusted for age and background illnesses. CRP and lymphocyte changes were compared utilizing a repeated measures general linear model with a Bonferroni correction for multiple comparisons. All All rights reserved. No reuse allowed without permission.",
            "cite_spans": [],
            "ref_spans": [],
            "section": "Statistical analysis."
        },
        {
            "text": "(which was not certified by peer review) is the author/funder, who has granted medRxiv a license to display the preprint in perpetuity.",
            "cite_spans": [],
            "ref_spans": [],
            "section": "Statistical analysis."
        },
        {
            "text": "The copyright holder for this preprint this version posted June 23, 2020. ",
            "cite_spans": [],
            "ref_spans": [],
            "section": "Statistical analysis."
        },
        {
            "text": "In total, seven patients received at least one dose of opaganib since April 2, 2020. All patients received hydroxychloroquine (HCQ), however one stopped HCQ prior to opaganib treatment due to borderline Q-T interval in ECG. Three patients received azithromycin as well.",
            "cite_spans": [],
            "ref_spans": [],
            "section": "Results"
        },
        {
            "text": "One patient, who received both HCQ and azithromycin, developed diarrhea after two doses of opaganib, and the treating physicians decided to stop all his medications. A second patient who deemed to be in severe condition, was weaned to low flow oxygen within hours, and was discharged on RA after receiving two doses of opaganib. Therefore, five patients were included in this analysis. Overall, 3 received the full 14-day course of opaganib, and 2 patients received 11 and 7 days respectively, before being discharged. All patients who received opaganib were male (approximately two-thirds of severe patients in SZMC were male).",
            "cite_spans": [],
            "ref_spans": [],
            "section": "Results"
        },
        {
            "text": "Safety. Except for diarrhea in one patient, noted above, no other adverse events related to the medication were observed. This patient had also started HCQ and azithromycin within a day of opaganib and therefore all three medications were stopped.",
            "cite_spans": [],
            "ref_spans": [],
            "section": "Results"
        },
        {
            "text": "One patient reported dysuria on day 12 of treatment, that deemed to be unrelated to opaganib and another patient had an episode of atrial fibrillation that resolved spontaneously and did not recur despite continuation of opaganib.",
            "cite_spans": [],
            "ref_spans": [],
            "section": "Results"
        },
        {
            "text": "Baseline characteristics. Table 1 shows the characteristics of patients who received opaganib vs. the control cohort. Patients and controls had similar median age and similar rates of diabetes, All rights reserved. No reuse allowed without permission.",
            "cite_spans": [],
            "ref_spans": [
                {
                    "start": 26,
                    "end": 33,
                    "text": "Table 1",
                    "ref_id": null
                }
            ],
            "section": "Results"
        },
        {
            "text": "(which was not certified by peer review) is the author/funder, who has granted medRxiv a license to display the preprint in perpetuity.",
            "cite_spans": [],
            "ref_spans": [],
            "section": "Results"
        },
        {
            "text": "The copyright holder for this preprint this version posted June 23, 2020. . https://doi.org/10.1101/2020.06.20.20099010 doi: medRxiv preprint hypertension and obesity. The median duration of symptoms prior to admission did not differ substantially between the groups. Cases had somewhat higher baseline lymphocyte counts and lower D-dimer levels compared with controls. All patients were defined by the treating physicians at baseline as severe COVID-19. All severe covid-19 patients received HCQ , and the majority also received azithromycin. However, methylprednisolone was given to a third of controls and to none of the cases. Laboratory data. Lymphocyte counts increased significantly faster among the opaganib treated patients (p=0.001, Figure 2A) . Of note, a third of the control patients received systemic steroids.",
            "cite_spans": [],
            "ref_spans": [
                {
                    "start": 743,
                    "end": 753,
                    "text": "Figure 2A)",
                    "ref_id": "FIGREF6"
                }
            ],
            "section": "Results"
        },
        {
            "text": "In order to exclude bias related to the lymphocytopenic effect of steroids , the general linear model was performed again excluding these 6 patients, yielding similar results (p=0.013).",
            "cite_spans": [],
            "ref_spans": [],
            "section": "Results"
        },
        {
            "text": "All rights reserved. No reuse allowed without permission.",
            "cite_spans": [],
            "ref_spans": [],
            "section": "Results"
        },
        {
            "text": "(which was not certified by peer review) is the author/funder, who has granted medRxiv a license to display the preprint in perpetuity.",
            "cite_spans": [],
            "ref_spans": [],
            "section": "Results"
        },
        {
            "text": "The copyright holder for this preprint this version posted June 23, 2020. . https://doi.org/10.1101/2020.06. 20.20099010 doi: medRxiv preprint The rate of CRP decrease in cases vs. controls did not reach statistical significance (p=0.08, Figure 2B ).",
            "cite_spans": [
                {
                    "start": 109,
                    "end": 142,
                    "text": "20.20099010 doi: medRxiv preprint",
                    "ref_id": null
                }
            ],
            "ref_spans": [
                {
                    "start": 238,
                    "end": 247,
                    "text": "Figure 2B",
                    "ref_id": "FIGREF6"
                }
            ],
            "section": "Results"
        },
        {
            "text": "At the time of this study, no effective treatment was available for COVID-19 infection.",
            "cite_spans": [],
            "ref_spans": [],
            "section": "Discussion"
        },
        {
            "text": "Only at the end of this data collection, a preliminary report was published which showed some improvement in clinical outcomes of severe covid-19 patients treated with remdesivir 17 . Neither remdesivir nor other potential treatments such as convalescent plasma, were available for our patients. The anti-inflammatory and anti-viral properties of opaganib along with a good safety profile motivated us to offer it under compassionate use to severe covid-19 patients.",
            "cite_spans": [
                {
                    "start": 179,
                    "end": 181,
                    "text": "17",
                    "ref_id": "BIBREF16"
                }
            ],
            "ref_spans": [],
            "section": "Discussion"
        },
        {
            "text": "Although this report describes a very small cohort of patients, its preliminary results regarding the safety and efficacy of opaganib justify its further evaluation in larger cohorts, in a setting of a clinical trial.",
            "cite_spans": [],
            "ref_spans": [],
            "section": "Discussion"
        },
        {
            "text": "Patients treated with opaganib had significantly faster increase in lymphocyte count. Low lymphocyte counts were associated with a more severe covid-19 disease 18 and with a more rapid deterioration 19 ; therefore this faster increase may indicate better prognosis for the treatment group. Interestingly, the faster lymphocyte recovery among opaganib treated patients persisted even after excluding control patients who received systemic steroids. Although other clinical outcomes did not differ significantly between groups, the trends of time to improved oxygenation, rate of CRP decrease, as well as rates of mechanical ventilation, complications and discharge were all in favor of the treatment group.",
            "cite_spans": [
                {
                    "start": 160,
                    "end": 162,
                    "text": "18",
                    "ref_id": "BIBREF17"
                },
                {
                    "start": 199,
                    "end": 201,
                    "text": "19",
                    "ref_id": "BIBREF18"
                }
            ],
            "ref_spans": [],
            "section": "Discussion"
        },
        {
            "text": "All rights reserved. No reuse allowed without permission.",
            "cite_spans": [],
            "ref_spans": [],
            "section": "Discussion"
        },
        {
            "text": "(which was not certified by peer review) is the author/funder, who has granted medRxiv a license to display the preprint in perpetuity.",
            "cite_spans": [],
            "ref_spans": [],
            "section": "Discussion"
        },
        {
            "text": "The copyright holder for this preprint this version posted June 23, 2020. . https://doi.org /10.1101 /10. /2020 Opaganib treatment was well tolerated. Only in one patient was treatment stopped, due to diarrhea, while being treated with HCQ and azithromycin in addition to opaganib. Of note, in a phase 1 advanced solid tumor trial with opaganib, neuropsychiatric effects, such as anxiety and hallucinations, were noted in up to 24% of patients. These side effects were diminished at doses < 750 mg q12 hours and if taken after a light meal. In our small cohort we did not observe such side effects. Neuropsychiatric side effects were described related to HCQ treatment in covid-19 patients 20 , but also related to the infection itself 21 . Therefore, a future clinical study of opaganib in a larger cohort of covid-19 patients will have to pay special attention to monitoring neuropsychiatric symptoms.",
            "cite_spans": [
                {
                    "start": 92,
                    "end": 100,
                    "text": "/10.1101",
                    "ref_id": null
                },
                {
                    "start": 101,
                    "end": 111,
                    "text": "/10. /2020",
                    "ref_id": null
                },
                {
                    "start": 736,
                    "end": 738,
                    "text": "21",
                    "ref_id": "BIBREF20"
                }
            ],
            "ref_spans": [],
            "section": "Discussion"
        },
        {
            "text": "The results of the present report are preliminary and are limited by the small number of patients. However, in the absence of effective therapy for COVID-19, these data justify examining the effect of opaganib in the setting of a clinical trial, with larger numbers of patients and, potentially, with moderate disease severity.",
            "cite_spans": [],
            "ref_spans": [],
            "section": "Discussion"
        },
        {
            "text": "All rights reserved. No reuse allowed without permission.",
            "cite_spans": [],
            "ref_spans": [],
            "section": "Discussion"
        },
        {
            "text": "(which was not certified by peer review) is the author/funder, who has granted medRxiv a license to display the preprint in perpetuity. (which was not certified by peer review) is the author/funder, who has granted medRxiv a license to display the preprint in perpetuity.",
            "cite_spans": [],
            "ref_spans": [],
            "section": "Discussion"
        },
        {
            "text": "The copyright holder for this preprint this version posted June 23, 2020. All rights reserved. No reuse allowed without permission.",
            "cite_spans": [],
            "ref_spans": [],
            "section": "Discussion"
        },
        {
            "text": "(which was not certified by peer review) is the author/funder, who has granted medRxiv a license to display the preprint in perpetuity.",
            "cite_spans": [],
            "ref_spans": [],
            "section": "Discussion"
        },
        {
            "text": "The copyright holder for this preprint this version posted June 23, 2020. 1A. lymphocyte count increased significantly faster in cases (right circles) vs. controls (left circles) over three time points (day of admission or day of treatment start and every 2-4 days ) ; 2B-CRP increase over three time points in cases (right circles) vs. controls (left circles) All rights reserved. No reuse allowed without permission.",
            "cite_spans": [],
            "ref_spans": [],
            "section": "Discussion"
        },
        {
            "text": "(which was not certified by peer review) is the author/funder, who has granted medRxiv a license to display the preprint in perpetuity.",
            "cite_spans": [],
            "ref_spans": [],
            "section": "Discussion"
        },
        {
            "text": "The copyright holder for this preprint this version posted June 23, 2020. . https://doi.org/10.1101/2020.06.20.20099010 doi: medRxiv preprint",
            "cite_spans": [],
            "ref_spans": [],
            "section": "Discussion"
        }
    ],
    "bib_entries": {
        "BIBREF0": {
            "ref_id": "b0",
            "title": "Tumor necrosis factor-alpha activates the sphingomyelin signal transduction pathway in a cell-free system",
            "authors": [
                {
                    "first": "K",
                    "middle": [
                        "A"
                    ],
                    "last": "Dressler",
                    "suffix": ""
                },
                {
                    "first": "S",
                    "middle": [],
                    "last": "Mathias",
                    "suffix": ""
                },
                {
                    "first": "R",
                    "middle": [
                        "N"
                    ],
                    "last": "Kolesnick",
                    "suffix": ""
                }
            ],
            "year": 1992,
            "venue": "Science",
            "volume": "255",
            "issn": "5052",
            "pages": "1715--1718",
            "other_ids": {}
        },
        "BIBREF1": {
            "ref_id": "b1",
            "title": "Tumor necrosis factor-alpha induces adhesion molecule expression through the sphingosine kinase pathway",
            "authors": [
                {
                    "first": "P",
                    "middle": [],
                    "last": "Xia",
                    "suffix": ""
                },
                {
                    "first": "J",
                    "middle": [
                        "R"
                    ],
                    "last": "Gamble",
                    "suffix": ""
                },
                {
                    "first": "K",
                    "middle": [
                        "A"
                    ],
                    "last": "Rye",
                    "suffix": ""
                }
            ],
            "year": 1998,
            "venue": "Proc Natl Acad Sci U S A",
            "volume": "95",
            "issn": "24",
            "pages": "14196--14201",
            "other_ids": {}
        },
        "BIBREF2": {
            "ref_id": "b2",
            "title": "Role of ceramide in stimulation of the transcription of cytosolic phospholipase A2 and cyclooxygenase 2",
            "authors": [
                {
                    "first": "M",
                    "middle": [],
                    "last": "Hayakawa",
                    "suffix": ""
                },
                {
                    "first": "S",
                    "middle": [],
                    "last": "Jayadev",
                    "suffix": ""
                },
                {
                    "first": "M",
                    "middle": [],
                    "last": "Tsujimoto",
                    "suffix": ""
                },
                {
                    "first": "Y",
                    "middle": [
                        "A"
                    ],
                    "last": "Hannun",
                    "suffix": ""
                },
                {
                    "first": "F",
                    "middle": [],
                    "last": "Ito",
                    "suffix": ""
                }
            ],
            "year": 1996,
            "venue": "Biochem Biophys Res Commun",
            "volume": "220",
            "issn": "3",
            "pages": "681--686",
            "other_ids": {}
        },
        "BIBREF3": {
            "ref_id": "b3",
            "title": "Sphingosine-1-phosphate inhibits acid sphingomyelinase and blocks apoptosis in macrophages",
            "authors": [
                {
                    "first": "A",
                    "middle": [],
                    "last": "G\u00f3mez-Mu\u00f1oz",
                    "suffix": ""
                },
                {
                    "first": "J",
                    "middle": [],
                    "last": "Kong",
                    "suffix": ""
                },
                {
                    "first": "B",
                    "middle": [],
                    "last": "Salh",
                    "suffix": ""
                },
                {
                    "first": "U",
                    "middle": [
                        "P"
                    ],
                    "last": "Steinbrecher",
                    "suffix": ""
                }
            ],
            "year": 2003,
            "venue": "FEBS Letters",
            "volume": "539",
            "issn": "1-3",
            "pages": "56--60",
            "other_ids": {}
        },
        "BIBREF4": {
            "ref_id": "b4",
            "title": "Sphingosine-1-phosphate: a plateletactivating sphingolipid released from agonist-stimulated human platelets",
            "authors": [
                {
                    "first": "Y",
                    "middle": [],
                    "last": "Yatomi",
                    "suffix": ""
                },
                {
                    "first": "F",
                    "middle": [],
                    "last": "Ruan",
                    "suffix": ""
                },
                {
                    "first": "S",
                    "middle": [],
                    "last": "Hakomori",
                    "suffix": ""
                },
                {
                    "first": "Y",
                    "middle": [],
                    "last": "Igarashi",
                    "suffix": ""
                }
            ],
            "year": 1995,
            "venue": "Blood",
            "volume": "86",
            "issn": "1",
            "pages": "193--202",
            "other_ids": {}
        },
        "BIBREF5": {
            "ref_id": "b5",
            "title": "The balance between sphingosine and sphingosine-1-phosphate is decisive for mast cell activation after Fc epsilon receptor I triggering",
            "authors": [
                {
                    "first": "E",
                    "middle": [
                        "E"
                    ],
                    "last": "Prieschl",
                    "suffix": ""
                },
                {
                    "first": "R",
                    "middle": [],
                    "last": "Csonga",
                    "suffix": ""
                },
                {
                    "first": "V",
                    "middle": [],
                    "last": "Novotny",
                    "suffix": ""
                },
                {
                    "first": "G",
                    "middle": [
                        "E"
                    ],
                    "last": "Kikuchi",
                    "suffix": ""
                },
                {
                    "first": "T",
                    "middle": [],
                    "last": "Baumruker",
                    "suffix": ""
                }
            ],
            "year": 1999,
            "venue": "J Exp Med",
            "volume": "190",
            "issn": "1",
            "pages": "1--8",
            "other_ids": {}
        },
        "BIBREF6": {
            "ref_id": "b6",
            "title": "The sphingosine kinase 1/sphingosine-1-phosphate pathway mediates COX-2 induction and PGE2 production in response to TNFalpha",
            "authors": [
                {
                    "first": "B",
                    "middle": [
                        "J"
                    ],
                    "last": "Pettus",
                    "suffix": ""
                },
                {
                    "first": "J",
                    "middle": [],
                    "last": "Bielawski",
                    "suffix": ""
                },
                {
                    "first": "A",
                    "middle": [
                        "M"
                    ],
                    "last": "Porcelli",
                    "suffix": ""
                }
            ],
            "year": 2003,
            "venue": "FASEB J",
            "volume": "17",
            "issn": "11",
            "pages": "1411--1421",
            "other_ids": {}
        },
        "BIBREF7": {
            "ref_id": "b7",
            "title": "Sphingosine 1-phosphate has dual functions in the regulation of endothelial cell permeability and Ca2+ metabolism",
            "authors": [
                {
                    "first": "K",
                    "middle": [],
                    "last": "Itagaki",
                    "suffix": ""
                },
                {
                    "first": "J",
                    "middle": [
                        "K"
                    ],
                    "last": "Yun",
                    "suffix": ""
                },
                {
                    "first": "J",
                    "middle": [
                        "A"
                    ],
                    "last": "Hengst",
                    "suffix": ""
                }
            ],
            "year": 2007,
            "venue": "J Pharmacol Exp Ther",
            "volume": "323",
            "issn": "1",
            "pages": "186--191",
            "other_ids": {}
        },
        "BIBREF8": {
            "ref_id": "b8",
            "title": "Sphingosine kinase: a point of convergence in the action of diverse neutrophil priming agents",
            "authors": [
                {
                    "first": "A",
                    "middle": [
                        "C"
                    ],
                    "last": "Mackinnon",
                    "suffix": ""
                },
                {
                    "first": "A",
                    "middle": [],
                    "last": "Buckley",
                    "suffix": ""
                },
                {
                    "first": "E",
                    "middle": [
                        "R"
                    ],
                    "last": "Chilvers",
                    "suffix": ""
                },
                {
                    "first": "A",
                    "middle": [
                        "G"
                    ],
                    "last": "Rossi",
                    "suffix": ""
                },
                {
                    "first": "C",
                    "middle": [],
                    "last": "Haslett",
                    "suffix": ""
                },
                {
                    "first": "T",
                    "middle": [],
                    "last": "Sethi",
                    "suffix": ""
                }
            ],
            "year": 2002,
            "venue": "J Immunol",
            "volume": "169",
            "issn": "11",
            "pages": "6394--6400",
            "other_ids": {}
        },
        "BIBREF9": {
            "ref_id": "b9",
            "title": "Suppression of ulcerative colitis in mice by orally available inhibitors of sphingosine kinase",
            "authors": [
                {
                    "first": "L",
                    "middle": [
                        "W"
                    ],
                    "last": "Maines",
                    "suffix": ""
                },
                {
                    "first": "L",
                    "middle": [
                        "R"
                    ],
                    "last": "Fitzpatrick",
                    "suffix": ""
                },
                {
                    "first": "K",
                    "middle": [
                        "J"
                    ],
                    "last": "French",
                    "suffix": ""
                }
            ],
            "year": 2008,
            "venue": "Dig Dis Sci",
            "volume": "53",
            "issn": "4",
            "pages": "997--1012",
            "other_ids": {}
        },
        "BIBREF10": {
            "ref_id": "b10",
            "title": "Efficacy of a novel sphingosine kinase inhibitor in experimental Crohn's disease",
            "authors": [
                {
                    "first": "L",
                    "middle": [
                        "W"
                    ],
                    "last": "Maines",
                    "suffix": ""
                },
                {
                    "first": "L",
                    "middle": [
                        "R"
                    ],
                    "last": "Fitzpatrick",
                    "suffix": ""
                },
                {
                    "first": "C",
                    "middle": [
                        "L"
                    ],
                    "last": "Green",
                    "suffix": ""
                },
                {
                    "first": "Y",
                    "middle": [],
                    "last": "Zhuang",
                    "suffix": ""
                },
                {
                    "first": "C",
                    "middle": [
                        "D"
                    ],
                    "last": "Smith",
                    "suffix": ""
                }
            ],
            "year": 2010,
            "venue": "Inflammopharmacology",
            "volume": "18",
            "issn": "2",
            "pages": "73--85",
            "other_ids": {}
        },
        "BIBREF11": {
            "ref_id": "b11",
            "title": "Attenuation of arthritis in rodents by a novel orally-available inhibitor of sphingosine kinase",
            "authors": [
                {
                    "first": "L",
                    "middle": [
                        "R"
                    ],
                    "last": "Fitzpatrick",
                    "suffix": ""
                },
                {
                    "first": "C",
                    "middle": [],
                    "last": "Green",
                    "suffix": ""
                },
                {
                    "first": "E",
                    "middle": [
                        "E"
                    ],
                    "last": "Frauenhoffer",
                    "suffix": ""
                }
            ],
            "year": 2011,
            "venue": "Inflammopharmacology",
            "volume": "19",
            "issn": "2",
            "pages": "75--87",
            "other_ids": {}
        },
        "BIBREF12": {
            "ref_id": "b12",
            "title": "Pseudomonas aeruginosa stimulates nuclear sphingosine-1-phosphate generation and epigenetic regulation of lung inflammatory injury",
            "authors": [
                {
                    "first": "D",
                    "middle": [
                        "L"
                    ],
                    "last": "Ebenezer",
                    "suffix": ""
                },
                {
                    "first": "E",
                    "middle": [
                        "V"
                    ],
                    "last": "Berdyshev",
                    "suffix": ""
                },
                {
                    "first": "I",
                    "middle": [
                        "A"
                    ],
                    "last": "Bronova",
                    "suffix": ""
                }
            ],
            "year": 2019,
            "venue": "Thorax",
            "volume": "74",
            "issn": "6",
            "pages": "579--591",
            "other_ids": {}
        },
        "BIBREF13": {
            "ref_id": "b13",
            "title": "Sphingosine kinase 2 is a chikungunya virus host factor co-localized with the viral replication complex",
            "authors": [
                {
                    "first": "S",
                    "middle": [
                        "P"
                    ],
                    "last": "Reid",
                    "suffix": ""
                },
                {
                    "first": "S",
                    "middle": [
                        "R"
                    ],
                    "last": "Tritsch",
                    "suffix": ""
                },
                {
                    "first": "K",
                    "middle": [],
                    "last": "Kota",
                    "suffix": ""
                }
            ],
            "year": 2015,
            "venue": "Emerg Microbes Infect",
            "volume": "4",
            "issn": "10",
            "pages": "",
            "other_ids": {}
        },
        "BIBREF14": {
            "ref_id": "b14",
            "title": "Transient inhibition of sphingosine kinases confers protection to influenza A virus infected mice",
            "authors": [
                {
                    "first": "C",
                    "middle": [],
                    "last": "Xia",
                    "suffix": ""
                },
                {
                    "first": "Y",
                    "middle": [
                        "J"
                    ],
                    "last": "Seo",
                    "suffix": ""
                },
                {
                    "first": "C",
                    "middle": [
                        "J"
                    ],
                    "last": "Studstill",
                    "suffix": ""
                },
                {
                    "first": "M",
                    "middle": [],
                    "last": "Vijayan",
                    "suffix": ""
                },
                {
                    "first": "J",
                    "middle": [
                        "J"
                    ],
                    "last": "Wolf",
                    "suffix": ""
                },
                {
                    "first": "B",
                    "middle": [],
                    "last": "Hahm",
                    "suffix": ""
                }
            ],
            "year": 2018,
            "venue": "Antiviral Res",
            "volume": "158",
            "issn": "",
            "pages": "171--177",
            "other_ids": {}
        },
        "BIBREF15": {
            "ref_id": "b15",
            "title": "A Phase I Study of ABC294640, a First-in-Class Sphingosine Kinase-2 Inhibitor, in Patients with Advanced Solid Tumors",
            "authors": [
                {
                    "first": "C",
                    "middle": [
                        "D"
                    ],
                    "last": "Britten",
                    "suffix": ""
                },
                {
                    "first": "E",
                    "middle": [],
                    "last": "Garrett-Mayer",
                    "suffix": ""
                },
                {
                    "first": "S",
                    "middle": [
                        "H"
                    ],
                    "last": "Chin",
                    "suffix": ""
                }
            ],
            "year": 2017,
            "venue": "Clin Cancer Res",
            "volume": "23",
            "issn": "16",
            "pages": "4642--4650",
            "other_ids": {}
        },
        "BIBREF16": {
            "ref_id": "b16",
            "title": "Compassionate Use of Remdesivir for Patients with Severe Covid-19",
            "authors": [
                {
                    "first": "J",
                    "middle": [],
                    "last": "Grein",
                    "suffix": ""
                },
                {
                    "first": "N",
                    "middle": [],
                    "last": "Ohmagari",
                    "suffix": ""
                },
                {
                    "first": "D",
                    "middle": [],
                    "last": "Shin",
                    "suffix": ""
                }
            ],
            "year": 2020,
            "venue": "N Engl J Med",
            "volume": "",
            "issn": "",
            "pages": "",
            "other_ids": {}
        },
        "BIBREF17": {
            "ref_id": "b17",
            "title": "Prediction models for diagnosis and prognosis of covid-19 infection: systematic review and critical appraisal",
            "authors": [
                {
                    "first": "L",
                    "middle": [],
                    "last": "Wynants",
                    "suffix": ""
                },
                {
                    "first": "B",
                    "middle": [],
                    "last": "Van Calster",
                    "suffix": ""
                },
                {
                    "first": "Mmj",
                    "middle": [],
                    "last": "Bonten",
                    "suffix": ""
                }
            ],
            "year": 2020,
            "venue": "BMJ",
            "volume": "369",
            "issn": "",
            "pages": "",
            "other_ids": {}
        },
        "BIBREF18": {
            "ref_id": "b18",
            "title": "Predictive factors for disease progression in hospitalized patients with coronavirus disease 2019 in Wuhan",
            "authors": [
                {
                    "first": "J",
                    "middle": [],
                    "last": "Zhang",
                    "suffix": ""
                },
                {
                    "first": "M",
                    "middle": [],
                    "last": "Yu",
                    "suffix": ""
                },
                {
                    "first": "S",
                    "middle": [],
                    "last": "Tong",
                    "suffix": ""
                },
                {
                    "first": "L",
                    "middle": [
                        "Y"
                    ],
                    "last": "Liu",
                    "suffix": ""
                },
                {
                    "first": "L",
                    "middle": [
                        "V"
                    ],
                    "last": "Tang",
                    "suffix": ""
                }
            ],
            "year": 2020,
            "venue": "China. J Clin Virol",
            "volume": "127",
            "issn": "",
            "pages": "",
            "other_ids": {}
        },
        "BIBREF19": {
            "ref_id": "b19",
            "title": "Neuropsychiatric adverse events of chloroquine: a real-world pharmacovigilance study using the FDA Adverse Event Reporting System (FAERS) database",
            "authors": [
                {
                    "first": "K",
                    "middle": [],
                    "last": "Sato",
                    "suffix": ""
                },
                {
                    "first": "T",
                    "middle": [],
                    "last": "Mano",
                    "suffix": ""
                },
                {
                    "first": "A",
                    "middle": [],
                    "last": "Iwata",
                    "suffix": ""
                },
                {
                    "first": "T",
                    "middle": [],
                    "last": "Toda",
                    "suffix": ""
                }
            ],
            "year": 2020,
            "venue": "BioScience Trends",
            "volume": "",
            "issn": "",
            "pages": "",
            "other_ids": {}
        },
        "BIBREF20": {
            "ref_id": "b20",
            "title": "Neurological complications of coronavirus and COVID-19",
            "authors": [
                {
                    "first": "F",
                    "middle": [
                        "J"
                    ],
                    "last": "Carod-Artal",
                    "suffix": ""
                }
            ],
            "year": 2020,
            "venue": "Rev Neurol",
            "volume": "70",
            "issn": "9",
            "pages": "311--322",
            "other_ids": {}
        },
        "BIBREF21": {
            "ref_id": "b21",
            "title": "All rights reserved. No reuse allowed without permission. (which was not certified by peer review) is the author/funder, who has granted medRxiv a license to display the preprint in perpetuity. The copyright holder for this preprint this version posted",
            "authors": [
                {
                    "first": "R",
                    "middle": [],
                    "last": "Fathi",
                    "suffix": ""
                }
            ],
            "year": 2020,
            "venue": "inventor Therapy for inhibition of single-stranded RNA virus replication U.S patent 10",
            "volume": "543",
            "issn": "",
            "pages": "",
            "other_ids": {
                "DOI": [
                    "10.1101/2020.06.20.20099010"
                ]
            }
        }
    },
    "ref_entries": {
        "FIGREF0": {
            "text": "Setting. Shaare-Zedek Medical Center (SZMC) is a tertiary academic hospital in Jerusalem, IL. On February 27 th the first case of COVID-19 was diagnosed in Israel, with a dramatic increase in the number of cases following a Jewish holiday in the middle of March. Many cases were diagnosed in the orthodox Jewish communities of Jerusalem, which the hospital serves.",
            "latex": null,
            "type": "figure"
        },
        "FIGREF2": {
            "text": "Clinical outcomes. Among opaganib treated patients, median time to weaning from HFNC (time to NC) was 10 days (IQR: 9-15.5) compared with 15 days (IQR:8-19) in the control group , however this difference was not statistically significant [Hazard ratio (HR)= 0.3, 95% CI: 0.07-1.7, p=0.2] (Figure 1). Time to RA was 13 days in the opaganib group (IQR: 10.5-19) vs. 14.5 days in the controls (IQR: 10-28); (HR=0.4, 95% CI: 0.15-1.5). Complications. All patients in the treatment group were discharged by the time of data collection, none have required mechanical ventilation or suffered complications. Among controls, 5 patients were not discharged by the time of data collection. Six patients in the control group (33%) required mechanical ventilation (p value compared with opaganib groups=0.13), 2 (11%) required ECMO, and one required tracheostomy. By the time of data collection, median length of stay was 18 days for the treatment group (IQR: 14-24.5) vs. 21.5 (IQR: 15.2-29.5) for controls. None of the patients in both groups had died by the time of data collection.",
            "latex": null,
            "type": "figure"
        },
        "FIGREF4": {
            "text": "Cumulative rate of clinical improvement among cases vs. controls. 1A. Days from diagnosis to breathing ambient air; 1B. Days from diagnosis to low-flow oxygen support (weaning from high flow oxygen) .",
            "latex": null,
            "type": "figure"
        },
        "FIGREF6": {
            "text": "Results of analysis of variance by general linear model (GLM) repeated measures.",
            "latex": null,
            "type": "figure"
        },
        "TABREF0": {
            "text": "The copyright holder for this preprint this version posted June 23, 2020.. https://doi.org/10.1101/2020.06.20.20099010 doi: medRxiv preprint Table 1. Baseline characteristics of the patients * . Fibrinogen, mg/dL D-dimer, ng/mL Ferritin, ng/mL *All patients are male; IQR-interquartile range All rights reserved. No reuse allowed without permission.",
            "latex": null,
            "type": "table"
        }
    },
    "back_matter": []
}