{
    "paper_id": "00370f0ad667802830e56ea2b477b17b198f8776",
    "metadata": {
        "title": "Journal Pre-proof SARS-CoV-2 vaccine candidates: A beginning of the end of COVID-19 pandemic- Editorial SARS-CoV-2 Vaccine Candidates: A beginning of the end of COVID-19 pandemic-Editorial",
        "authors": [
            {
                "first": "Srividya",
                "middle": [],
                "last": "Kakulavarapu",
                "suffix": "",
                "affiliation": {
                    "laboratory": "",
                    "institution": "Kendall Regional Medical Center",
                    "location": {
                        "settlement": "Miami",
                        "region": "FL",
                        "country": "USA"
                    }
                },
                "email": ""
            },
            {
                "first": "Dessy",
                "middle": [],
                "last": "Boneva",
                "suffix": "",
                "affiliation": {
                    "laboratory": "",
                    "institution": "Kendall Regional Medical Center",
                    "location": {
                        "settlement": "Miami",
                        "region": "FL",
                        "country": "USA"
                    }
                },
                "email": ""
            },
            {
                "first": "Adel",
                "middle": [],
                "last": "Elkbuli",
                "suffix": "",
                "affiliation": {
                    "laboratory": "",
                    "institution": "Kendall Regional Medical Center",
                    "location": {
                        "settlement": "Miami",
                        "region": "FL",
                        "country": "USA"
                    }
                },
                "email": "adel.elkbulli@hcahealthcare.com"
            }
        ]
    },
    "abstract": [],
    "body_text": [
        {
            "text": "With the emergence of the novel coronavirus, severe acute respiratory syndrome 2 (Sars-CoV-2) came the harsh realization of how unprepared various government entities and societies were for a pandemic. The following year reigned in an economic and public health catastrophe, from which we are still slowly recovering today. In response, the brightest minds in the world collaborated and put scientific discovery into hyper drive, resulting in numerous vaccines' production -the quickest in history. To grasp the basic science behind vaccination, one must understand that every virus is different in the '5Ws and how' it infects its host. As variable as the virus is, so is its host immune response depending on viral load, infection location, host gender, age, and immune status.",
            "cite_spans": [],
            "ref_spans": [],
            "section": "J o u r n a l P r e -p r o o f"
        },
        {
            "text": "Upon examination, the Sars-CoV-2 structure is of the coronaviridae family: pleomorphic, positive sense, ssRNA, enveloped viruses with surface projections composed of spike (S) protein. 6 The S protein is the essential component of the virus for attachment, fusion, and entry into the host cell. 6 Sars-CoV-2 binds and enters the host cell via the human angiotensinconverting enzyme 2 (hACE2) receptor binding the viral S protein. 6 This receptor is expressed all over the human body, but mostly in the pulmonary, neurological, and gastrointestinal systems, explaining the general clinical picture. The Sars-CoV-2 virus is a highly contagious virus spread via respiratory droplets, direct contact, or fomites. Symptom presentation between hosts differs significantly and can include fever, dry cough, fatigue, shortness of breath, chills, muscle aches, headache, GI disturbances, and weight loss. 3 Presentation in patients with comorbidities, such as diabetes or hypertension, is more severe and accounts for most deaths around the world. Thus, the vaccine must dually provide rapid and sustainable eradication of the virus. To achieve this, scientists must determine the immunological response -humoral or cell-J o u r n a l P r e -p r o o f mediated response and antibody isotype -that the vaccine must elicit. 4 Globally, the virus has spread like wildfire, leading to staggering numbers of infections and death. Therefore, society can grasp the dire nature of vaccine production and distribution.",
            "cite_spans": [
                {
                    "start": 185,
                    "end": 186,
                    "text": "6",
                    "ref_id": "BIBREF6"
                },
                {
                    "start": 295,
                    "end": 296,
                    "text": "6",
                    "ref_id": "BIBREF6"
                },
                {
                    "start": 430,
                    "end": 431,
                    "text": "6",
                    "ref_id": "BIBREF6"
                },
                {
                    "start": 896,
                    "end": 897,
                    "text": "3",
                    "ref_id": "BIBREF3"
                },
                {
                    "start": 1313,
                    "end": 1314,
                    "text": "4",
                    "ref_id": "BIBREF4"
                }
            ],
            "ref_spans": [],
            "section": "COVID-19 Characteristics"
        },
        {
            "text": "In the past, vaccines have taken many forms including the following: polysaccharide, conjugate, live-attenuated, inactivated, sub-unit, and many others. Polysaccharide vaccines and their conjugate counterparts are amongst the oldest created. These vaccines, composed of capsular polysaccharides, were born in the 1970s and produced sufficient immune responses in adults, but provided no protection in infants and adolescents. 14 Shortly after, a few scientists linked these capsular polysaccharide vaccines to carrier proteins and elicited strong immunogenicity in children, as well. 14 The live-attenuated vaccines (LAVs), like the Varicella vaccine, has an inherent ability to recruit both the innate and adaptive immune systems via tolllike receptors. 6 It can also be derived via several methods, such as reverse genetics. 6 However, to establish safety and efficacy, LAVs require lengthy clinical trials and nucleotide substitution may occur forming recombinants after vaccination is completed. 6 Inactivated or \"killed\" viruses, are evidently safer than live-attenuated viruses. Its infrastructure is premade, allowing for quick production, but it does require a booster vaccination to sustain a strong immune response and these vaccines are difficult to maintain and handle. 6 DNA vaccines are stable within a wide range of temperatures and can be developed rather quickly in comparison. 6 The downside is though they elicit an innate and adaptive immune response, it is not robust. 6 Additionally, DNA may insert into the host genome causing cellular abnormalities and resultant self-antibody production. 6 A subunit vaccine does not contain live portions of a virus and thus is safer. 6 It is disadvantaged by the fact that it induces a suboptimal J o u r n a l P r e -p r o o f immune response, and the recruitment of plasma cells (memory B cells) in a future infection is unlikely. 6 Subunit vaccines also require an adjuvant to boost immunogenicity. 6 Adjuvants can either increase the half-life of the vaccine in serum or diminish the immune response. 6 As of July 2020, a vaccine that produces antibodies to neutralize the S protein has been the primary goal of all contenders. 6 At this time, two mRNA vaccines and one viral vector vaccine have begun distribution across the world: Moderna mRNA-1273, BioNTech/Pfizer BNT162b2, and Oxford AstraZeneca ChAdOx1 nCoV-19, respectively. 7 mRNA vaccines are a reasonably new technology. They are non-infectious mediums with almost no integrative abilities and thus close to zero potential risks of mutagenesis. 6 With various alterations, the mRNA vaccine can have minimal immunogenicity with increased stability. 6 As a result of minimal immunogenic reactions, the vaccine can be rapidly developed and repeatedly administered. 5 mRNA vaccines, unfortunately, are unstable. 6 On the other hand, viral vector vaccines are highly accurate mediums as well -they can deliver genes to specific target cells with high efficiency. 6 Gene transduction and immune response induction are also highly efficient, leading to a sustained expression of antigens. 12 These vaccines recruit cytotoxic T lymphocytes, ensuring the prompt destruction of virally infected cells. 10 The drawback with these vaccines is that the host may have a predisposed immune response to the vector, decreasing its efficacy. 6 The viral vector may also insert itself into the host genome, as with the DNA vaccine, and lead to cancer. 6",
            "cite_spans": [
                {
                    "start": 755,
                    "end": 756,
                    "text": "6",
                    "ref_id": "BIBREF6"
                },
                {
                    "start": 827,
                    "end": 828,
                    "text": "6",
                    "ref_id": "BIBREF6"
                },
                {
                    "start": 1000,
                    "end": 1001,
                    "text": "6",
                    "ref_id": "BIBREF6"
                },
                {
                    "start": 1282,
                    "end": 1283,
                    "text": "6",
                    "ref_id": "BIBREF6"
                },
                {
                    "start": 1395,
                    "end": 1396,
                    "text": "6",
                    "ref_id": "BIBREF6"
                },
                {
                    "start": 1490,
                    "end": 1491,
                    "text": "6",
                    "ref_id": "BIBREF6"
                },
                {
                    "start": 1613,
                    "end": 1614,
                    "text": "6",
                    "ref_id": "BIBREF6"
                },
                {
                    "start": 1694,
                    "end": 1695,
                    "text": "6",
                    "ref_id": "BIBREF6"
                },
                {
                    "start": 1893,
                    "end": 1894,
                    "text": "6",
                    "ref_id": "BIBREF6"
                },
                {
                    "start": 1962,
                    "end": 1963,
                    "text": "6",
                    "ref_id": "BIBREF6"
                },
                {
                    "start": 2065,
                    "end": 2066,
                    "text": "6",
                    "ref_id": "BIBREF6"
                },
                {
                    "start": 2192,
                    "end": 2193,
                    "text": "6",
                    "ref_id": "BIBREF6"
                },
                {
                    "start": 2569,
                    "end": 2570,
                    "text": "6",
                    "ref_id": "BIBREF6"
                },
                {
                    "start": 2672,
                    "end": 2673,
                    "text": "6",
                    "ref_id": "BIBREF6"
                },
                {
                    "start": 2832,
                    "end": 2833,
                    "text": "6",
                    "ref_id": "BIBREF6"
                },
                {
                    "start": 2982,
                    "end": 2983,
                    "text": "6",
                    "ref_id": "BIBREF6"
                },
                {
                    "start": 3106,
                    "end": 3108,
                    "text": "12",
                    "ref_id": "BIBREF12"
                },
                {
                    "start": 3216,
                    "end": 3218,
                    "text": "10",
                    "ref_id": "BIBREF10"
                },
                {
                    "start": 3348,
                    "end": 3349,
                    "text": "6",
                    "ref_id": "BIBREF6"
                }
            ],
            "ref_spans": [],
            "section": "Vaccine Variations"
        },
        {
            "text": "The Moderna mRNA-1273 vaccine is an mRNA vaccine composed of synthetic genetic material within a Lipid Nanoparticle (LNP). 6 The mRNA strand within the Moderna vaccine encodes a full-length stabilized S protein, which is the viral form before completing fusion with J o u r n a l P r e -p r o o f the host cell. 6 Administration potentially elicits a specific S protein antiviral response while being relatively safe because it does not contain any components of the inactivated virus or live pathogen. 1 To assess the safety and efficacy profile of the vaccine, phase 3 of the Coronavirus Efficacy (COVE) trials began in July 2020. 1 The vaccine was administered 28 days apart in the deltoid muscle of the same arm. 1 Evidence from the COVE trials indicates that the mRNA-1273 vaccine has short-term efficacy in preventing symptomatic COVID-19 infection among a diverse adult population. 1 All severe COVID-19 infections occurred in the group receiving placebo injections, which means that mRNA-1273 has a severe illness preventative effect, too. After primary analysis, this vaccine showed an efficacy of 94.1% for preventing symptomatic COVID-19 infection compared with the placebo injection in participants that were seronegative at baseline. 1 The trials show that the vaccine is safe, with minimal local reactions but moderate to severe systemic reactions after the second dose, including transient fatigue, myalgia, arthralgia, and headache in about 50% of participants. These side effects were resolved by day two postvaccination and had no resulting sequelae. 1",
            "cite_spans": [
                {
                    "start": 123,
                    "end": 124,
                    "text": "6",
                    "ref_id": "BIBREF6"
                },
                {
                    "start": 312,
                    "end": 313,
                    "text": "6",
                    "ref_id": "BIBREF6"
                },
                {
                    "start": 503,
                    "end": 504,
                    "text": "1",
                    "ref_id": null
                },
                {
                    "start": 633,
                    "end": 634,
                    "text": "1",
                    "ref_id": null
                },
                {
                    "start": 717,
                    "end": 718,
                    "text": "1",
                    "ref_id": null
                },
                {
                    "start": 889,
                    "end": 890,
                    "text": "1",
                    "ref_id": null
                },
                {
                    "start": 1247,
                    "end": 1248,
                    "text": "1",
                    "ref_id": null
                }
            ],
            "ref_spans": [],
            "section": "Moderna mRNA-1273"
        },
        {
            "text": "The BioNTech/Pfizer vaccine is also an optimized mRNA vaccine. 6 The genetic sequence encodes for the Sars-CoV-2 receptor binding domain (RBD), which is this vaccine's neutralizing antibody target. 6 The RBD is component of the S protein -specifically the S1 subunit -and due to the addition of a T4 domain, the BNT162b2 vaccine elicits a large immunogenic response. 6 The mRNA sequence is contained within a cationic LNP, which makes delivery into target cells efficient. 6 The vaccine is unique to other mRNA vaccines, as it stimulates a robust IgG response that is far stronger than the Sars-CoV-2 infection itself. 6 Trials for the BNT162b2 vaccine also began in July 2020 and was administered 21 days apart with the J o u r n a l P r e -p r o o f same methods. Overall, participants that received the BioNTech/Pfizer vaccine had more complaints of local injection site reactions than the placebo group; systemic side effect profiles included fatigue, headache, fever, or a combination of the three, which subsided 1-2 days after administration of the second dose. 8 Primary analysis of efficacy showed a value of 95.0% in those with no history of previous Sars-CoV-2 infection and 94.6% in participants with a known history of the disease. 8 Interestingly, analysis among several demographic groups determined an efficacy value of 94.6% in a group with hypertension. 8 This trial went one step further than the Moderna trial by testing the efficacy of one dose versus two, resulting in a value of 52%, which indicates early protection. 8",
            "cite_spans": [
                {
                    "start": 63,
                    "end": 64,
                    "text": "6",
                    "ref_id": "BIBREF6"
                },
                {
                    "start": 198,
                    "end": 199,
                    "text": "6",
                    "ref_id": "BIBREF6"
                },
                {
                    "start": 367,
                    "end": 368,
                    "text": "6",
                    "ref_id": "BIBREF6"
                },
                {
                    "start": 473,
                    "end": 474,
                    "text": "6",
                    "ref_id": "BIBREF6"
                },
                {
                    "start": 619,
                    "end": 620,
                    "text": "6",
                    "ref_id": "BIBREF6"
                },
                {
                    "start": 1069,
                    "end": 1070,
                    "text": "8",
                    "ref_id": "BIBREF8"
                },
                {
                    "start": 1245,
                    "end": 1246,
                    "text": "8",
                    "ref_id": "BIBREF8"
                },
                {
                    "start": 1372,
                    "end": 1373,
                    "text": "8",
                    "ref_id": "BIBREF8"
                }
            ],
            "ref_spans": [],
            "section": "BioNTech/Pfizer BNT162b2 mRNA"
        },
        {
            "text": "On the other hand, the ChAdOx1 nCoV-19 vaccine formulated by AstraZeneca, also known as AZD1222, is a recombinant adenovirus viral vector vaccine. It was also optimized for mRNA codon and, interestingly, synthesized with tissue plasminogen activator (tPA). 6 These modifications, along with placement within a shuttle plasmid, allow for escalated immunity in intra-muscularly vaccinated participants. 6 Previous studies conducted by Ou et al. indicate that one dose should elicit a sufficient immunologic response. 7 Administration of doses occurred at varying intervals with a range of 32-86 days due to vaccine manufacturing issues. 13 Primary analysis resulted in a true efficacy of 70.4% in participants who received both vaccine doses and 64.1% in those who received one dose. 13 Across all studies, the ChAdOx1 nCoV-19 vaccine had a decent safety profile with an acceptable balance of serious adverse events. 13 Cases of hemolytic anemia (1) and transverse myelitis (3) were possibly associated with vaccination, though very rare. 13 All patients with serious side effects are in stable or improving condition. 13",
            "cite_spans": [
                {
                    "start": 257,
                    "end": 258,
                    "text": "6",
                    "ref_id": "BIBREF6"
                },
                {
                    "start": 401,
                    "end": 402,
                    "text": "6",
                    "ref_id": "BIBREF6"
                },
                {
                    "start": 515,
                    "end": 516,
                    "text": "7",
                    "ref_id": "BIBREF7"
                },
                {
                    "start": 635,
                    "end": 637,
                    "text": "13",
                    "ref_id": "BIBREF13"
                },
                {
                    "start": 782,
                    "end": 784,
                    "text": "13",
                    "ref_id": "BIBREF13"
                },
                {
                    "start": 915,
                    "end": 917,
                    "text": "13",
                    "ref_id": "BIBREF13"
                },
                {
                    "start": 1037,
                    "end": 1039,
                    "text": "13",
                    "ref_id": "BIBREF13"
                }
            ],
            "ref_spans": [],
            "section": "ChAdOx1 nCoV-19 Viral Vector"
        },
        {
            "text": "J o u r n a l P r e -p r o o f",
            "cite_spans": [],
            "ref_spans": [],
            "section": "Vaccine Handling"
        },
        {
            "text": "The current issues at hand is mass production rate, accessibility, and affordability for the general public. COVAX, a joint initiative between Gavi, the Vaccine Alliance, the World Health Organization, and the Coalition for Epidemic Preparedness Innovations, will ensure the equal and fair distribution of COVID-19 vaccines. 2 The ChAdOx1 nCoV-19 vaccine by AstraZeneca is part of this coalition, making each dose available for $4 and able to be stored at 2-8 o C. 2 BNT162b2 created by BioNTech/Pfizer is not part of COVAX, making a dose available for $20.",
            "cite_spans": [
                {
                    "start": 325,
                    "end": 326,
                    "text": "2",
                    "ref_id": null
                }
            ],
            "ref_spans": [],
            "section": "Vaccine Handling"
        },
        {
            "text": "Maintenance is also tricky since it must be at -70 o C. 2 Once thawed; however, the vaccine can be kept in a conventional refrigerator for up to five days. 2 The mRNA-1273 vaccine via Moderna is also not a member of COVAX; patrons must store it at -20 o C with an unclear price per dose at this time. 2 Vaccination has proven to protect society from the horrifying consequences of infection for centuries. Though the initial concern with Sars-CoV-2 vaccine production was its streamlined nature, none of the vaccine production groups skipped proper protocol steps as defined by the Food and Drug Administration (FDA). All clinical trial data and procedures are available for transparency and tested with accuracy among willing volunteers. No matter how the dose may be stored or sold, all eligible members of society must take all necessary steps to try and receive the vaccine to prevent the further spread and mutation of the virus, as infection rates will continue to rise without adequate preventative measures and mass vaccination.",
            "cite_spans": [
                {
                    "start": 56,
                    "end": 57,
                    "text": "2",
                    "ref_id": null
                },
                {
                    "start": 156,
                    "end": 157,
                    "text": "2",
                    "ref_id": null
                },
                {
                    "start": 301,
                    "end": 302,
                    "text": "2",
                    "ref_id": null
                }
            ],
            "ref_spans": [],
            "section": "Vaccine Handling"
        },
        {
            "text": "J o u r n a l P r e -p r o o f",
            "cite_spans": [],
            "ref_spans": [],
            "section": "Vaccine Handling"
        }
    ],
    "bib_entries": {
        "BIBREF0": {
            "ref_id": "b0",
            "title": "Efficacy and Safety of the mRNA-1273 SARS-CoV-2 Vaccine",
            "authors": [
                {
                    "first": "L",
                    "middle": [
                        "R"
                    ],
                    "last": "Baden",
                    "suffix": ""
                },
                {
                    "first": "El",
                    "middle": [],
                    "last": "Sahly",
                    "suffix": ""
                },
                {
                    "first": "H",
                    "middle": [
                        "M"
                    ],
                    "last": "Essink",
                    "suffix": ""
                },
                {
                    "first": "B",
                    "middle": [],
                    "last": "",
                    "suffix": ""
                }
            ],
            "year": 2020,
            "venue": "",
            "volume": "",
            "issn": "",
            "pages": "",
            "other_ids": {}
        },
        "BIBREF2": {
            "ref_id": "b2",
            "title": "Equitable distribution of COVID-19 vaccines",
            "authors": [
                {
                    "first": "T",
                    "middle": [],
                    "last": "Burki",
                    "suffix": ""
                }
            ],
            "year": 2021,
            "venue": "Lancet Infect Dis",
            "volume": "21",
            "issn": "1",
            "pages": "33--34",
            "other_ids": {
                "DOI": [
                    "10.1016/S1473-3099(20)30949-X"
                ]
            }
        },
        "BIBREF3": {
            "ref_id": "b3",
            "title": "?CDC_AA_refVal=https%3A%2F%2Fwww.cdc.gov%2Fcoronavirus%2F20 19-ncov%2Fprepare%2Ftransmission.html. Published",
            "authors": [],
            "year": 2020,
            "venue": "",
            "volume": "",
            "issn": "",
            "pages": "",
            "other_ids": {}
        },
        "BIBREF4": {
            "ref_id": "b4",
            "title": "COVID-19 Vaccine Frontrunners and Their Nanotechnology Design",
            "authors": [
                {
                    "first": "Y",
                    "middle": [
                        "H"
                    ],
                    "last": "Chung",
                    "suffix": ""
                },
                {
                    "first": "V",
                    "middle": [],
                    "last": "Beiss",
                    "suffix": ""
                },
                {
                    "first": "S",
                    "middle": [
                        "N"
                    ],
                    "last": "Fiering",
                    "suffix": ""
                },
                {
                    "first": "N",
                    "middle": [
                        "F"
                    ],
                    "last": "Steinmetz",
                    "suffix": ""
                }
            ],
            "year": 2020,
            "venue": "ACS Nano",
            "volume": "14",
            "issn": "10",
            "pages": "12522--12537",
            "other_ids": {
                "DOI": [
                    "10.1021/acsnano.0c07197"
                ]
            }
        },
        "BIBREF5": {
            "ref_id": "b5",
            "title": "Advances in mRNA Vaccines for Infectious Diseases",
            "authors": [
                {
                    "first": "Cuiling",
                    "middle": [],
                    "last": "Zhang",
                    "suffix": ""
                },
                {
                    "first": "Giulietta",
                    "middle": [],
                    "last": "Maruggi",
                    "suffix": ""
                },
                {
                    "first": "Hu",
                    "middle": [],
                    "last": "Shan",
                    "suffix": ""
                },
                {
                    "first": "Junwei",
                    "middle": [],
                    "last": "Li",
                    "suffix": ""
                }
            ],
            "year": null,
            "venue": "Frontiers in Immunology",
            "volume": "",
            "issn": "",
            "pages": "",
            "other_ids": {
                "DOI": [
                    "2020:594.DOI=10.3389/fimmu.2019.00594"
                ]
            }
        },
        "BIBREF6": {
            "ref_id": "b6",
            "title": "COVID-19 Vaccine: A comprehensive status report",
            "authors": [
                {
                    "first": "S",
                    "middle": [
                        "P"
                    ],
                    "last": "Kaur",
                    "suffix": ""
                },
                {
                    "first": "V",
                    "middle": [],
                    "last": "Gupta",
                    "suffix": ""
                }
            ],
            "year": 2020,
            "venue": "Virus Res",
            "volume": "288",
            "issn": "",
            "pages": "",
            "other_ids": {
                "DOI": [
                    "10.1016/j.virusres.2020.198114"
                ]
            }
        },
        "BIBREF7": {
            "ref_id": "b7",
            "title": "Characterization of spike glycoprotein of SARS-CoV-2 on virus entry and its immune cross-reactivity with SARS-CoV",
            "authors": [
                {
                    "first": "X",
                    "middle": [],
                    "last": "Ou",
                    "suffix": ""
                },
                {
                    "first": "Y",
                    "middle": [],
                    "last": "Liu",
                    "suffix": ""
                },
                {
                    "first": "X",
                    "middle": [],
                    "last": "Lei",
                    "suffix": ""
                }
            ],
            "year": 2020,
            "venue": "Nat Commun",
            "volume": "11",
            "issn": "1",
            "pages": "",
            "other_ids": {
                "DOI": [
                    "10.1038/s41467-020-15562-9"
                ]
            }
        },
        "BIBREF8": {
            "ref_id": "b8",
            "title": "Safety and Efficacy of the BNT162b2 mRNA Covid-19 Vaccine",
            "authors": [
                {
                    "first": "F",
                    "middle": [
                        "P"
                    ],
                    "last": "Polack",
                    "suffix": ""
                },
                {
                    "first": "S",
                    "middle": [
                        "J"
                    ],
                    "last": "Thomas",
                    "suffix": ""
                },
                {
                    "first": "N",
                    "middle": [],
                    "last": "Kitchin",
                    "suffix": ""
                }
            ],
            "year": 2020,
            "venue": "N Engl J Med",
            "volume": "383",
            "issn": "27",
            "pages": "2603--2615",
            "other_ids": {
                "DOI": [
                    "10.1056/NEJMoa2034577"
                ]
            }
        },
        "BIBREF9": {
            "ref_id": "b9",
            "title": "High Contagiousness and Rapid Spread of Severe Acute Respiratory Syndrome Coronavirus 2. Emerging Infectious Diseases",
            "authors": [
                {
                    "first": "S",
                    "middle": [],
                    "last": "Sanchez",
                    "suffix": ""
                },
                {
                    "first": "Y",
                    "middle": [],
                    "last": "Lin",
                    "suffix": ""
                },
                {
                    "first": "C",
                    "middle": [],
                    "last": "Xu",
                    "suffix": ""
                }
            ],
            "year": 2020,
            "venue": "",
            "volume": "26",
            "issn": "",
            "pages": "1470--1477",
            "other_ids": {
                "DOI": [
                    "10.3201/eid2607.200282"
                ]
            }
        },
        "BIBREF10": {
            "ref_id": "b10",
            "title": "The COVID-19 vaccine development landscape",
            "authors": [
                {
                    "first": "Thanh",
                    "middle": [],
                    "last": "Le",
                    "suffix": ""
                },
                {
                    "first": "T",
                    "middle": [],
                    "last": "Andreadakis",
                    "suffix": ""
                },
                {
                    "first": "Z",
                    "middle": [],
                    "last": "Kumar",
                    "suffix": ""
                },
                {
                    "first": "A",
                    "middle": [],
                    "last": "",
                    "suffix": ""
                }
            ],
            "year": 2020,
            "venue": "Nat Rev Drug Discov",
            "volume": "19",
            "issn": "5",
            "pages": "305--306",
            "other_ids": {
                "DOI": [
                    "10.1038/d41573-020-00073-5"
                ]
            }
        },
        "BIBREF11": {
            "ref_id": "b11",
            "title": "A Review of SARS-CoV-2 and the Ongoing Clinical Trials",
            "authors": [
                {
                    "first": "Y",
                    "middle": [
                        "F"
                    ],
                    "last": "Tu",
                    "suffix": ""
                },
                {
                    "first": "C",
                    "middle": [
                        "S"
                    ],
                    "last": "Chien",
                    "suffix": ""
                },
                {
                    "first": "A",
                    "middle": [
                        "A"
                    ],
                    "last": "Yarmishyn",
                    "suffix": ""
                }
            ],
            "year": 2020,
            "venue": "Int J Mol Sci",
            "volume": "21",
            "issn": "7",
            "pages": "",
            "other_ids": {
                "DOI": [
                    "10.3390/ijms21072657"
                ]
            }
        },
        "BIBREF12": {
            "ref_id": "b12",
            "title": "Developments in Viral Vector-Based Vaccines. Vaccines (Basel)",
            "authors": [
                {
                    "first": "T",
                    "middle": [],
                    "last": "Ura",
                    "suffix": ""
                },
                {
                    "first": "K",
                    "middle": [],
                    "last": "Okuda",
                    "suffix": ""
                },
                {
                    "first": "M",
                    "middle": [],
                    "last": "Shimada",
                    "suffix": ""
                }
            ],
            "year": 2014,
            "venue": "",
            "volume": "2",
            "issn": "",
            "pages": "624--641",
            "other_ids": {
                "DOI": [
                    "10.3390/vaccines2030624"
                ]
            }
        },
        "BIBREF13": {
            "ref_id": "b13",
            "title": "Safety and efficacy of the AZD1222 nCoV-19 vaccine (AZD1222) against SARS-CoV-2: an interim analysis of four randomised controlled trials in Brazil, South Africa, and the UK",
            "authors": [
                {
                    "first": "M",
                    "middle": [],
                    "last": "Voysey",
                    "suffix": ""
                },
                {
                    "first": "Sac",
                    "middle": [],
                    "last": "Clemens",
                    "suffix": ""
                },
                {
                    "first": "S",
                    "middle": [
                        "A"
                    ],
                    "last": "Madhi",
                    "suffix": ""
                }
            ],
            "year": null,
            "venue": "",
            "volume": "",
            "issn": "",
            "pages": "",
            "other_ids": {}
        },
        "BIBREF15": {
            "ref_id": "b15",
            "title": "On the mechanisms of conjugate vaccines",
            "authors": [
                {
                    "first": "R",
                    "middle": [],
                    "last": "Rappuoli",
                    "suffix": ""
                },
                {
                    "first": "De",
                    "middle": [],
                    "last": "Gregorio",
                    "suffix": ""
                },
                {
                    "first": "E",
                    "middle": [],
                    "last": "Costantino",
                    "suffix": ""
                },
                {
                    "first": "P",
                    "middle": [],
                    "last": "",
                    "suffix": ""
                }
            ],
            "year": 2019,
            "venue": "Proc Natl Acad Sci",
            "volume": "116",
            "issn": "1",
            "pages": "14--16",
            "other_ids": {
                "DOI": [
                    "10.1073/pnas.1819612116"
                ]
            }
        },
        "BIBREF16": {
            "ref_id": "b16",
            "title": "All three vaccines have substantial efficacy in preventing symptomatic and severe Sars-CoV-2 infection and are safe with uncommon minimal, quick-resolving local or systemic side effects",
            "authors": [],
            "year": null,
            "venue": "",
            "volume": "",
            "issn": "",
            "pages": "",
            "other_ids": {}
        },
        "BIBREF17": {
            "ref_id": "b17",
            "title": "Vaccine dissemination is important due to the rapid mutagenic nature of the virus and continuing decline in the health and economies around the world",
            "authors": [],
            "year": null,
            "venue": "",
            "volume": "",
            "issn": "",
            "pages": "",
            "other_ids": {}
        }
    },
    "ref_entries": {},
    "back_matter": [
        {
            "text": "Funding: None J o u r n a l P r e -p r o o f",
            "cite_spans": [],
            "ref_spans": [],
            "section": "Conflicts of interest: Authors declare no competing interests"
        },
        {
            "text": "The following additional information is required for submission. Please note that failure to respond to these questions/statements will mean your submission will be returned. If you have nothing to declare in any of these categories, then this should be stated.",
            "cite_spans": [],
            "ref_spans": [],
            "section": "Annals of Medicine and Surgery Author r Disclosure Form"
        },
        {
            "text": "Please enter the name of the registry, the hyperlink to the registration and the unique identifying number of the study. You can register your research at http://www.researchregistry.com to obtain your UIN if you have not already registered your study. This is mandatory for human studies only.1. Name of the registry: 2. Unique Identifying number or registration ID:3. Hyperlink to the registration (must be publicly accessible):Not applicable-no human subjects or research participants' data were utilized or collected",
            "cite_spans": [],
            "ref_spans": [],
            "section": "Research Registration Unique Identifying Number (UIN)"
        },
        {
            "text": "Please specify the contribution of each author to the paper, e.g. study design, data collections, data analysis, writing. Others, who have contributed in other ways should be listed as contributors.Author contributions: Study design and conception: AE Data collection, interpretation and analysis: AE, SK, DB Manuscript preparation: SK, AE, DB Critical revision of manuscript: SK, AAE,DB All authors read and approved the final manuscript",
            "cite_spans": [],
            "ref_spans": [],
            "section": "Author contribution"
        },
        {
            "text": "The Guarantor is the one or more people who accept full responsibility for the work and/or the conduct of the study, had access to the data, and controlled the decision to publish. Please note that providing a guarantor is compulsory.",
            "cite_spans": [],
            "ref_spans": [],
            "section": "Guarantor"
        },
        {
            "text": "J o u r n a l P r e -p r o o f",
            "cite_spans": [],
            "ref_spans": [],
            "section": "Adel Elkbuli"
        }
    ]
}