{
    "paper_id": "003b19c17eaa32392ecc4d370a31a7d4a82dcec9",
    "metadata": {
        "title": "",
        "authors": []
    },
    "abstract": [],
    "body_text": [
        {
            "text": "Nondiphtherial corynebacteria are gram-positive rods that are increasingly recognized as etiologic pathogens for different human infections. Corynebacterium jeikeium is a highly virulent, multidrug-resistant pathogen that should not be considered a contaminant, especially amongst immunocompromised patients with risk factors. Risk factors for infection include immunocompromised state, hematologic malignancy, neutropenia, prior antibiotic exposure, and presence of an intravascular catheter [1] . Prolonged hospital stay, treatment with broadspectrum antibiotics, and impaired skin integrity are risk factors for infection with C. jeikeium [2] . C. jeikeium colonizes the skin of hospitalized patients, especially those treated with multiple antibiotics, and can also be isolated from the hospital environment. In the acute care setting, C. jeikeium is the most clinically important pathogen of the nondiphtherial corynebacterial class. Previous reports have indicated cutaneous manifestations from C. jeikeium in the setting of sepsis [3] . Pulmonary infiltrates in patients with acute myelogenous leukemia (AML) have also been reported to occur with C. jeikeium bacteremia [4] . Septic emboli generally occur as a result of disseminated infection and bacteremia, whereas pneumonia does not always accompany bacteremia and is an independent pulmonary process. These differences can be distinguished through imaging and clinical signs. In the case of both complications occurring simultaneously, high morbidity is likely and patients generally require intensive care. C. jeikeium is resistant to antibiotic therapy with penicillins, cephalosporins, and aminoglycosides. However, it remains susceptible to vancomycin, which is the recommended primary treatment regimen [5, 6] . We report two patients undergoing chemotherapy for AML who developed disseminated C. jeikeium infection along with prolonged neutropenia. The first patient presented with septic emboli to the lungs and skin without evidence of endocarditis by transthoracic echocardiogram. The second patient presented with miliary nodular pneumonia with skin lesions.",
            "cite_spans": [
                {
                    "start": 493,
                    "end": 496,
                    "text": "[1]",
                    "ref_id": "BIBREF0"
                },
                {
                    "start": 642,
                    "end": 645,
                    "text": "[2]",
                    "ref_id": "BIBREF1"
                },
                {
                    "start": 1038,
                    "end": 1041,
                    "text": "[3]",
                    "ref_id": "BIBREF2"
                },
                {
                    "start": 1177,
                    "end": 1180,
                    "text": "[4]",
                    "ref_id": "BIBREF3"
                },
                {
                    "start": 1770,
                    "end": 1773,
                    "text": "[5,",
                    "ref_id": "BIBREF4"
                },
                {
                    "start": 1774,
                    "end": 1776,
                    "text": "6]",
                    "ref_id": "BIBREF5"
                }
            ],
            "ref_spans": [],
            "section": "Introduction"
        },
        {
            "text": "The first patient is a 65-year-old male diagnosed with AML three months prior to admission. He initially underwent induction chemotherapy consisting of daunorubicin and cytarabine (Vyxeos). He was admitted and received salvage chemotherapy consisting of cladribine, cytarabine, granulocyte colony-stimulating factor (G-CSF), and mitoxantrone (CLAG-M) for treatment of refractory AML. Upon physical examination, the elderly patient appeared frail, acutely ill, and toxic. Blood pressure (BP) taken upon admission was 114/74 mmHg, pulse rate (PR) 98 beats per minute, temperature 102.6\u00b0F, and respiratory rate (RR) 24 breaths per minute. The patient had dry oral mucosa without evidence of oral lesions, exudates, or pharyngeal erythema. Tachycardia on auscultation without murmur was appreciated on the cardiac exam. The lungs were clear bilaterally and respirations were nonlabored. The abdominal exam was benign.",
            "cite_spans": [],
            "ref_spans": [],
            "section": "Case 1"
        },
        {
            "text": "A baseline CT scan of the thorax done on admission demonstrated bibasilar atelectasis and scarring but no mass, consolidations, or suspicious pulmonary nodules were detected. A baseline CT scan of the sinuses had no evidence of sinusitis. Methicillin-resistant Staphylococcus aureus (MRSA) screening was negative. The white blood cell count was 0.21 thousand per cubic millimeter (normal reference range: 4.00-10.90) with an absolute neutrophil count of 0 cells per microliter (normal reference range: 1.5-8.0) indicative of profound neutropenia. Procalcitonin levels were slightly elevated at 1.29 nanograms per milliliter (normal reference range: 0.02-0.49). The respiratory viral panel was negative for adenovirus, coronavirus, human metapneumovirus, human rhinovirus/enterovirus, influenza, parainfluenza, and respiratory syncytial virus. Subsequently, oral acyclovir, ciprofloxacin, and voriconazole prophylaxis were begun on the first day of neutropenia when the absolute neutrophil count (ANC) reached 260 cells/mm 3 . He was also found to have mild right chest port erythema without pustular discharge, which resolved after a seven-day course of oral doxycycline was added empirically ( Figure 1 ). On day 11 of neutropenia, the patient developed sepsis along with a fever and a new rash. Blood and urine cultures were collected. Oral ciprofloxacin was switched to intravenous piperacillin/tazobactam. The patient continued to have a fever despite the optimization of antibiotics. He also developed mild shortness of breath, difficulty breathing, and dry cough.",
            "cite_spans": [],
            "ref_spans": [
                {
                    "start": 1195,
                    "end": 1203,
                    "text": "Figure 1",
                    "ref_id": null
                }
            ],
            "section": "Case 1"
        },
        {
            "text": "Blood cultures four days after collection grew gram-positive rods and intravenous vancomycin was added empirically. A CT scan of the chest was repeated due to worsening hypoxia and revealed findings consistent with multiple septic emboli ( Figure 2) . A plain radiograph of the chest was repeated upon onset of neutropenic fever and revealed new right infrahilar opacity. There was no evidence of vegetation or endocarditis on echocardiogram. He was placed on 4-6 liters of supplemental oxygen. After 21 days of profound neutropenia, blood and tissue cultures grew C. jeikeium. The presence of nodular skin lesions that were consistent with septic emboli was concerning for disseminated disease. He had no Janeway lesions or Osler's nodes. Further susceptibilities were requested and sent out to a reference lab. This demonstrated multidrug resistance to clindamycin, penicillin, and gentamicin but susceptibility to vancomycin with a minimum inhibitory concentration (MIC) of 0.5 micrograms per milliliter. The port was subsequently removed, and repeat blood cultures were taken. After several weeks of continued therapy, his neutropenia and fever resolved. Other than easy fatigability, he was able to ambulate normally and felt well enough to resume normal activities. He was discharged with six weeks of intravenous vancomycin which cured his infection. His respiratory symptoms and diffuse rash eventually resolved. A CT scan of his chest was repeated at the end of the antibiotic course which was negative. He was then referred for bone marrow transplant evaluation a few months after completing therapy.",
            "cite_spans": [],
            "ref_spans": [
                {
                    "start": 240,
                    "end": 249,
                    "text": "Figure 2)",
                    "ref_id": "FIGREF0"
                }
            ],
            "section": "FIGURE 1: Port site erythema on the right chest"
        },
        {
            "text": "The second patient was a 68-year-old male undergoing chemotherapy with Vyxeos induction for treatment of AML. Upon physical examination, the patient's BP was 136/88 mmHg, PR 74 beats per minute, temperature 99.8\u00b0F, and RR 22 breaths per minute. The patient had no pharyngeal erythema, lungs were clear to auscultation, and respirations were nonlabored. The abdominal exam was also normal. The patient had a history of extensive travel, had a transient ischemic attack (TIA) two years prior to admission, and latent tuberculosis. A baseline CT of the chest and sinuses was negative. The patient was diagnosed with neutropenic fever. Empiric antibiotics were initiated. One month after profound neutropenia, blood cultures were positive for C. jeikeium infection. Further susceptibilities were requested and sent out to a reference lab. This demonstrated resistance to penicillin, gentamicin, clindamycin, and susceptibility to daptomycin with an MIC of 0.5 micrograms per milliliter.",
            "cite_spans": [],
            "ref_spans": [],
            "section": "Case 2"
        },
        {
            "text": "The patient also had a rash and skin lesions which were consistent with septic emboli from C. jeikeium infection. The presence of skin lesions was concerning for the possibility of dissemination of infection. CT scan of the chest from two days after positive blood culture showed the presence of bilateral small miliary nodules consistent with septic emboli throughout the lungs (Figure 4) . A repeat CT scan done 13 days later showed larger pulmonary nodules, and a follow-up CT scan was done 13 days after this showered worsening pulmonary nodules and increased pleural effusion. He had no respiratory symptoms, and the respiratory viral panel was negative. He remained neutropenic for 21 days after the positive blood culture.",
            "cite_spans": [],
            "ref_spans": [
                {
                    "start": 379,
                    "end": 389,
                    "text": "(Figure 4)",
                    "ref_id": null
                }
            ],
            "section": "Case 2"
        },
        {
            "text": "Skin examination revealed small bilateral buttock eschars with no surrounding erythema, and presence of dark red circular skin lesions on the left upper extremities, chest, trunk, and legs. There were no lesions on his palms or soles. C. jeikeium bacteremia lasted for over a month despite aggressive antimicrobial therapy with intravenous vancomycin, levofloxacin, isavuconazonium sulfate, isavuconazole, and meropenem. Port removal was discussed but denied by the patient. Despite continued antimicrobial therapy, the patient passed away in hospice care due to complications with refractory AML and neutropenia prior to completing the full course of treatment.",
            "cite_spans": [],
            "ref_spans": [],
            "section": "FIGURE 4: CT of the chest showing small miliary nodules in the lungs consistent with septic emboli"
        },
        {
            "text": "C. jeikeium is a highly virulent, multidrug-resistant organism that should never be considered a contaminant in immunocompromised patients with risk factors. C. jeikeium is one of the most resistant Corynebacterium spp. with respect to antimicrobial agents. The majority of C. jeikeium clinical isolates are resistant to antibiotics such as beta-lactams and macrolides, and often remain susceptible only to glycopeptides [7] . In both of our cases, C. jeikeium was resistant to all antimicrobial agents except for vancomycin. One-third of patients with hematological disease and C. jeikeium infection present with a high incidence of pulmonary lesions. In our case, given that the neutropenic patient in case 1 had a device-associated infection, empiric antibiotic therapy with vancomycin was the optimal drug of choice as per the Infectious Diseases Society of America (IDSA) guidelines [4, 8] . A prolonged course of antibiotic therapy of six weeks should be given if dissemination is suspected.",
            "cite_spans": [
                {
                    "start": 421,
                    "end": 424,
                    "text": "[7]",
                    "ref_id": "BIBREF6"
                },
                {
                    "start": 888,
                    "end": 891,
                    "text": "[4,",
                    "ref_id": "BIBREF3"
                },
                {
                    "start": 892,
                    "end": 894,
                    "text": "8]",
                    "ref_id": "BIBREF7"
                }
            ],
            "ref_spans": [],
            "section": "Discussion"
        },
        {
            "text": "Given the small time interval between our two cases, matching demographics and risk factors, and evidence that patient-to-patient transmission in the hospital is a possible risk factor for C. jeikeium infection, hospital infection control was consulted but determined that there was no relation between the two cases. Both of our patients were immunosuppressed and had numerous risk factors predisposing them to this infection, thus causing them to develop prolonged neutropenia which was resistant to antibiotic therapy. Predisposing risk factors for C. jeikeium infection can also include immunocompromised states, hematologic malignancy, prolonged neutropenia, and AIDS. The presence of indwelling medical devices, such as intravascular catheters, peritoneal dialysis catheters, prosthetic valves, and cerebrospinal fluid (CSF) shunts, has also been described. Prolonged hospital stay, treatment with broad-spectrum antibiotics, and impaired skin integrity are also well-described risk factors for the development of infection with C. jeikeium [2] .",
            "cite_spans": [
                {
                    "start": 1047,
                    "end": 1050,
                    "text": "[2]",
                    "ref_id": "BIBREF1"
                }
            ],
            "ref_spans": [],
            "section": "Discussion"
        },
        {
            "text": "Neutropenia is an important predisposing factor for infection in cancer patients. Susceptibility to bacterial and fungal infections increases significantly in neutropenic patients with an ANC of less than 500 cells/mm 3 [9] . Multidrug-resistant gram-negative bacilli, such as Enterobacteriaceae and Pseudomonas, and gram-positive cocci, such as staphylococci and streptococci, have been described in the setting of neutropenia [2] . Staphylococcus aureus infection has also been found to cause septic pulmonary emboli in neutropenic patients [10] . Neutropenic patients with hematologic malignancies are also at high risk for life-threatening cutaneous fungal infections from organisms such as Candida, Fusarium, and Rhizopus. These infections present a high risk of mortality due to resistance to antifungal therapy and the rapid dissemination of infection. Immediate initiation of empiric antibiotic therapy is thus a key factor in reducing mortality in febrile neutropenic patients with disseminated infection [11] . Like C. jeikeium, clinical manifestations from these organisms include skin lesions from hematogenous dissemination [12] .",
            "cite_spans": [
                {
                    "start": 220,
                    "end": 223,
                    "text": "[9]",
                    "ref_id": "BIBREF8"
                },
                {
                    "start": 428,
                    "end": 431,
                    "text": "[2]",
                    "ref_id": "BIBREF1"
                },
                {
                    "start": 543,
                    "end": 547,
                    "text": "[10]",
                    "ref_id": "BIBREF9"
                },
                {
                    "start": 1014,
                    "end": 1018,
                    "text": "[11]",
                    "ref_id": "BIBREF10"
                },
                {
                    "start": 1137,
                    "end": 1141,
                    "text": "[12]",
                    "ref_id": "BIBREF11"
                }
            ],
            "ref_spans": [],
            "section": "Discussion"
        },
        {
            "text": "Septic emboli can cause both skin and pulmonary lesions in neutropenic patients. The presence of intravascular devices has also been described as a major risk factor for infection with C. jeikeium [8] . Skin lesions can also be an important marker of disseminated life-threatening infection, and early detection can play a key role in prompt management [13] . In case 1, skin biopsy demonstrated positive results for the presence of C. jeikeium and diphtheroids. This proved that the skin lesions were a direct result of the dissemination of infection. Skin examinations, biopsies, and awareness of various clinical features of skin lesions are thus important for expedited diagnosis and therapy for patients infected with multidrug-resistant organisms [14] . Interestingly, both cases had lesions that spared the palms and soles. These studies in conjunction with blood culture reports are vital for diagnosis as septic emboli may appear before symptoms develop or positive blood cultures.",
            "cite_spans": [
                {
                    "start": 197,
                    "end": 200,
                    "text": "[8]",
                    "ref_id": "BIBREF7"
                },
                {
                    "start": 353,
                    "end": 357,
                    "text": "[13]",
                    "ref_id": "BIBREF12"
                },
                {
                    "start": 753,
                    "end": 757,
                    "text": "[14]",
                    "ref_id": "BIBREF13"
                }
            ],
            "ref_spans": [],
            "section": "Discussion"
        },
        {
            "text": "Our two cases highlight the challenges associated with the management of C. jeikeium in the cancer setting. These cases also emphasize the importance of maintaining a high index of clinical suspicion for C. jeikeium infection in immunocompromised patients resistant to antimicrobial therapy who present with skin and pulmonary lesions, neutropenia, and hematologic malignancies. Given the rapid skin colonization and high virulence of C. jeikeium, the management of clinical symptoms can be particularly challenging in immunocompromised cancer patients given the limited treatment options. Catheter-related infection can further complicate management and restrict treatment options as seen in our two cases. Prompt intervention with empirical intravenous vancomycin therapy along with a prolonged course of antibiotic therapy is recommended in patients with septic emboli, catheter-associated infection, and disseminated disease.",
            "cite_spans": [],
            "ref_spans": [],
            "section": "Conclusions"
        },
        {
            "text": "Human subjects: Consent was obtained by all participants in this study.",
            "cite_spans": [],
            "ref_spans": [],
            "section": "Additional Information Disclosures"
        },
        {
            "text": "In compliance with the ICMJE uniform disclosure form, all authors declare the following: Payment/services info: All authors have declared that no financial support was received from any organization for the submitted work. Financial relationships: All authors have declared that they have no financial relationships at present or within the previous three years with any organizations that might have an interest in the submitted work. Other relationships: All authors have declared that there are no other relationships or activities that could appear to have influenced the submitted work.",
            "cite_spans": [],
            "ref_spans": [],
            "section": "Conflicts of interest:"
        }
    ],
    "bib_entries": {
        "BIBREF0": {
            "ref_id": "b0",
            "title": "Corynebacterium jeikeium endocarditis: a systematic overview spanning four decades",
            "authors": [
                {
                    "first": "F",
                    "middle": [],
                    "last": "Mookadam",
                    "suffix": ""
                },
                {
                    "first": "M",
                    "middle": [],
                    "last": "Cikes",
                    "suffix": ""
                },
                {
                    "first": "L",
                    "middle": [
                        "M"
                    ],
                    "last": "Baddour",
                    "suffix": ""
                },
                {
                    "first": "I",
                    "middle": [
                        "M"
                    ],
                    "last": "Tleyjeh",
                    "suffix": ""
                },
                {
                    "first": "M",
                    "middle": [],
                    "last": "Mookadam",
                    "suffix": ""
                }
            ],
            "year": 2006,
            "venue": "Eur J Clin Microbiol Infect Dis",
            "volume": "25",
            "issn": "",
            "pages": "349--353",
            "other_ids": {
                "DOI": [
                    "10.1007/s10096-006-0145-8"
                ]
            }
        },
        "BIBREF1": {
            "ref_id": "b1",
            "title": "Other coryneform bacteria and rhodococci . Mandell, Douglas, and Bennett's Principles and Practice of Infectious Diseases",
            "authors": [
                {
                    "first": "R",
                    "middle": [],
                    "last": "Kim",
                    "suffix": ""
                },
                {
                    "first": "A ;",
                    "middle": [],
                    "last": "Reboli",
                    "suffix": ""
                },
                {
                    "first": "J",
                    "middle": [
                        "E"
                    ],
                    "last": "Bennett",
                    "suffix": ""
                },
                {
                    "first": "R",
                    "middle": [],
                    "last": "Dolin",
                    "suffix": ""
                },
                {
                    "first": "J",
                    "middle": [
                        "M"
                    ],
                    "last": "Blaser",
                    "suffix": ""
                }
            ],
            "year": 2014,
            "venue": "",
            "volume": "",
            "issn": "",
            "pages": "2373--2382",
            "other_ids": {}
        },
        "BIBREF2": {
            "ref_id": "b2",
            "title": "Cutaneous manifestations of Corynebacterium jeikeium sepsis",
            "authors": [
                {
                    "first": "J",
                    "middle": [
                        "M"
                    ],
                    "last": "Olson",
                    "suffix": ""
                },
                {
                    "first": "V",
                    "middle": [
                        "Q"
                    ],
                    "last": "Nguyen",
                    "suffix": ""
                },
                {
                    "first": "J",
                    "middle": [],
                    "last": "Yoo",
                    "suffix": ""
                },
                {
                    "first": "M",
                    "middle": [
                        "K"
                    ],
                    "last": "Kuechle",
                    "suffix": ""
                }
            ],
            "year": 2009,
            "venue": "Int J Dermatol",
            "volume": "48",
            "issn": "",
            "pages": "",
            "other_ids": {
                "DOI": [
                    "10.1111/j.1365-4632.2008.03984.x"
                ]
            }
        },
        "BIBREF3": {
            "ref_id": "b3",
            "title": "Corynebacterium jeikeium bacteraemia and pulmonary infiltrates in a patient with acute myelogenous leukaemia",
            "authors": [
                {
                    "first": "K",
                    "middle": [],
                    "last": "Sato",
                    "suffix": ""
                },
                {
                    "first": "M",
                    "middle": [],
                    "last": "Uchiyama",
                    "suffix": ""
                }
            ],
            "year": 2012,
            "venue": "BMJ Case Rep",
            "volume": "",
            "issn": "",
            "pages": "",
            "other_ids": {
                "DOI": [
                    "10.1136/bcr.11.2011.5097"
                ]
            }
        },
        "BIBREF4": {
            "ref_id": "b4",
            "title": "Clinical microbiology of coryneform bacteria",
            "authors": [
                {
                    "first": "G",
                    "middle": [],
                    "last": "Funke",
                    "suffix": ""
                },
                {
                    "first": "A",
                    "middle": [],
                    "last": "Von Graevenitz",
                    "suffix": ""
                },
                {
                    "first": "K",
                    "middle": [
                        "A"
                    ],
                    "last": "Bernard",
                    "suffix": ""
                }
            ],
            "year": 1997,
            "venue": "Clin Microbiol Revision",
            "volume": "10",
            "issn": "",
            "pages": "125--159",
            "other_ids": {
                "DOI": [
                    "10.1128/CMR.10.1.125"
                ]
            }
        },
        "BIBREF5": {
            "ref_id": "b5",
            "title": "Prospective study of catalasepositive coryneform organisms in clinical specimens: identification, clinical relevance, and antibiotic susceptibility",
            "authors": [
                {
                    "first": "K",
                    "middle": [],
                    "last": "Lagrou",
                    "suffix": ""
                },
                {
                    "first": "J",
                    "middle": [],
                    "last": "Verhaegen",
                    "suffix": ""
                },
                {
                    "first": "M",
                    "middle": [],
                    "last": "Janssens",
                    "suffix": ""
                },
                {
                    "first": "G",
                    "middle": [],
                    "last": "Wauters",
                    "suffix": ""
                },
                {
                    "first": "L",
                    "middle": [],
                    "last": "Verbist",
                    "suffix": ""
                }
            ],
            "year": 1998,
            "venue": "Diagn Microbiol Infect Dis",
            "volume": "30",
            "issn": "97",
            "pages": "193--197",
            "other_ids": {
                "DOI": [
                    "10.1016/s0732-8893(97)00193-4"
                ]
            }
        },
        "BIBREF6": {
            "ref_id": "b6",
            "title": "Species identities and antimicrobial susceptibilities of corynebacteria isolated from various clinical sources",
            "authors": [
                {
                    "first": "P",
                    "middle": [],
                    "last": "Riegel",
                    "suffix": ""
                },
                {
                    "first": "R",
                    "middle": [],
                    "last": "Ruimy",
                    "suffix": ""
                },
                {
                    "first": "R",
                    "middle": [],
                    "last": "Christen",
                    "suffix": ""
                },
                {
                    "first": "H",
                    "middle": [],
                    "last": "Monteil",
                    "suffix": ""
                }
            ],
            "year": 1996,
            "venue": "Eur J Clin Microbiol Infect Dis",
            "volume": "15",
            "issn": "",
            "pages": "657--662",
            "other_ids": {
                "DOI": [
                    "10.1007/BF01691153"
                ]
            }
        },
        "BIBREF7": {
            "ref_id": "b7",
            "title": "Corynebacterium CDC group JK (Corynebacterium jeikeium) sepsis in haematological patients: a report of three cases and a systematic literature review",
            "authors": [
                {
                    "first": "H",
                    "middle": [],
                    "last": "Van Der Lelie",
                    "suffix": ""
                },
                {
                    "first": "Leverstein-Van",
                    "middle": [],
                    "last": "Hall",
                    "suffix": ""
                },
                {
                    "first": "M",
                    "middle": [],
                    "last": "Mertens",
                    "suffix": ""
                },
                {
                    "first": "M",
                    "middle": [],
                    "last": "",
                    "suffix": ""
                }
            ],
            "year": 1995,
            "venue": "Scand J Infect Dis",
            "volume": "27",
            "issn": "",
            "pages": "581--584",
            "other_ids": {
                "DOI": [
                    "10.3109/00365549509047071"
                ]
            }
        },
        "BIBREF8": {
            "ref_id": "b8",
            "title": "Primary gangrenous cutaneous mold infections in a patient with cancer and neutropenia",
            "authors": [
                {
                    "first": "A",
                    "middle": [],
                    "last": "Yacoub",
                    "suffix": ""
                },
                {
                    "first": "K",
                    "middle": [
                        "K"
                    ],
                    "last": "Soni",
                    "suffix": ""
                },
                {
                    "first": "L",
                    "middle": [],
                    "last": "Mojica",
                    "suffix": ""
                }
            ],
            "year": 2016,
            "venue": "Cancer Control",
            "volume": "23",
            "issn": "",
            "pages": "265--271",
            "other_ids": {
                "DOI": [
                    "10.1177/107327481602300309"
                ]
            }
        },
        "BIBREF9": {
            "ref_id": "b9",
            "title": "Clinical characteristics of septic pulmonary embolism in adults: a systematic review",
            "authors": [
                {
                    "first": "R",
                    "middle": [],
                    "last": "Ye",
                    "suffix": ""
                },
                {
                    "first": "L",
                    "middle": [],
                    "last": "Zhao",
                    "suffix": ""
                },
                {
                    "first": "C",
                    "middle": [],
                    "last": "Wang",
                    "suffix": ""
                },
                {
                    "first": "X",
                    "middle": [],
                    "last": "Wu",
                    "suffix": ""
                },
                {
                    "first": "H",
                    "middle": [],
                    "last": "Yan",
                    "suffix": ""
                }
            ],
            "year": 2014,
            "venue": "Respir Med",
            "volume": "108",
            "issn": "",
            "pages": "1--8",
            "other_ids": {
                "DOI": [
                    "10.1016/j.rmed.2013.10.012"
                ]
            }
        },
        "BIBREF10": {
            "ref_id": "b10",
            "title": "Shock and early death in hematologic patients with febrile neutropenia",
            "authors": [
                {
                    "first": "M",
                    "middle": [],
                    "last": "Guarana",
                    "suffix": ""
                },
                {
                    "first": "M",
                    "middle": [],
                    "last": "Nucci",
                    "suffix": ""
                },
                {
                    "first": "S",
                    "middle": [
                        "A"
                    ],
                    "last": "Nou\u00e9r",
                    "suffix": ""
                }
            ],
            "year": 2019,
            "venue": "Antimicrob Agents Chemother",
            "volume": "63",
            "issn": "",
            "pages": "1250--1269",
            "other_ids": {
                "DOI": [
                    "10.1128/AAC.01250-19"
                ]
            }
        },
        "BIBREF11": {
            "ref_id": "b11",
            "title": "Ecthyma gangrenosum: a multidrug-resistant gram-negative bacilli: a growing fear in the immunocompromised patients",
            "authors": [
                {
                    "first": "S",
                    "middle": [],
                    "last": "Khwaja",
                    "suffix": ""
                },
                {
                    "first": "A",
                    "middle": [],
                    "last": "Yacoub",
                    "suffix": ""
                },
                {
                    "first": "M",
                    "middle": [],
                    "last": "Katayama",
                    "suffix": ""
                },
                {
                    "first": "J",
                    "middle": [],
                    "last": "Greene",
                    "suffix": ""
                }
            ],
            "year": 2015,
            "venue": "Infect Dis Clin Pract",
            "volume": "23",
            "issn": "",
            "pages": "190--193",
            "other_ids": {
                "DOI": [
                    "10.1097/IPC.0000000000000265"
                ]
            }
        },
        "BIBREF12": {
            "ref_id": "b12",
            "title": "Infections in Neutropenic Cancer Patients",
            "authors": [
                {
                    "first": "N",
                    "middle": [],
                    "last": "Rihana",
                    "suffix": ""
                },
                {
                    "first": "M ;",
                    "middle": [],
                    "last": "Sampson",
                    "suffix": ""
                },
                {
                    "first": "A",
                    "middle": [
                        "P"
                    ],
                    "last": "Velez",
                    "suffix": ""
                },
                {
                    "first": "J",
                    "middle": [],
                    "last": "Lamarche",
                    "suffix": ""
                },
                {
                    "first": "J",
                    "middle": [
                        "N"
                    ],
                    "last": "Greene",
                    "suffix": ""
                }
            ],
            "year": 2019,
            "venue": "",
            "volume": "",
            "issn": "",
            "pages": "49--71",
            "other_ids": {
                "DOI": [
                    "10.1007/978-3-030-21859-1"
                ]
            }
        },
        "BIBREF13": {
            "ref_id": "b13",
            "title": "Cutaneous septic embolism presenting as erythematous plaques",
            "authors": [
                {
                    "first": "J",
                    "middle": [],
                    "last": "Galve",
                    "suffix": ""
                },
                {
                    "first": "P",
                    "middle": [],
                    "last": "Giavedoni",
                    "suffix": ""
                },
                {
                    "first": "L",
                    "middle": [],
                    "last": "Al\u00f3s",
                    "suffix": ""
                },
                {
                    "first": "Alsina-Gilbert",
                    "middle": [],
                    "last": "",
                    "suffix": ""
                },
                {
                    "first": "M",
                    "middle": [],
                    "last": "",
                    "suffix": ""
                }
            ],
            "year": 2013,
            "venue": "Ann Dermatol",
            "volume": "25",
            "issn": "",
            "pages": "392--394",
            "other_ids": {
                "DOI": [
                    "10.5021/ad.2013.25.3.392"
                ]
            }
        }
    },
    "ref_entries": {
        "FIGREF0": {
            "text": "CT of the chest showing multiple bilateral septic emboliSkin exam demonstrated multiple nonblanching, nonpruritic, minimal tender, red-violaceous papulonodular lesions without crusting on the anterior chest, and both upper extremities (Figure 3). A subungual nail hemorrhage was observed on the fourth digit of the left hand. Skin biopsy showed positive results for the presence of C. jeikeium and diphtheroids.",
            "latex": null,
            "type": "figure"
        },
        "FIGREF1": {
            "text": "Skin lesions on the right and left arms (A) Presence of skin lesions on the right arm. (B) Presence of skin lesions on the left arm. 2020 Moore Pardo et al. Cureus 12(6): e8764. DOI 10.7759/cureus.8764 4 of 8",
            "latex": null,
            "type": "figure"
        }
    },
    "back_matter": []
}