{"paper_id": "0041321465851c3f9c1962f4d81de8f6fe839efe", "metadata": {"title": "Molecular detection of human parechovirus in under-Five-Year-Old Children with gastroenteritis", "authors": [{"first": "Massimiliano", "middle": [], "last": "Bergallo", "suffix": "", "affiliation": {"laboratory": "Citoimmunodiagnostics Laboratory", "institution": "University of Turin", "location": {"postCode": "10136", "settlement": "Turin", "country": "Italy"}}, "email": ""}, {"first": "Ilaria", "middle": [], "last": "Galliano", "suffix": "", "affiliation": {"laboratory": "Citoimmunodiagnostics Laboratory", "institution": "University of Turin", "location": {"postCode": "10136", "settlement": "Turin", "country": "Italy"}}, "email": ""}, {"first": "Paola", "middle": [], "last": "Montanari", "suffix": "", "affiliation": {"laboratory": "Citoimmunodiagnostics Laboratory", "institution": "University of Turin", "location": {"postCode": "10136", "settlement": "Turin", "country": "Italy"}}, "email": ""}, {"first": "Martina", "middle": ["Rosa"], "last": "Brusin", "suffix": "", "affiliation": {"laboratory": "", "institution": "SC. Pediatric U Regina Margherita Hospital", "location": {"addrLine": "Piazza Polonia 94", "postCode": "10126", "settlement": "Turin", "country": "Italy"}}, "email": ""}, {"first": "Clara", "middle": [], "last": "Gabiano", "suffix": "", "affiliation": {"laboratory": "", "institution": "SC. Pediatric U Regina Margherita Hospital", "location": {"addrLine": "Piazza Polonia 94", "postCode": "10126", "settlement": "Turin", "country": "Italy"}}, "email": ""}]}, "abstract": [{"text": "Background: Currently, RT-PCR is used widely and considered to be a convenient, useful, and powerful method for molecular diagnosis, to detect pathogens from clinical specimens. Objectives: In this work we describe the development of an in-house Real-time Taqman PCR assay for quantification of HPeV in stool specimens. Study designs: A total of 137 fecal specimens previously screened for rotavirus and adenovirus were tested for HPeV virus. Results: A total of 11 out of 137 (8%) episodes of acute gastroenteritis were associated with HPeV genomic detection with median viral load 14678 \u00b1 28927 genomes/mg fecal specimens. There was no significant difference in the detection rate between male and female (54.5% (6/11) vs. 45.5% (5/11). Among the 11 HPeV-positive cases, 2 were also positive for other viral pathogens, including rotavirus (n = 2). Conclusion: In conclusion, the development of a laboratory designed Real Time PCR TaqMan assay for quantitative detection of HPeV and the optimization and standardization of this assay using stool of children with acute gastroenteritis are described.", "cite_spans": [], "ref_spans": [], "section": "Abstract"}], "body_text": [{"text": "Gastroenteritis is a common disease in children, characterized by diarrhea, vomiting, abdominal pain, and fever. Especially in low-income countries, gastroenteritis in children is related to substantial mortality and morbidity. Pediatric gastroenteritis remains the second most common cause of child mortality worldwide [1] . Diarrheal disease can be caused by a wide spectrum of parasitic, bacterial, and viral pathogens. In the past decade, there has been a great shift from conventional methods to identify viral pathogens to the utilization of polymerase chain reaction (PCR) assays, which have proven their advantages over previously used techniques, such as rapid antigen detection and viral culture [2] . The major advantages of molecular diagnostic methods are lower detection limits and, therefore, higher analytical sensitivity for common viruses such as rotavirus (RV) and adenovirus (AdV), and their ability to detect in cultivable viruses such as norovirus (NoV), sapovirus (SaV), and astrovirus (AstV) [3] [4] [5] [6] or more difficult cultivable viruses such as Human Parechoviruses (HPeVs) [7] . Additionally, real-time PCR has the competence to determine the viral load in a semi-quantitative way, expressed as the amount of amplification cycles (cycle threshold (Ct)-value) necessary to detect the pathogen.", "cite_spans": [{"start": 320, "end": 323, "text": "[1]", "ref_id": "BIBREF0"}, {"start": 706, "end": 709, "text": "[2]", "ref_id": "BIBREF1"}, {"start": 1016, "end": 1019, "text": "[3]", "ref_id": "BIBREF2"}, {"start": 1020, "end": 1023, "text": "[4]", "ref_id": "BIBREF3"}, {"start": 1024, "end": 1027, "text": "[5]", "ref_id": "BIBREF4"}, {"start": 1028, "end": 1031, "text": "[6]", "ref_id": "BIBREF5"}, {"start": 1106, "end": 1109, "text": "[7]", "ref_id": "BIBREF6"}], "ref_spans": [], "section": "Background"}, {"text": "Human parechoviruses belong to the family of Picornaviridae, a highly diverse group of small, non-enveloped, single-stranded RNA viruses of positive polarity, many of which cause disease in humans [7] . The genera within the family include important pathogens such as rhinoviruses, enteroviruses, polioviruses and hepatoviruses. On the basis of the phylogenetic analyses of the VP1 (Viral Protein capsid-coding region) encoding region, 16 types have been described. Type 1 (HPeV1) and type 2 (HPeV2) were discovered in children with diarrhea in the United States in 1956, initially designated as echovirus types 22 and 23. In pediatrics, HPeV1 and HPeV2 cause mild gastrointestinal or respiratory illness; more serious diseases have been occasionally reported, including myocarditis, encephalitis, pneumonia, flaccid paralysis, meningitis, fatal neonatal infection and Reye syndrome [7] . HPeV3 not only causes mild gastrointestinal and respiratory tract illness, but also severe illnesses such as sepsis and conditions involving the central nervous system (CNS) [7] , whereas HPeV4-8 seem to cause dis- eases similar to those associated with HPeV1 and HPeV2 infections [7] . HPeV9-16 seem to be rare in human diseases. Little is known about this viral agent causing acute gastroenteritis in Italy, except for one study of HPeV detection in acute gastroenteritis in infants and children less than 5 years old [8] . Thus, the role and effect of HPeV infection in acute gastroenteritis is unclear.", "cite_spans": [{"start": 197, "end": 200, "text": "[7]", "ref_id": "BIBREF6"}, {"start": 883, "end": 886, "text": "[7]", "ref_id": "BIBREF6"}, {"start": 1063, "end": 1066, "text": "[7]", "ref_id": "BIBREF6"}, {"start": 1170, "end": 1173, "text": "[7]", "ref_id": "BIBREF6"}, {"start": 1409, "end": 1412, "text": "[8]", "ref_id": "BIBREF7"}], "ref_spans": [], "section": "Background"}, {"text": "This paper presents the novel realtime RT-PCR assay for the detection of HPeVs for clinical fecal samples collected from hospitalized children with acute gastroenteritis in Piedmont (northern Italy) from December 2014 to April 2015.", "cite_spans": [], "ref_spans": [], "section": "Objectives"}, {"text": "Human Parechovirus type 1 ATCC VR-52 (WWR International Milano Italy) were used as control.", "cite_spans": [], "ref_spans": [], "section": "Virus"}, {"text": "Primers and probes specific to HPeV were designed corresponding to nucleotide positions 518-616 (positions follow Human parechovirus 1 strain BJ-37359, GenBank: KJ659491.1). This region shows high conservation among different strains of HPeV and cover all the 8 human pathogen types. The forward and reverse primer sequences were 5 -CACTAGTTGTAAGGCCCACGAA-3 and 5 -GGCCCCAGATCAGATCCA \u22123 , respectively. The probe sequence was 5 -CAGTGTCTCTTGTTACCTGCGGGTACCTTCT \u22123 labeled with JOE at the 5 end and a BHQ2 at the 3 end. The glyceraldehyde-3phosphate dehydrogenase (GAPDH) was used as internal control. The primers for GAPDH were previously published [9] .", "cite_spans": [{"start": 649, "end": 652, "text": "[9]", "ref_id": "BIBREF8"}], "ref_spans": [], "section": "Target sequence selection"}, {"text": "A total of 137 fecal specimens previously screened for rotavirus and adenovirus were tested for HPeV virus. The samples were collected from under-five-year-old children with acute gastroenteritis in pediatric Hospital Regina Margherita of Turin in Italy from December 2014 to April 2015. The study was approved by our institutional Ethics Committee on 24/11/2014 prot. Number 116918.", "cite_spans": [], "ref_spans": [], "section": "Fecal specimens"}, {"text": "A total of 50 g of fecal specimens (previously diluited 1/10 in 0.9% NaCl buffer saline solution) DNA were extracted with RNAzol (QIAGEN, Valencia, CA) as previously report 9 and on the automated extractor Maxwell (Promega, Madison, WI) using simply RNA Blood Kit protocol without modification. Samples were eluted in 50 L by both methods.", "cite_spans": [{"start": 173, "end": 174, "text": "9", "ref_id": "BIBREF8"}], "ref_spans": [], "section": "Nucleic acid extraction"}, {"text": "For reverse transcription, 5 L of the stored, extracted RNA was added to a reagent mixture consisting of 5 x First Strand Buffer (Applied Biosystems, Carlsbad, CA, USA), 10 mM dNTPs (Sigma, St. Louis, Missouri, USA), MuLV (50 U/l) (Applied Biosystems, Carlsbad, CA, USA), random primer (50 M) (hexa-deoxyribonucleotide mixture) (Promega), RNase Inhibitor (20 U/l) (Promega), and distilled water. The total volume of reaction mixture was 50 L. RT reaction was carried out at 42 \u2022 C for 15 , followed by 99 \u2022 C for 5 and then 5 \u2022 C for 5 [9] .", "cite_spans": [{"start": 536, "end": 539, "text": "[9]", "ref_id": "BIBREF8"}], "ref_spans": [], "section": "Reverse transcription (RT)"}, {"text": "The optimization of the PCR reaction was performed by determining the optimal amount of primers and probe, as well as the cycling condition. The optimized HPeV PCR reaction contained 5 L of extracted DNA, 200 nM of HPeV primer forward, 900 nM of HPeV primer reverse, 200 nM of the HPeV FAM probe, 1 x PCR Master Mix (Applied Biosystems), in a total of 20 L reaction. The PCR amplification was carried out for 2 min at 50 \u2022 C, 10 min at 95 \u2022 C, 45 cycles of 15 s at 95 \u2022 C, 1 min at 60 \u2022 C on the 7500 ABI real time instrument (Applied Biosystems).", "cite_spans": [], "ref_spans": [], "section": "Real time PCR"}, {"text": "HPeV and GAPDH PCR amplification were performed in simplex reactions to evaluate potential interference between the PCR targets. A negative HPeV result was considered valid only when the internal control GAPDH probe showed amplification.", "cite_spans": [], "ref_spans": [], "section": "Internal control"}, {"text": "Positive plasmids control was obtained by TwinHelix (Rho, Italy) and was named pGastro2 For Real Time PCR quantification a standard curve was created in a 9-log range by serial 10-fold dilutions of the standard plasmids. The plasmid concentration was estimated on spectrophotometric reading at OD260.", "cite_spans": [], "ref_spans": [], "section": "Plasmids"}, {"text": "The accuracy or intra-and inter-assay variability (CV) was evaluated using different concentrations of standard plasmids (ranging from 10 4 to 10 2 copies/reaction) spiked in stool matrix within a single run (n = 10) or different run experiments (n = 10). The efficiency value, defined as 10 (\u22121/slope) and ranging usually from 1.7 to 2.2, was evaluated.", "cite_spans": [], "ref_spans": [], "section": "Accuracy -variability"}, {"text": "Extraction inhibition and PCR inhibition were assessed by spiking stool matrix not containing HPeV with known concentrations of the pGastro2 control prior to and after DNA extraction. Plasmid concentrations used were within 1 log of the limit of sensitivity of the assay.", "cite_spans": [], "ref_spans": [], "section": "Inhibition studies"}, {"text": "The pGastro2 was serially diluted to construct the calibration curve. The dynamic range, which is defined as the range of dilutions in which a linear regression curve can be constructed, was evaluated using 10-fold dilutions (from 10 10 to 10 0 ) of pGastro2 copies/l. The limit of detection is defined the lowest concentration of target quantified. The sensitivity of the assay was evaluated by using serial dilution (from 10 3 to 10 0 ) of pGastro2. Negative control, a white control, a positive control were included in each batch of test samples for checking up carry-over contamination. The panel was tested in triplicate for 5 days to determine the intraand inter-assay variability.", "cite_spans": [], "ref_spans": [], "section": "Calibration curves"}, {"text": "The analytical specificity of the RT-PCR assay was determined by testing coxsackievirus types B1 (ATCC VR- ", "cite_spans": [], "ref_spans": [{"start": 97, "end": 106, "text": "(ATCC VR-", "ref_id": null}], "section": "Specificity"}, {"text": "The PCR products generated from the PCR were purified and subjected to sequencing to confirm the amplicons of target sequences.", "cite_spans": [], "ref_spans": [], "section": "Sequence analysis"}, {"text": "The performance of the two systems was assessed and compared on 137 fecal specimens undergoing routine testing in under-Five-Year-Old Children with gastroenteritis. For this purpose we compared the results of the GAPDH amplification and demonstrated that the two systems was equivalent (Fig. 1) .", "cite_spans": [], "ref_spans": [{"start": 286, "end": 294, "text": "(Fig. 1)", "ref_id": "FIGREF0"}], "section": "Viral nucleic acid extraction"}, {"text": "Consistent results of HPeV copies were obtained when 50 g of samples were extracted and eluted in 50 L by both manual (RNAzol protocol) and automated (Maxwell) methods (Fig. 2) .", "cite_spans": [], "ref_spans": [{"start": 168, "end": 176, "text": "(Fig. 2)", "ref_id": "FIGREF1"}], "section": "Viral nucleic acid extraction"}, {"text": "The limit of detection of the assay, defined by the lowest concentration of viral target that was detected with 95% probability, was 10 copies/reaction when pGastro2 was loaded directly into the PCR reaction and 12.5 copies/mg when positive HPeV viral genome was spiked into matrix (fecal specimens).", "cite_spans": [], "ref_spans": [], "section": "Limit of detection"}, {"text": "The amplification efficiency, defined by the standard curve slope, was 3.46. The consistency of replicates was measured by the correlation coefficient (R 2 ), which indicates the linearity of the Ct values plotted in the standard curves. The R 2 index was 0.9982.", "cite_spans": [], "ref_spans": [], "section": "Linearity"}, {"text": "Accuracy can be calculated by the following equation: 10 (\u22121/slope) . The accuracy was expressed as the coefficient of variation (CV) in the log10 values of the concentration. CV value of the Ct and is reported in Table 2 .", "cite_spans": [], "ref_spans": [{"start": 214, "end": 221, "text": "Table 2", "ref_id": "TABREF3"}], "section": "Accuracy"}, {"text": "None of tested microorganism resulted positive, thus indicating that this method is specific for HPeV.", "cite_spans": [], "ref_spans": [], "section": "Specificity"}, {"text": "A total of 137 (from 70 males and 67 females) fecal specimens previously screened for rotavirus and adenovirus were collected from infants and children with acute gastroenteritis in pediatric Hospital Regina Margherita of Turin in Italy from December 2014 to April 2015. The mean age of the tested cases were 21.6 months. All fecal specimens were tested for the presence of HPeV with specific primers and probe. A total of 11 out of 137 (8%) episodes of acute gastroenteritis were associated with HPeV genomic detection with median viral load 14678 \u00b1 28927 genomes/mg fecal specimens, calculated with formula above.", "cite_spans": [], "ref_spans": [], "section": "Quantification of HPeV in fecal specimens"}, {"text": "genomes/mgFeces = genomes/reaction \u00f7 50 \u00d7 RNAconcentration mgFeces \u00f7 10", "cite_spans": [], "ref_spans": [], "section": "Quantification of HPeV in fecal specimens"}, {"text": "There was no significant difference in the detection rate between male and female (54.5% (6/11) vs. 45.5% (5/11). Among the 11 HPeV-positive cases, 2 were also positive for other viral pathogens, including rotavirus (n = 2). The results shown in Table 1 revealed that there was no difference in term of symptoms (diarrhea, vomiting and temperature) between HPeV positive and ", "cite_spans": [], "ref_spans": [{"start": 246, "end": 253, "text": "Table 1", "ref_id": "TABREF2"}], "section": "Quantification of HPeV in fecal specimens"}, {"text": "All the samples tested resulted HPeV type 1.", "cite_spans": [], "ref_spans": [], "section": "Sequence analysis"}, {"text": "Currently, RT-PCR is used widely and considered to be a convenient, useful, and powerful method for molecular diagnosis, to detect pathogens from clinical specimens. With the development of real time PCR assays, many of the limitations related to performing PCR amplification in a clinical laboratory have been overcome.", "cite_spans": [], "ref_spans": [], "section": "Discussion"}, {"text": "In this work we describe the development of an in-house Real-time Taqman PCR assay for quantification of HPeV in stool specimens and the assessment of a RNA extraction methods. The performance of the two RNA extraction systems, RNAzol and automated simply RNA Blood Kit (Maxwell) were compared. The difference resulted was not statistically significant. RNAzol produce a more concentrated RNA (p < 0.0001) but the amplification of GAPDH mRNA revealed equal results (p = 0.2647). All the samples resulted HPeV positive for both RNA extraction methods with a concordance of 100%.", "cite_spans": [], "ref_spans": [], "section": "Discussion"}, {"text": "The advantage of Real-Time PCR assay in comparison to conventional PCR, include a reduced turnaround time, minimizing the potential for carry-over contamination and the ability to scrutinize closely the assay performance, thus representing a suitable tool for routine diagnosis in virology. The development of a \"in house\" Real Time RT-PCR assay, available for diagnostic routine, requires an analogous process applied to marked and approved commercial kit for diagnostic use [10, 11] . This is realized by the standardization and optimization of amplification protocol. The sensitivity of our assay was found to be of 10 copies/reaction with a linearity range from 10 10 to 10 2 copies/reaction. The accuracy obtained in spiked test was good, with very low CV (Table 2) .", "cite_spans": [{"start": 476, "end": 480, "text": "[10,", "ref_id": "BIBREF9"}, {"start": 481, "end": 484, "text": "11]", "ref_id": "BIBREF10"}], "ref_spans": [{"start": 761, "end": 770, "text": "(Table 2)", "ref_id": "TABREF3"}], "section": "Discussion"}, {"text": "Epidemiological studies of HPeV are required to further our understanding of disease causation and geographic distribution. We tested stool specimens collected from children less than 5 years old for HPeV between December 2014 to April 2015 in Piedmont, Italy. The percentage of HPeV-positive specimens (8%) was lower than that found in other studies in China (55% in Shanghai [12] , 25.3% in Lanzhou [13] and 13.4%) but higher than Italian study (6% [8] or 1% [14] ). The discrepancy might be due to the geographical location, the specific year of sample collection, or the use of different PCR methods. Several studies have evaluated the clinical impact of mixed infections believed to be the cause of severe diarrhea in children under 5, and they have found that the frequencies of mixed infections fluctuate between 5% and 34% [14] [15] [16] [17] [18] in agreement with our data (31.4%). It is difficult to compare such findings as dual infections are often misdiagnosed or not investigated at all in routine laboratory work. For example in our Institution only Rotavirus, Adenovirus and Cultivable bacteria are included in routine tests. Despite the evidence that HPeV play a significant role in various severe pediatric infectious diseases, diagnostic assays are not available for routine clinical practice in every center and therefore their involvement in clinical illnesses is substantially underestimated.", "cite_spans": [{"start": 377, "end": 381, "text": "[12]", "ref_id": "BIBREF11"}, {"start": 401, "end": 405, "text": "[13]", "ref_id": "BIBREF12"}, {"start": 451, "end": 454, "text": "[8]", "ref_id": "BIBREF7"}, {"start": 461, "end": 465, "text": "[14]", "ref_id": "BIBREF13"}, {"start": 831, "end": 835, "text": "[14]", "ref_id": "BIBREF13"}, {"start": 836, "end": 840, "text": "[15]", "ref_id": "BIBREF14"}, {"start": 841, "end": 845, "text": "[16]", "ref_id": "BIBREF15"}, {"start": 846, "end": 850, "text": "[17]", "ref_id": "BIBREF16"}, {"start": 851, "end": 855, "text": "[18]", "ref_id": "BIBREF17"}], "ref_spans": [], "section": "Discussion"}, {"text": "In conclusion, the development of a laboratory designed Real Time PCR TaqMan assay for quantitative detection of HPeV and the optimization and standardization of this assay using stool of children with acute gastroenteritis are described. There is a high degree of variability in analytical performance of quantitative PCR-based assays amongst clinical laboratories. Quantitative monitoring of HPeV loads for individual patients should be performed by the same assay and by the same laboratory. In addition, the interpretation should be based on viral load trends instead of single determinations. The clinical utility of quantitative molecular assays, such as HPeV load, will be markedly improved. This method should solve an emerging clinical problem in the era of increased use of molecular diagnostic tools. Furthermore, more research is needed to clarify the specific characteristics of this clinically relevant group of viruses and develop appropriate treatment strategies.", "cite_spans": [], "ref_spans": [], "section": "Discussion"}, {"text": "Funding This study was funded by Institutional grant University of Turin (ex 60% 2015).", "cite_spans": [], "ref_spans": [], "section": "Discussion"}, {"text": "None.", "cite_spans": [], "ref_spans": [], "section": "Competing interests"}, {"text": "The study was approved by our institutional Ethics Committee on 24/11/2014 prot. Number 116918.", "cite_spans": [], "ref_spans": [], "section": "Ethical approval"}], "bib_entries": {"BIBREF0": {"ref_id": "b0", "title": "Diagnosis of viral gastroenteritis in children: interpretation of real-time PCR results and relation to clinical symptoms", "authors": [{"first": "M", "middle": ["S"], "last": "Corcoran", "suffix": ""}, {"first": "G", "middle": ["T"], "last": "Van Well", "suffix": ""}, {"first": "I", "middle": ["H"], "last": "Van Loo", "suffix": ""}], "year": 2014, "venue": "Eur. J. Clin. Microbiol. Infect. Dis", "volume": "33", "issn": "", "pages": "1663--1673", "other_ids": {"DOI": ["10.1007/s10096-014-2135-6"]}}, "BIBREF1": {"ref_id": "b1", "title": "Detection by PCR of eight groups of enteric pathogens in 4,627 faecal samples: re-examination of the english case-control infectious intestinal disease study", "authors": [{"first": "C", "middle": ["F"], "last": "Amar", "suffix": ""}, {"first": "C", "middle": ["L"], "last": "East", "suffix": ""}, {"first": "J", "middle": [], "last": "Gray", "suffix": ""}, {"first": "M", "middle": [], "last": "Iturriza-Gomara", "suffix": ""}, {"first": "E", "middle": ["A"], "last": "Maclure", "suffix": ""}, {"first": "J", "middle": [], "last": "Mclauchlin", "suffix": ""}], "year": 1993, "venue": "Eur. J. Clin. Microbiol. Infect. Dis", "volume": "26", "issn": "", "pages": "311--323", "other_ids": {"DOI": ["file:/localhost/opt/grobid/grobid-home/tmp/dx.doi.org/10.1007/s10096-014-2135-6"]}}, "BIBREF2": {"ref_id": "b2", "title": "Infantile viral gastroenteritis: on the way to closing the diagnostic gap", "authors": [{"first": "R", "middle": [], "last": "Simpson", "suffix": ""}, {"first": "S", "middle": [], "last": "Aliyu", "suffix": ""}, {"first": "M", "middle": [], "last": "Iturriza-G\u00f3mara", "suffix": ""}, {"first": "U", "middle": [], "last": "Desselberger", "suffix": ""}, {"first": "J", "middle": [], "last": "Gray", "suffix": ""}], "year": 2003, "venue": "J. Med. Virol", "volume": "70", "issn": "", "pages": "258--262", "other_ids": {}}, "BIBREF3": {"ref_id": "b3", "title": "Replacing traditional diagnostics of fecal viral pathogens by a comprehensive panel of real-time PCRs", "authors": [{"first": "P", "middle": ["F"], "last": "Wolffs", "suffix": ""}, {"first": "C", "middle": ["A"], "last": "Bruggeman", "suffix": ""}, {"first": "G", "middle": ["T"], "last": "Van Well", "suffix": ""}, {"first": "I", "middle": ["H"], "last": "Van Loo", "suffix": ""}], "year": 2011, "venue": "J. Clin. Microbiol", "volume": "49", "issn": "", "pages": "1926--1931", "other_ids": {}}, "BIBREF4": {"ref_id": "b4", "title": "Diagnosis of viral gastroenteritis by simultaneous detection of Adenovirus group F, Astrovirus, Rotavirus group A, Norovirus genogroups I and II and Sapovirus in two internally controlled multiplex real-time PCR assays", "authors": [{"first": "N", "middle": ["M"], "last": "Van Maarseveen", "suffix": ""}, {"first": "E", "middle": [], "last": "Wessels", "suffix": ""}, {"first": "C", "middle": ["S"], "last": "Brouwer", "suffix": ""}, {"first": "A", "middle": ["C"], "last": "Vossen", "suffix": ""}, {"first": "E", "middle": ["C"], "last": "Claas", "suffix": ""}], "year": 2010, "venue": "J. Clin. Virol", "volume": "49", "issn": "", "pages": "205--210", "other_ids": {}}, "BIBREF5": {"ref_id": "b5", "title": "Real-time reverse transcription-PCR for detection of rotavirus and adenovirus as causative agents of acute viral gastroenteritis in children", "authors": [{"first": "C", "middle": [], "last": "Logan", "suffix": ""}, {"first": "J", "middle": ["J"], "last": "O&apos;leary", "suffix": ""}, {"first": "N", "middle": [], "last": "O&apos;sullivan", "suffix": ""}], "year": 2006, "venue": "J ClinMicrobiol", "volume": "44", "issn": "", "pages": "3189--3195", "other_ids": {}}, "BIBREF6": {"ref_id": "b6", "title": "Pediatric parechovirus infections", "authors": [{"first": "S", "middle": [], "last": "Esposito", "suffix": ""}, {"first": "J", "middle": [], "last": "Rahamat-Langendoen", "suffix": ""}, {"first": "B", "middle": [], "last": "Ascolese", "suffix": ""}, {"first": "L", "middle": [], "last": "Senatore", "suffix": ""}, {"first": "L", "middle": [], "last": "Castellazzi", "suffix": ""}, {"first": "H", "middle": ["G"], "last": "Niesters", "suffix": ""}], "year": 2014, "venue": "J. Clin. Virol", "volume": "60", "issn": "", "pages": "84--89", "other_ids": {"DOI": ["10.1016/j.jcv.2014.03.003"]}}, "BIBREF7": {"ref_id": "b7", "title": "A novel multiplex one-step real-time RT-PCR assay for the simultaneous identification of enterovirus and parechovirus in clinical fecal samples", "authors": [{"first": "L", "middle": [], "last": "Bubba", "suffix": ""}, {"first": "L", "middle": [], "last": "Pellegrinelli", "suffix": ""}, {"first": "E", "middle": [], "last": "Pariani", "suffix": ""}, {"first": "V", "middle": [], "last": "Primache", "suffix": ""}, {"first": "A", "middle": [], "last": "Amendola", "suffix": ""}, {"first": "S", "middle": [], "last": "Binda", "suffix": ""}], "year": 2015, "venue": "J. Prev. Med. Hyg", "volume": "56", "issn": "", "pages": "57--60", "other_ids": {"DOI": ["file:/localhost/opt/grobid/grobid-home/tmp/dx.doi.org/10.1016/j.jcv.2014.03.003"]}}, "BIBREF8": {"ref_id": "b8", "title": "CMV induces HERV-K and HERV-W expression in kidney transplant recipients", "authors": [{"first": "M", "middle": [], "last": "Bergallo", "suffix": ""}, {"first": "I", "middle": [], "last": "Galliano", "suffix": ""}, {"first": "P", "middle": [], "last": "Montanari", "suffix": ""}, {"first": "S", "middle": [], "last": "Gambarino", "suffix": ""}, {"first": "K", "middle": [], "last": "Mareschi", "suffix": ""}, {"first": "F", "middle": [], "last": "Ferro", "suffix": ""}, {"first": "F", "middle": [], "last": "Fagioli", "suffix": ""}, {"first": "P", "middle": ["A"], "last": "Tovo", "suffix": ""}, {"first": "P", "middle": [], "last": "Ravanini", "suffix": ""}], "year": 2015, "venue": "J. Clin. Virol", "volume": "68", "issn": "", "pages": "28--31", "other_ids": {"DOI": ["10.1016/j.jcv.2015.04.018"]}}, "BIBREF9": {"ref_id": "b9", "title": "Checklist for optimization and validation of real-time PCR assays", "authors": [{"first": "M", "middle": [], "last": "Raymaekers", "suffix": ""}, {"first": "R", "middle": [], "last": "Smets", "suffix": ""}, {"first": "B", "middle": [], "last": "Maes", "suffix": ""}, {"first": "R", "middle": [], "last": "Cartuyvels", "suffix": ""}], "year": 2009, "venue": "J. Clin. Lab", "volume": "23", "issn": "", "pages": "145--151", "other_ids": {"DOI": ["file:/localhost/opt/grobid/grobid-home/tmp/dx.doi.org/10.1016/j.jcv.2015.04.018"]}}, "BIBREF10": {"ref_id": "b10", "title": "Detection and characterization of human caliciviruses in hospitalized children with acute gastroenteritis in", "authors": [{"first": "W", "middle": [], "last": "Dove", "suffix": ""}, {"first": "N", "middle": ["A"], "last": "Cunliffe", "suffix": ""}, {"first": "J", "middle": ["S"], "last": "Gondwe", "suffix": ""}, {"first": "R", "middle": ["L"], "last": "Broadhead", "suffix": ""}, {"first": "M", "middle": ["E"], "last": "Molyneux", "suffix": ""}, {"first": "O", "middle": [], "last": "Nakagomi", "suffix": ""}, {"first": "C", "middle": ["A"], "last": "Hart", "suffix": ""}], "year": 2005, "venue": "J. Med. Virol", "volume": "77", "issn": "", "pages": "522--527", "other_ids": {}}, "BIBREF11": {"ref_id": "b11", "title": "Prevalence and genotypes of human parechovirus in stool samples from", "authors": [{"first": "H", "middle": [], "last": "Zhong", "suffix": ""}, {"first": "Y", "middle": [], "last": "Lin", "suffix": ""}, {"first": "J", "middle": [], "last": "Sun", "suffix": ""}, {"first": "L", "middle": [], "last": "Su", "suffix": ""}, {"first": "L", "middle": [], "last": "Cao", "suffix": ""}], "year": 2008, "venue": "J. Med. Virol", "volume": "83", "issn": "", "pages": "1428--1434", "other_ids": {}}, "BIBREF12": {"ref_id": "b12", "title": "Prevalence of human parechovirus in Chinese children hospitalized for acute gastroenteritis", "authors": [{"first": "D", "middle": ["L"], "last": "Zhang", "suffix": ""}, {"first": "Y", "middle": [], "last": "Jin", "suffix": ""}, {"first": "D", "middle": ["D"], "last": "Li", "suffix": ""}, {"first": "W", "middle": ["X"], "last": "Cheng", "suffix": ""}, {"first": "Z", "middle": ["Q"], "last": "Xu", "suffix": ""}], "year": 2011, "venue": "Clin. Microbiol. Infect", "volume": "17", "issn": "", "pages": "1563--1569", "other_ids": {}}, "BIBREF13": {"ref_id": "b13", "title": "Molecular detection of gastrointestinal viral infections in hospitalized patients", "authors": [{"first": "F", "middle": [], "last": "Rovida", "suffix": ""}, {"first": "G", "middle": [], "last": "Campanini", "suffix": ""}, {"first": "A", "middle": [], "last": "Piralla", "suffix": ""}, {"first": "K", "middle": ["M"], "last": "Adzasehoun", "suffix": ""}, {"first": "A", "middle": [], "last": "Sarasini", "suffix": ""}, {"first": "F", "middle": [], "last": "Baldanti", "suffix": ""}], "year": 2013, "venue": "Diagn. Microbiol. Infect. Dis", "volume": "77", "issn": "", "pages": "231--235", "other_ids": {"DOI": ["10.1016/j.diagmicrobio.2013.07.020"]}}, "BIBREF14": {"ref_id": "b14", "title": "The global burden of diarrhoeal disease", "authors": [{"first": "M", "middle": [], "last": "Kosek", "suffix": ""}, {"first": "C", "middle": [], "last": "Bern", "suffix": ""}, {"first": "R", "middle": ["L"], "last": "Guerrant", "suffix": ""}], "year": 1992, "venue": "Bull. World Health Organ", "volume": "81", "issn": "", "pages": "197--204", "other_ids": {"DOI": ["file:/localhost/opt/grobid/grobid-home/tmp/dx.doi.org/10.1016/j.diagmicrobio.2013.07.020"]}}, "BIBREF15": {"ref_id": "b15", "title": "Coinfection in acute gastroenteritis predicts a more severe clinical course in children", "authors": [{"first": "D", "middle": [], "last": "Valentini", "suffix": ""}, {"first": "A", "middle": ["C"], "last": "Vitucci", "suffix": ""}, {"first": "A", "middle": [], "last": "Grandin", "suffix": ""}], "year": 2013, "venue": "Eur. J. Clin. Microbiol. Infect. Dis", "volume": "32", "issn": "", "pages": "909--915", "other_ids": {}}, "BIBREF16": {"ref_id": "b16", "title": "Acute viral gastroenteritis: proportion and clinical relevance of multiple infections in Spanish children", "authors": [{"first": "E", "middle": [], "last": "Rom\u00e1n", "suffix": ""}, {"first": "I", "middle": [], "last": "Wilhelmi", "suffix": ""}, {"first": "J", "middle": [], "last": "Colomina", "suffix": ""}], "year": 2003, "venue": "J. Med. Microbiol", "volume": "52", "issn": "", "pages": "435--440", "other_ids": {}}, "BIBREF17": {"ref_id": "b17", "title": "Changes in human Parechovirus profiles in hospitalized children with acute gastroenteritis after a three-year interval in", "authors": [{"first": "Y", "middle": [], "last": "Guo", "suffix": ""}, {"first": "Z", "middle": [], "last": "Duan", "suffix": ""}, {"first": "Y", "middle": [], "last": "Qian", "suffix": ""}], "year": 2013, "venue": "PLoS One", "volume": "8", "issn": "", "pages": "", "other_ids": {}}}, "ref_entries": {"FIGREF0": {"text": "28), B2 (ATCC VR-29) and B3 (ATCC VR-30), enterovirus type 68 (ATCC VR-561), 69 (ATCC VR-785), 70 (ATCC VR-836) and 71 (ATCC VR-1432), human respiratory syncytial virus (RSV-A [ATCC VR-26]Nucleic acid extraction performance. Comparison of GAPDH expression levels in RNAzol extracted RNA and automated extracted MAXWELL RNA.", "latex": null, "type": "figure"}, "FIGREF1": {"text": "Dynamic range of quantitative HPeV PCR real time from 10 2 on the left side to 10 10 copies on the right side. Number of cycle threshold (Ct) on x-axis and Delta Rn (Rn) or fluorescence exceeding background are indicated on x-and y-axis, respectively.", "latex": null, "type": "figure"}, "TABREF0": {"text": "http://dx.doi.org/10.1016/j.jcv.2016.10.001 1386-6532/\u00a9 2016 Elsevier B.V. All rights reserved.", "latex": null, "type": "table"}, "TABREF2": {"text": "Clinical features of parechovirus infected childrens.", "latex": null, "type": "table", "html": "<html><body><table><tr><td>Symptoms/Features </td><td>\u00a0</td><td>\u00a0</td><td>\u00a0</td><td>\u00a0</td></tr><tr><td>N\u25e6 ep/day: 1-5 </td><td>5/11 (45.5%) </td><td>72/126 (57.1%) </td><td>0</td><td>0.6250\n</td></tr><tr><td>N\u25e6 ep/day</td><td>2/11 (18.2%) </td><td>29/126 (23%) </td><td>1 </td><td>0.743</td></tr><tr><td>N\u25e6 ep/day: &gt;10 </td><td>3/11 (27.3%) </td><td>7/126 (5.6%) </td><td>0.0342 </td><td>6.375\n</td></tr><tr><td>Diarrhea </td><td>1/11 (9.1%) </td><td>18/126 (14.3%</td><td>1 </td><td>0.6000\n</td></tr><tr><td>N\u25e6 ep/day: 1-5 </td><td>4/11 (36.4%) </td><td>74/126 (58.7</td><td>0.2063 </td><td>0.401</td></tr><tr><td>N\u25e6 ep/da</td><td>3/11 (27.3%</td><td>34/126 (27%) </td><td>1 </td><td>1.015\n</td></tr><tr><td>N\u25e6 ep/day: &gt;10 </td><td>2/11 (18.2%) </td><td>5/126 (4%) </td><td>0.0988 </td><td>5.378\n</td></tr><tr><td>Fever (&gt;38 \u25e6C) </td><td>5/11 (45.5%) </td><td>80/126 (63.5%</td><td>0</td><td>0.479</td></tr><tr><td>Age &lt;24 m </td><td>7/11 (63.6%) </td><td>81/126 (64</td><td>1 </td><td>0.972</td></tr><tr><td>Coinfections (R</td><td>2/11 (18.2%) </td><td>41/126 (41.5%) </td><td>0.5019 </td><td>0.4607\n</td></tr><tr><td>Coinfection</td><td>2/11 (18.2%) </td><td>36/126 (28.6%) </td><td>0</td><td>0.5556\n</td></tr><tr><td>Coinfections: Adenovirus </td><td>None </td><td>2/126 (1.6%)\n</td><td>\u00a0</td><td>\u00a0</td></tr><tr><td>Coinfections: Cultured B</td><td>None </td><td>3/126 (2.4%)\n</td><td>\u00a0</td><td>\u00a0</td></tr><tr><td>\u00a0</td><td>\u00a0</td><td>\u00a0</td><td>\u00a0</td><td>\u00a0</td></tr></table></body></html>"}, "TABREF3": {"text": "Coefficient of variation (CV) in the log10 values of the concentration.", "latex": null, "type": "table", "html": "<html><body><table><tr><td>3 </td><td>Standard plasmid DNA Intra-assay variability (%) Inter-assay va</td><td>\u00a0</td></tr><tr><td>104 </td><td>0.633% </td><td>1.345%\n</td></tr><tr><td>105 </td><td>0.088% </td><td>0.888%\n</td></tr><tr><td>\u00a0</td><td>\u00a0</td><td>\u00a0</td></tr></table></body></html>"}}, "back_matter": [{"text": "The authors thank the members of the Department of Public Health and Pediatrics and gratefully acknowledge the Director AM. Cuffini.", "cite_spans": [], "ref_spans": [], "section": "Acknowledgments"}]}