{
    "paper_id": "0042f75b28c2fb70db78b3aa119b7c60094ac458",
    "metadata": {
        "title": "",
        "authors": []
    },
    "abstract": [],
    "body_text": [
        {
            "text": "Ethnic disparities in COVID-19 mortality: are comorbidities to blame?",
            "cite_spans": [],
            "ref_spans": [],
            "section": "Correspondence"
        },
        {
            "text": "On June 2, 2020, Public Health England (PHE) 1 reported on the disparities in the risk and outcomes of COVID-19. After adjusting for sex, age, deprivation, and region, people from a Black, Asian, and Minority Ethnic (BAME) background had a higher risk of death from COVID-19 than White British people. This analysis did not adjust for comorbidities, and the PHE report highlighted this to be an important limitation as comorbidities were postulated to be \"more commonly seen in some BAME groups\". 1 PHE 1 refers to a study from the COVID-19 Clinical Information Network (CO-CIN), led by Harrison and colleagues, 2 of the difference in survival from COVID-19 associated with membership of an ethnic group. In this study, 2 once comorbidities were accounted for, there was no difference in COVID-19 mortality between ethnic groups. This initially appears to support PHE's conclusion that differences in the distribution of comorbidities may account for the increased COVID-19 mortality of BAME patients.",
            "cite_spans": [],
            "ref_spans": [],
            "section": "Correspondence"
        },
        {
            "text": "However, in CO-CIN's analysis 2 of more than 14 000 patients with COVID-19 admitted to UK hospitals, BAME patients were more likely to have diabetes, but less likely to have other comorbidities such as chronic cardiac, pulmonary, kidney, and neuro logical disease, malignancy, and dementia. In the multivariate analysis of risk factors for COVID-19 mortality, the adjusted hazard ratio for diabetes (1\u202211) was less than that for chronic cardiac (1\u202220), pulmonary (1\u202224), and kidney disease (1\u202228), and dementia (1\u202240), and equal to the adjusted hazard ratio for malignancy (1\u202211). Furthermore, age was by far the largest contributor to risk of death, with an adjusted hazard ratio of 9\u202209 for patients aged 70-79 years and 11\u202272 for those aged 80 years and older, compared with people younger than 50 years. 60\u20227% of White patients admitted to hospital with COVID-19 were aged 70 years and older, compared with 30\u20227% of Black, 29\u20222% of Asian, and 35\u20222% of Minority Ethnic patients.",
            "cite_spans": [],
            "ref_spans": [],
            "section": "Correspondence"
        },
        {
            "text": "As patients from a White ethnic background were more likely to be older and have comorbidities associated with a higher risk of dying from COVID-19, it is very concerning that the case fatality at 30 days after hospital admission for COVID-19 appears to be the same in Black and White patients. 2 The lack of association between ethnicity and COVID-19 mortality after adjustment for comorbidities is not reassuring. This suggests that research into ethnic disparities in COVID-19 mortality must consider social as well as biological factors.",
            "cite_spans": [
                {
                    "start": 295,
                    "end": 296,
                    "text": "2",
                    "ref_id": "BIBREF1"
                }
            ],
            "ref_spans": [],
            "section": "Correspondence"
        }
    ],
    "bib_entries": {
        "BIBREF0": {
            "ref_id": "b0",
            "title": "Disparities in the risk and outcomes of COVID-19",
            "authors": [
                {
                    "first": "Public",
                    "middle": [],
                    "last": "Health England",
                    "suffix": ""
                }
            ],
            "year": 2020,
            "venue": "",
            "volume": "",
            "issn": "",
            "pages": "",
            "other_ids": {}
        },
        "BIBREF1": {
            "ref_id": "b1",
            "title": "Investigating associations between ethnicity and outcome from COVID-19",
            "authors": [
                {
                    "first": "E",
                    "middle": [],
                    "last": "Harrison",
                    "suffix": ""
                },
                {
                    "first": "A",
                    "middle": [],
                    "last": "Docherty",
                    "suffix": ""
                },
                {
                    "first": "C",
                    "middle": [],
                    "last": "Semple",
                    "suffix": ""
                }
            ],
            "year": 2020,
            "venue": "",
            "volume": "",
            "issn": "",
            "pages": "",
            "other_ids": {}
        }
    },
    "ref_entries": {
        "FIGREF0": {
            "text": "Submissions should be made via our electronic submission system at http://ees.elsevier.com/ thelancet/ www.thelancet.com Published online June 19, 2020 https://doi.org/10.1016/S0140-6736(20)31423-9 1",
            "latex": null,
            "type": "figure"
        }
    },
    "back_matter": [
        {
            "text": "I declare no competing interests. I thank Roba Khundkar for her support and constructive criticism when writing this Correspondence.",
            "cite_spans": [],
            "ref_spans": [],
            "section": "acknowledgement"
        },
        {
            "text": "Department of Surgery, Southampton General Hospital, University Hospital Southampton NHS Foundation Trust, Southampton SO16 6YD, UK",
            "cite_spans": [],
            "ref_spans": [],
            "section": "krithi.ravi@uhs.nhs.uk"
        }
    ]
}