{"paper_id": "004cdca54ee0bfc6d8f8d54e679804556f06bfe5", "metadata": {"title": "Journal Pre-proof Can indoor sports centers be allowed to re-open during the COVID-19 pandemic based on a certificate of equivalence? Can indoor sports centers be allowed to re-open during the COVID-19 pandemic based on a certificate of equivalence?", "authors": [{"first": "B", "middle": [], "last": "Blocken", "suffix": "", "affiliation": {"laboratory": "Building Physics and Services", "institution": "Eindhoven University of Technology", "location": {"postBox": "P.O. box 513", "postCode": "5600 MB", "settlement": "Eindhoven", "country": "the Netherlands"}}, "email": "b.j.e.blocken@tue.nl"}, {"first": "T", "middle": [], "last": "Van Druenen", "suffix": "", "affiliation": {"laboratory": "Building Physics and Services", "institution": "Eindhoven University of Technology", "location": {"postBox": "P.O. box 513", "postCode": "5600 MB", "settlement": "Eindhoven", "country": "the Netherlands"}}, "email": ""}, {"first": "T", "middle": [], "last": "Van Hooff", "suffix": "", "affiliation": {"laboratory": "Building Physics and Services", "institution": "Eindhoven University of Technology", "location": {"postBox": "P.O. box 513", "postCode": "5600 MB", "settlement": "Eindhoven", "country": "the Netherlands"}}, "email": ""}, {"first": "P", "middle": ["A"], "last": "Verstappen", "suffix": "", "affiliation": {}, "email": ""}, {"first": "T", "middle": [], "last": "Marchal", "suffix": "", "affiliation": {"laboratory": "", "institution": "Ansys Belgium S.A., Centre d'Affaires \"Les Collines de Wavre\"", "location": {"addrLine": "Avenue Pasteur 4", "postCode": "1300", "settlement": "Wavre", "country": "Belgium"}}, "email": ""}, {"first": "L", "middle": ["C"], "last": "Marr", "suffix": "", "affiliation": {"laboratory": "", "institution": "Virginia Polytechnic Institute and State University", "location": {"addrLine": "1145 Perry St. (0246), Durham 411", "postCode": "24061", "settlement": "Blacksburg", "region": "VA", "country": "USA"}}, "email": ""}]}, "abstract": [{"text": "Within a time span of only a few months, the SARS-CoV-2 virus has managed to spread across the world. This virus can spread by close contact, which includes large droplet spray and inhalation of microscopic droplets, and by indirect contact via contaminated objects. While in most countries, supermarkets have remained open, due to the COVID-19 pandemic, authorities have ordered many other shops, restaurants, bars, music theaters and indoor sports centers to be closed. As part of COVID-19 (semi)lock-down exit strategies, many government authorities are now (May 2020) allowing a gradual re-opening, where sometimes indoor sport centers are last in line to be permitted to re-open. This technical note discusses the challenges in re-opening these facilities and the measures already suggested by some to tackle these challenges. It also elaborates three potential additional measures and based on these additional measures, it suggests the concept of a certificate of equivalence that could allow indoor sports centers with such a certificate to re-open more rapidly. It also attempts to stimulate increased preparedness of indoor sports centers for potential next waves of SARS-CoV-2 as well as future pandemics. It is concluded that fighting situations such as the COVID-19 pandemic and limiting economic damage requires increased collaboration and research by virologists, epidemiologists, microbiologists, aerosol scientists, building physicists, building services engineers and sports scientists.", "cite_spans": [], "ref_spans": [], "section": "Abstract"}], "body_text": [{"text": "Within a time span of only a few months, the SARS-CoV-2 virus has managed to spread to many countries in the world and to generate a world-wide crisis. Many countries have closed their borders and some have imposed long lockdowns or semi-lockdowns on their inhabitants. International, national and local sports and cultural events have been canceled or at least postponed. Restaurants, bars, music and movie theaters and indoor sports centers had to close their doors. In spite of these measures, on 10 May 2020, the European Centre for Disease Prevention and Control reported nearly 4.8 million cases of SARS-CoV-2 including 318,201 deaths [1] . SARS-CoV-2 is not only a highly transmissible but also a deadly virus. Several sources have suggested that the COVID-19 virus is transmitted by respiratory droplets and by contact routes [2] [3] [4] [5] [6] [7] . Direct transmission by droplets can occur between people when infective droplets produced by sneezing, coughing, talking, singing or simply exhaling reach the mucosae (mouth and nose) or conjunctiva (eyes) of another person. That is why during the COVID-19 pandemic, many countries world-wide have declared -sometimes by law -a so-called \"social distance\" of about 1.5 m, 2 m or 6 ft (actual value dependent on the country) to be kept between individuals. While this is not really a social distance but rather a physical distance, this distance is considered not only feasible but by many also effective because it is sometimes assumed that the largest respiratory droplets will settle by gravity and/or evaporate before having traveled this distance to impact the other person. However, recent studies have demonstrated that droplets from coughing and sneezing can sometimes travel 4 m or even 6 m and more, co-propelled by the turbulent air jet by the coughing or sneezing person [8] [9] [10] . Indirect or contact route transmission can occur via fomites such as skin cells, hair, clothes, handrails, keyboard buttons and other objects, where virus is deposited after contact with an infected person.", "cite_spans": [{"start": 641, "end": 644, "text": "[1]", "ref_id": "BIBREF0"}, {"start": 834, "end": 837, "text": "[2]", "ref_id": "BIBREF1"}, {"start": 838, "end": 841, "text": "[3]", "ref_id": "BIBREF2"}, {"start": 842, "end": 845, "text": "[4]", "ref_id": "BIBREF3"}, {"start": 846, "end": 849, "text": "[5]", "ref_id": "BIBREF4"}, {"start": 850, "end": 853, "text": "[6]", "ref_id": "BIBREF5"}, {"start": 854, "end": 857, "text": "[7]", "ref_id": "BIBREF6"}, {"start": 1842, "end": 1845, "text": "[8]", "ref_id": "BIBREF7"}, {"start": 1846, "end": 1849, "text": "[9]", "ref_id": "BIBREF8"}, {"start": 1850, "end": 1854, "text": "[10]", "ref_id": "BIBREF9"}], "ref_spans": [], "section": "Introduction"}, {"text": "There is mounting evidence that the virus can also be transmitted by inhalation of microscopic droplets (i.e. aerosols) at short-to-medium range because the virus has been found in small aerosols that can remain in the air for hours, and it has been shown to maintain viability in such aerosols [11] [12] [13] [14] [15] . Thus, it would be wise to apply precautionary measures also for the airborne route.", "cite_spans": [{"start": 295, "end": 299, "text": "[11]", "ref_id": "BIBREF10"}, {"start": 300, "end": 304, "text": "[12]", "ref_id": "BIBREF11"}, {"start": 305, "end": 309, "text": "[13]", "ref_id": "BIBREF12"}, {"start": 310, "end": 314, "text": "[14]", "ref_id": "BIBREF13"}, {"start": 315, "end": 319, "text": "[15]", "ref_id": "BIBREF14"}], "ref_spans": [], "section": "Introduction"}, {"text": "Respiratory droplets are generated from the fluid lining of the respiratory tract during the expiratory activities breathing, talking, coughing and sneezing [16, 17] and the size of these droplets can range from about 0.1 \u00b5m to 1 mm [18] . While a sneeze can generate 10,000 droplets or more, a cough will produce about 100 to 1000 droplets and talking can produce about 50 droplets per second [19, 20] . Sneezing and coughing can generate a substantial fraction of larger droplets and breathing mainly generates the smaller range of droplets or aerosols. However, as stated by Mittal et al. [21] , previous studies have noted that \"even though breathing generates droplets at a much lower rate, it probably accounts for more expired bioaerosols over the course of a day than intermittent events such as coughing and sneezing\".", "cite_spans": [{"start": 157, "end": 161, "text": "[16,", "ref_id": "BIBREF15"}, {"start": 162, "end": 165, "text": "17]", "ref_id": "BIBREF16"}, {"start": 233, "end": 237, "text": "[18]", "ref_id": "BIBREF17"}, {"start": 394, "end": 398, "text": "[19,", "ref_id": "BIBREF18"}, {"start": 399, "end": 402, "text": "20]", "ref_id": "BIBREF19"}, {"start": 592, "end": 596, "text": "[21]", "ref_id": "BIBREF20"}], "ref_spans": [], "section": "Introduction"}, {"text": "Indoor sports centers are environments that house equipment and services for the purpose of physical exercise. The equipment and services can cover a very wide range of physical activities: (i) cardio equipment with stationary exercise bicycles, treadmills, rowing machines and elliptical trainers, (ii) workout equipment with free weights and weight-based exercise machines, (iii) group exercise services where trainers or instructors provide classes in aerobics, cycling/spinning, step yoga, pilates, stretching, etc. and (iv) additional facilities such as indoor running tracks, basketball courts, squash courts, boxing areas, ice rinks and swimming pools. In the present technical note, we focus on the categories (i), (ii) and (iii), where the people exercising are not moving throughout the room but instead remain confined at a rather fixed position in the room.", "cite_spans": [], "ref_spans": [], "section": "Introduction"}, {"text": "Sports have an important role in the society. They contribute to several of the United Nations Sustainable Development Goals [22] (Figure 1 ). For centuries, sports have succeeded in bringing people together. Even in the darkest of times, sports have been practiced to maintain at least a semblance of normality and to build and sustain morale. During war, soldiers would exercise some sports in the trenches to pass time and enjoy themselves [23, 24] . Also during the COVID-19 pandemic, sports have been and still are undoubtedly important [25, 26] . However, the fact that in many countries indoor sports centers have been closed has equally undoubtedly made it more difficult for people to cope with this pandemic and the associated (semi-)lockdown [27] . A long closure of indoor sports centers could also lead to detrimental economic consequences, with bankruptcies and the associated negative consequences throughout the whole supply chain.", "cite_spans": [{"start": 125, "end": 129, "text": "[22]", "ref_id": "BIBREF21"}, {"start": 443, "end": 447, "text": "[23,", "ref_id": "BIBREF22"}, {"start": 448, "end": 451, "text": "24]", "ref_id": "BIBREF23"}, {"start": 542, "end": 546, "text": "[25,", "ref_id": "BIBREF24"}, {"start": 547, "end": 550, "text": "26]", "ref_id": "BIBREF25"}, {"start": 753, "end": 757, "text": "[27]", "ref_id": "BIBREF26"}], "ref_spans": [{"start": 130, "end": 139, "text": "(Figure 1", "ref_id": null}], "section": "Introduction"}, {"text": "During the COVID-19 pandemic, in most countries, supermarkets have remained open, but many other shops, restaurants, bars, music theaters and indoor sports centers have been closed. As part of a COVID-19 (semi)lock-down exit strategy, many government authorities are allowing a gradual re-opening, where sometimes indoor sport centers are last in line to be permitted to re-open. This technical note discusses the challenges in re-opening these facilities and the measures already suggested by some others to tackle these challenges. It also elaborates three additional measures and based on the implementation of these additional measures, it suggests the concept of a certificate of equivalence that could allow indoor sports centers with such a certificate to re-open more rapidly. It also attempts to stimulate increased preparedness of indoor sports centers for potential next waves of this virus as well as future pandemics. As an example, the situation of the Netherlands is taken, but similar situations are undoubtedly present in many countries around the world.", "cite_spans": [], "ref_spans": [], "section": "Introduction"}, {"text": "This document does not attempt to be complete. Given the urgency of the situation and the historical lack of research on infectious diseases and sports, it attempts to provide a first overview of challenges, current measures and additional measures supplemented with a potential practical framework.", "cite_spans": [], "ref_spans": [], "section": "Introduction"}, {"text": "In indoor sports centers typically the facilities such as exercise equipment, lockers, showers and all means to access them such as keyboard buttons, handlebars, railings and doorknobs are used by many visitors, which could result in many opportunities of infection transmission, either directly (by expired droplets at short range) or indirectly (by fomites). Therefore, a wide range of precautionary measures can and should be taken. The NOC*NSF (Dutch Olympic Committee * Dutch Sports Federation) is the overarching organization for all sports activities, professional and recreational, in the Netherlands. This organization has issued a \"Protocol for Responsible Physical Exercise\" [28] . Based on this document, the Dutch organization \"NL Actief\" has published a similar document but especially focused on indoor sports centers: \"Protocol for Responsible Physical Exercise -Branche: Fitness\" [29] . This protocol contains a comprehensive list of precautionary measures and is intended to supplement the already imposed measures by the Dutch National Institute of Public Health and the Environment (RIVM) and the protocol by the NOC*NSF. It explicitly focuses on those physical activities that do not involve physical contact between persons. The precautionary measures are provided in four categories: for (i) operators, (ii) visitors, (iii) employees and (iv) suppliers. On top of the basic measures that hold for all people in the Netherlands such as keeping the 1.5 m physical distance at all times, sneezing and coughing in one's elbow cavity and using paper towels , staying at home when showing at least one of the typical symptoms and also when one of your housemates has some specific symptoms, the following additional measures are defined [28, 29] \u2022 Examples of measures for the employees include working at home as much as possible, regular washing of the hands before every meal, after use of the sanitary facilities, after having traveled with public transport, and after cleaning, not sharing tools with other employees, keeping personal tools clean and disinfected.", "cite_spans": [{"start": 686, "end": 690, "text": "[28]", "ref_id": "BIBREF27"}, {"start": 897, "end": 901, "text": "[29]", "ref_id": "BIBREF28"}, {"start": 1754, "end": 1758, "text": "[28,", "ref_id": "BIBREF27"}, {"start": 1759, "end": 1762, "text": "29]", "ref_id": "BIBREF28"}], "ref_spans": [], "section": "Challenges and current measures for indoor sports centers"}, {"text": "\u2022 Examples of measures for the suppliers are announcing arrival 15 minutes in advance, wearing gloves, announcing where the goods will be placed, giving preference to delivery at the doorstep.", "cite_spans": [], "ref_spans": [], "section": "Challenges and current measures for indoor sports centers"}, {"text": "The protocol also advises a gradual re-opening in three phases, from a first and limited opening that should have started on 15 March 2020 to a full regular opening including catering facilities afterwards.", "cite_spans": [], "ref_spans": [], "section": "Challenges and current measures for indoor sports centers"}, {"text": "In spite of this document, the Dutch government decided on 6 May 2020 that indoor sports centers would have to remain closed until 1 September 2020. The main argument provided for this decision by the Ministry of Health, Welfare and Sports pointed to the issue that was not addressed in the Protocol document:", "cite_spans": [], "ref_spans": [], "section": "Challenges and current measures for indoor sports centers"}, {"text": "concern about the increased amount of aerosols expired during physical exercise that can remain in the air for a long duration [30] . They also raised the concern that it was yet insufficiently clear whether asymptomatic SARS-CoV-2 carriers also expire such aerosols. Given the current status of knowledge on aerosol expiration and on SARS-CoV-2, both concerns seem justified. Indeed, there is evidence that deep exhalation (as with physical exercise) produces more aerosols [17, 31] , there are indications of SARS-CoV-2 infection in 12 fitness dance classes in South Korea [32] and recent studies do suggest that asymptomatic carriers can transfer the SARS-CoV-2 virus [33, 34] .", "cite_spans": [{"start": 127, "end": 131, "text": "[30]", "ref_id": "BIBREF29"}, {"start": 475, "end": 479, "text": "[17,", "ref_id": "BIBREF16"}, {"start": 480, "end": 483, "text": "31]", "ref_id": "BIBREF30"}, {"start": 575, "end": 579, "text": "[32]", "ref_id": "BIBREF31"}, {"start": 671, "end": 675, "text": "[33,", "ref_id": "BIBREF32"}, {"start": 676, "end": 679, "text": "34]", "ref_id": "BIBREF33"}], "ref_spans": [], "section": "Challenges and current measures for indoor sports centers"}, {"text": "To the best of our knowledge, there are only a few studies that provide some indirect indication of how physical exercise influences the emission of respiratory droplets. Johnson and Morawska [17] found that deep exhalation resulted in a 4-to 6-fold increase in aerosol concentration and rapid inhalation produced a further 2to 3-fold increase in concentration. In contrast, rapid exhalation had little effect on the measured concentration.", "cite_spans": [{"start": 192, "end": 196, "text": "[17]", "ref_id": "BIBREF16"}], "ref_spans": [], "section": "Challenges and current measures for indoor sports centers"}, {"text": "Almstrand et al. [31] analyzed the effect of airway opening on the production of exhaled particles. Ten healthy test subjects were asked to perform different breathing maneuvers in which the initial lung volume preceding an inhalation to total lung capacity was varied between functional residual capacity (FRC -the volume of air in the lungs at the end of passive expiration) and residual volume (RV -the volume of air in the lungs after full exhalation). They measured exhaled particles in the size range 0.30 to 2.0 \u00b5m. The number of exhaled particles demonstrated a 2-to 18-fold increase after exhalations to RV compared with exhalations where no airway closure was shown [29] . However, both studies were performed with persons not conducting physical exercise, therefore more research is needed on whether and to what extent physical exercise can increase the generation of aerosols.", "cite_spans": [{"start": 17, "end": 21, "text": "[31]", "ref_id": "BIBREF30"}, {"start": 676, "end": 680, "text": "[29]", "ref_id": "BIBREF28"}], "ref_spans": [], "section": "Challenges and current measures for indoor sports centers"}, {"text": "Considering the contents of the protocol [29] , the aforementioned studies on increased aerosol production by deep exhalation [17, 31] , the indication of infection in the fitness dance classes [32] and the aforementioned studies on virus viability in small aerosols that can remain in the air for hours [11] [12] [13] [14] [15] , it would be judicious to apply additional precautionary measures to handle the potential surplus of aerosols produced by breathing during physical exercise in indoor sports centers. While the study [32] suggested that vigorous exercise in confined spaces should be minimized during outbreaks, the present authors do not necessarily share that opinion, because many other parameters are involved, including those mentioned in the next section, that have received relatively little attention in most SARS-CoV-2 publications so far.", "cite_spans": [{"start": 41, "end": 45, "text": "[29]", "ref_id": "BIBREF28"}, {"start": 126, "end": 130, "text": "[17,", "ref_id": "BIBREF16"}, {"start": 131, "end": 134, "text": "31]", "ref_id": "BIBREF30"}, {"start": 194, "end": 198, "text": "[32]", "ref_id": "BIBREF31"}, {"start": 304, "end": 308, "text": "[11]", "ref_id": "BIBREF10"}, {"start": 309, "end": 313, "text": "[12]", "ref_id": "BIBREF11"}, {"start": 314, "end": 318, "text": "[13]", "ref_id": "BIBREF12"}, {"start": 319, "end": 323, "text": "[14]", "ref_id": "BIBREF13"}, {"start": 324, "end": 328, "text": "[15]", "ref_id": "BIBREF14"}, {"start": 529, "end": 533, "text": "[32]", "ref_id": "BIBREF31"}], "ref_spans": [], "section": "Challenges and current measures for indoor sports centers"}, {"text": "Building or room ventilation can be defined as \"the process by which 'clean' air (normally outdoor air) is intentionally provided to a space and stale air is removed\" [35] . Several authoritative books and extensive reviews have been provided on the topic in the past decades (e.g. [36] [37] [38] [39] ). Ventilation can be driven by mechanical systems (mechanical ventilation) or by natural forces such as wind and buoyancy (natural ventilation) or a combination of both. Some mechanical systems employ recirculation of heated or cooled air for the purpose of energy conservation. Strictly, according to the above-mentioned AIVC definition, recirculated air cannot be labeled as ventilation. In this note, we strictly follow the definition that ventilation air is outdoor clean air free of infectious aerosols. In its simplest case, high-intensity natural ventilation consists of opening windows and doors in opposite facades (if weather allows). Two main categories of building ventilation are displacement ventilation and mixing ventilation. In displacement ventilation, the outdoor air is generally supplied at a low velocity from diffusers near the floor level and extracted above the occupied zone, near or at the ceiling (Fig. 2a) . In mixing ventilation, the outdoor air is supplied at a high velocity outside the occupied zone, such as near or at the ceiling, and is mixed with the stale indoor air (Fig. 2b) , with the intention to dilute the concentrations of e.g. aerosols, after which part of this mixed air is extracted out of the room.", "cite_spans": [{"start": 167, "end": 171, "text": "[35]", "ref_id": "BIBREF34"}, {"start": 282, "end": 286, "text": "[36]", "ref_id": "BIBREF35"}, {"start": 287, "end": 291, "text": "[37]", "ref_id": "BIBREF36"}, {"start": 292, "end": 296, "text": "[38]", "ref_id": "BIBREF37"}, {"start": 297, "end": 301, "text": "[39]", "ref_id": "BIBREF38"}], "ref_spans": [{"start": 1228, "end": 1237, "text": "(Fig. 2a)", "ref_id": "FIGREF3"}, {"start": 1408, "end": 1417, "text": "(Fig. 2b)", "ref_id": "FIGREF3"}], "section": "High-intensity building ventilation"}, {"text": "Displacement ventilation can generally lead to lower aerosol concentrations in the occupied zone and an overall better ventilation efficiency than mixing ventilation, but locating diffusors and ducts near the floor is not always feasible. Mixing ventilation is easier to implement with diffusors and ducts near the ceiling but leads to more evenly distributed and overall higher aerosol concentrations in the enclosure. To our knowledge, the vast majority of indoor sports centers are equipped with mixing ventilation, but in view of reducing infection risk, the future design of such centers could benefit from displacement ventilation systems if sufficient buoyancy forces will act to generate upward movement of the air.", "cite_spans": [], "ref_spans": [], "section": "High-intensity building ventilation"}, {"text": "Given the low inertia of the aerosols, after expiration, their movement in the enclosure will rapidly be determined by the indoor airflow patterns. These patterns can be very complex as demonstrated by many earlier studies [40] [41] [42] [43] [44] [45] [46] [47] [48] . Persons are sources of heat and vapor. Not only the expired air and aerosols will therefore be exposed to the resulting upward buoyancy forces, but also a -mainly -thermal convective plume is present around people that causes a clear upward airflow near their body [49] . The movement of people, and finally the ventilation system itself, also contribute to the complexity of the airflow patterns in enclosures.", "cite_spans": [{"start": 223, "end": 227, "text": "[40]", "ref_id": "BIBREF39"}, {"start": 228, "end": 232, "text": "[41]", "ref_id": "BIBREF40"}, {"start": 233, "end": 237, "text": "[42]", "ref_id": "BIBREF41"}, {"start": 238, "end": 242, "text": "[43]", "ref_id": "BIBREF42"}, {"start": 243, "end": 247, "text": "[44]", "ref_id": "BIBREF43"}, {"start": 248, "end": 252, "text": "[45]", "ref_id": "BIBREF44"}, {"start": 253, "end": 257, "text": "[46]", "ref_id": "BIBREF45"}, {"start": 258, "end": 262, "text": "[47]", "ref_id": "BIBREF46"}, {"start": 263, "end": 267, "text": "[48]", "ref_id": "BIBREF47"}, {"start": 535, "end": 539, "text": "[49]", "ref_id": "BIBREF48"}], "ref_spans": [], "section": "High-intensity building ventilation"}, {"text": "Li et al. [50] extensively reviewed studies on the role of ventilation in the airborne transmission of infectious agents in buildings. They concluded that there is clear evidence of an association between ventilation, air movement in buildings and the transmission/spread of infectious diseases such as influenza and SARS. However, they also indicated that there was insufficient data to specify and quantify the minimum ventilation requirements in hospitals, schools, offices and other buildings to avoid the spread of these and other infectious diseases via the airborne route. Indeed, ventilation implies air movement and also aerosol movement inside the building, and in some cases the ventilation system uses recirculation of part of the exhausted air back to the inside, which, in case of infectious diseases, is undesirable [51] . Therefore, only high-intensity ventilation without recirculation should be applied in this type of pandemic in order to effectively and quickly remove aerosols and keep indoor aerosol concentrations as low as possible. If recirculation is applied, the recirculated air should be treated so that infectious aerosols are physically removed and/or pathogens are inactivated, for example by UV germicidal irradiation.", "cite_spans": [{"start": 10, "end": 14, "text": "[50]", "ref_id": "BIBREF49"}, {"start": 831, "end": 835, "text": "[51]", "ref_id": "BIBREF50"}], "ref_spans": [], "section": "High-intensity building ventilation"}, {"text": "Ai and Melikov [52] reviewed studies on the airborne spread of expiratory droplet nuclei between the occupants of indoor environments, with specific focus on the spread of droplet nuclei from mouth/nose to mouth/nose for non-specific diseases. They stressed the importance of indoor airflow patterns and indicated that future research is needed in three specific areas: the importance of the direction of indoor airflow patterns, the dynamics of airborne transmission and the application of CFD simulations.", "cite_spans": [{"start": 15, "end": 19, "text": "[52]", "ref_id": "BIBREF51"}], "ref_spans": [], "section": "High-intensity building ventilation"}, {"text": "In most countries world-wide, building ventilation is mandatory by law, as an essential requirement for health and comfort in buildings. In the Netherlands, the minimum requirements for the ventilation of buildings are prescribed by the Building Code (\"Bouwbesluit\") published in 2012, and last amended in 2020 [53] . The minimum ventilation flow rates in terms of provision of fresh air for different types of utility buildings are given in Table 1 . A distinction is made between new buildings and existing buildings. Table 1 shows that for new and existing buildings, the required minimum ventilation flow rate for sports is higher than that for shopping. In 2008, the Dutch Guidebook Sports Accommodations was published [54] and in 2014 specific guidelines for sports facilities for people with disabilities [55] . These guidelines stipulate a minimum ventilation flow rate of 11.1 dm\u00b3/s per exercising person for sports halls, which is 70% above the minimum required value in the Dutch Building Code for new buildings and even 3.2 times higher for existing buildings.", "cite_spans": [{"start": 311, "end": 315, "text": "[53]", "ref_id": "BIBREF52"}, {"start": 724, "end": 728, "text": "[54]", "ref_id": null}, {"start": 812, "end": 816, "text": "[55]", "ref_id": "BIBREF55"}], "ref_spans": [{"start": 442, "end": 449, "text": "Table 1", "ref_id": "TABREF0"}, {"start": 520, "end": 527, "text": "Table 1", "ref_id": "TABREF0"}], "section": "High-intensity building ventilation"}, {"text": "These higher values are probably intended to try to take into account the higher heat, vapor and aerosol emission by people during physical exercise. In addition, these specific guidelines for indoor sports accommodations [54, 55] suggest a total of 6 air changes per hour (ACH) for fitness spaces (i.e. the volume of air in the room is replaced by fresh air 6 times per hour), while the ACH for aerobics and martial arts spaces should be 8 h -1 and for indoor cycling 10 h -1 . In view of the COVID-19 pandemic, comparison, ASHRAE, the American Society of Heating, Refrigerating and Air-Conditioning Engineers, has acknowledged the potential for aerosol transmission of SARS-CoV-2 and states that facilities of all types should follow, as a minimum, the latest published standards and guidelines and good engineering practice [56] . ASHRAE Standard 62.1 specifies ventilation rates for acceptable indoor air quality [57] . For gyms, health clubs, aerobics rooms, and weight rooms, the minimum outdoor airflow rate is 10 dm 3 /s/person. This is higher than specified for most retail (3.8 dm\u00b3/s/person, except for beauty and nail salons where 10 dm\u00b3/s/person is required) and educational buildings (3.8 -5 dm\u00b3/s/person). Note that the ASRHAE value for gyms aligns well with the 11.1 dm\u00b3/s from the Dutch guidelines [55] .", "cite_spans": [{"start": 222, "end": 226, "text": "[54,", "ref_id": null}, {"start": 227, "end": 230, "text": "55]", "ref_id": "BIBREF55"}, {"start": 827, "end": 831, "text": "[56]", "ref_id": "BIBREF56"}, {"start": 917, "end": 921, "text": "[57]", "ref_id": "BIBREF57"}, {"start": 1314, "end": 1318, "text": "[55]", "ref_id": "BIBREF55"}], "ref_spans": [], "section": "High-intensity building ventilation"}, {"text": "Technological solutions exist for removing moderate to large fractions of aerosols from airstreams inside buildings. These systems can be installed either in the ducts of the ventilation system or freely inside the room itself. In both cases, they will need to provide sufficiently high clean air delivery rates. In the former case, they should be able to handle the high volume flow rates through the ducts, while in the latter, they should be able to handle high enough flow rates in balance with the room ventilation flow rates. A first option are HEPA filters (high-efficiency particulate absorbing or high-efficiency particulate arrestance). HEPA filtering can be very effective because these filters remove at least 99.95% of the particles with diameter 0.3 \u00b5m and larger fractions of the other sizes. The initial cost is relatively low but the operational costs are high, as the flow resistance of these filters is very high and therefore a lot of energy is required to overcome the large pressure drop over these filters that is unavoidably associated with large flow rates. HEPA filters are used in clean rooms and some hospital operating theaters, but their future large-scale application for indoor sports centers might be hampered by the associated energy costs. As an alternative, electrostatic precipitators (ESPs) or similar devices can be considered. An ESP is a filtration device where the air is forced to flow through a largely open box by a small industrial fan and where the solid or liquid particles are electrically charged and collected on a generally grounded plate inside the device [58] (Fig. 3a) . The initial cost of an ESP is relatively high but the operational cost is low due to low energy consumption. However, the efficiency is also lower than that of HEPA filters. On-site measurements have indicated an efficiency of 70% for PM10 and about 45% for PM2.5 [59] , which is nevertheless still considerable given that when the ESP is mounted inside the room itself and -depending on the ventilation rate -the same air could be handled this way multiple times yielding higher efficiencies.", "cite_spans": [{"start": 1609, "end": 1613, "text": "[58]", "ref_id": "BIBREF58"}, {"start": 1890, "end": 1894, "text": "[59]", "ref_id": "BIBREF59"}], "ref_spans": [{"start": 1614, "end": 1623, "text": "(Fig. 3a)", "ref_id": null}], "section": "Filtering"}, {"text": "A distinction is made between surgical masks and respirator masks. A surgical mask or face mask is a loosefitting, disposable device intended to block splashes and large droplets, and it can also filter out some aerosols.", "cite_spans": [], "ref_spans": [], "section": "Masks"}, {"text": "A respirator on the other hand should provide a close facial fit and a very efficient filtration of also the aerosols.", "cite_spans": [], "ref_spans": [], "section": "Masks"}, {"text": "Chen and Willeke [60] tested the collection efficiency of surgical masks and respirators with aerosolsize spectrometers. They found that surgical masks with only a shell with a coarse pore structure passed 80% of the aerosols below 1 \u00b5m with almost no dependency on the flow. On the other hand, surgical masks including specific filter material allowed only 25% passage at 5 L/min to 70% at 100 L/min [60] . He et al. [61] found that surgical masks sealed to a manikin passed less than 20% of aerosols below 1 \u00b5m at flow rates of 15-85 L/min; without sealing, the penetration was higher, up to 45%. Van der Sande et al. [62] analyzed the transmission reduction potential provided by personal respirators, surgical masks and home-made masks when worn during a variety of activities by a small number of healthy volunteers and a simulated patient. They found that all types of masks did reduce aerosol exposure relatively stably over time and unaffected by duration of wear and type of activity, but with a high degree of variation by type of mask [62] . Unsurprisingly, personal respirators were most efficient, followed by surgical masks, followed by home-made masks. They also concluded that outward protection was less effective than inward protection.", "cite_spans": [{"start": 17, "end": 21, "text": "[60]", "ref_id": "BIBREF60"}, {"start": 401, "end": 405, "text": "[60]", "ref_id": "BIBREF60"}, {"start": 418, "end": 422, "text": "[61]", "ref_id": "BIBREF61"}, {"start": 620, "end": 624, "text": "[62]", "ref_id": "BIBREF62"}, {"start": 1046, "end": 1050, "text": "[62]", "ref_id": "BIBREF62"}], "ref_spans": [], "section": "Masks"}, {"text": "The use of masks is fairly well accepted in many countries in Asia, where often wearing a surgical mask when you are ill is considered as a token of respect towards others. However, in many other countries, the use of masks has been an issue of debate, although currently governments are implementing the mandatory use of surgical or home-made masks at an increasing pace [63] [64] [65] [66] [67] [68] [69] [70] . Indeed, while initially in several countries, scientists, political advisors and politicians have made some radical statements pro and con the usefulness of wearing of masks by the public in various situations, an overview of the recent peer-reviewed scientific literature provides a more moderate image (e.g. [60] [61] [62] ). There are indeed clear pros and cons concerning masks for the public. First, many will agree that the best quality masks should be provided to our healthcare facilities and only after abundant stock there, could one consider distribution among the public The FDA [69] explicitly states that the Centers for Disease Control and Prevention (CDC) do not recommend the general public to wear N95 respirators to protect themselves from respiratory diseases such as COVID-19. Instead, these are considered critical supplies that must continue to be reserved for health care workers and other medical first responders. Second, facial masks could provide a false sense of security, as people could put them on leaving leakages, touching the outside of the masks, etc., but there is no evidence that this could be detrimental for the general public [70] . The masks also do not cover the eyes that could also be receptors of the virus. Third, wearing masks can have a negative psychological impact on people by reducing the level of human interaction [71] . Conversely, it has been demonstrated that facial masks, even of the most primitive type, can provide some protection (e.g. [62] ). Using such masks in turn can allow people to exercise more freedom in the society, including the use of public transportation and gathering in public places, and could assist in restarting economic activity. In terms of indoor sports centers, the future development of sports face masks is not unlikely. These should provide a compromise between droplet and aerosol collection efficiency, large respiration flow rates and resistance to sweat.", "cite_spans": [{"start": 372, "end": 376, "text": "[63]", "ref_id": "BIBREF63"}, {"start": 377, "end": 381, "text": "[64]", "ref_id": "BIBREF64"}, {"start": 382, "end": 386, "text": "[65]", "ref_id": "BIBREF65"}, {"start": 387, "end": 391, "text": "[66]", "ref_id": "BIBREF66"}, {"start": 392, "end": 396, "text": "[67]", "ref_id": "BIBREF67"}, {"start": 397, "end": 401, "text": "[68]", "ref_id": "BIBREF68"}, {"start": 402, "end": 406, "text": "[69]", "ref_id": "BIBREF69"}, {"start": 407, "end": 411, "text": "[70]", "ref_id": "BIBREF70"}, {"start": 724, "end": 728, "text": "[60]", "ref_id": "BIBREF60"}, {"start": 729, "end": 733, "text": "[61]", "ref_id": "BIBREF61"}, {"start": 734, "end": 738, "text": "[62]", "ref_id": "BIBREF62"}, {"start": 1005, "end": 1009, "text": "[69]", "ref_id": "BIBREF69"}, {"start": 1582, "end": 1586, "text": "[70]", "ref_id": "BIBREF70"}, {"start": 1784, "end": 1788, "text": "[71]", "ref_id": "BIBREF71"}, {"start": 1914, "end": 1918, "text": "[62]", "ref_id": "BIBREF62"}], "ref_spans": [], "section": "Masks"}, {"text": "Ideally, one would want to know the specific infection risk for a given activity in a given building as a function of occupation, ventilation settings and other relevant parameters, and decide on re-opening based on risk assessment. However, many aspects of SARS-CoV-2 are still unknown and might remain unknown for a considerable time to come. It could take years before knowledge will be available on which viral dose for which time is an infection risk for a given person performing a given activity. Nevertheless, governments are under pressure from the economy and the public to resume -at least gradually -economic and leisure activity.", "cite_spans": [], "ref_spans": [], "section": "Certificate"}, {"text": "This should be done as safely as possible. Therefore, in spite of the many unknowns and in view of re-opening indoor sports centers, government authorities could consider the implementation of a certificate of equivalence in terms of aerosol exposure. This certificate would be obtained if, apart from the measures outlined in documents such as [28, 29] , a combination of some of the three above-mentioned measures (high-intensity ventilation, filtering, facial masks) can demonstrably lead to a concentration of aerosols that is equivalent in terms of exposure (including concentration and inhalation) to exposure occurring in other facilities that are allowed to re-open earlier, such as shops, restaurants and bars, taking into account the maximum allowed number of people per floor area.", "cite_spans": [{"start": 345, "end": 349, "text": "[28,", "ref_id": "BIBREF27"}, {"start": 350, "end": 353, "text": "29]", "ref_id": "BIBREF28"}], "ref_spans": [], "section": "Certificate"}, {"text": "A first substantial step towards equivalence could be high-intensity ventilation in order to compensate for the increased aerosol generation and the increased aerosol inhalation by physical exercise. A small calculation example is presented, in which we do not consider specific government-imposed limits in terms of maximum number of persons per floor area per type of building -as some of these numbers are being adjusted frequently. Consider an indoor sports center with a total rectangular floor area of 50 x 20 m\u00b2 = 1000 m\u00b2.", "cite_spans": [], "ref_spans": [], "section": "Certificate"}, {"text": "Physical distancing of 1.5 m will generally not be an issue as many of the exercise machines already consume considerable space. We assume that the center, in setting up the machines, very strictly adheres to the required physical distancing between exercising visitors of 1.5 m. This implies that around every machine a 3 x 3 m\u00b2 perimeter is indicated that is a \"no go\" zone for visitors using other machines. In this situation, a maximum of 96 visitors (assuming no corridor space) can be present at the same time. This corresponds to about 1 person per 10 m\u00b2. Table 2 provides the resulting minimum ventilation flow rates for this center and for a shop of the same floor area as provided by the Dutch Building Code. For the sports center, also the larger ventilation flow rates recommended by the Dutch Sports Guidelines [54, 55] are listed. Table 2 shows that for the most critical situation of new buildings, the ACH of a fitness area as recommended by [54, 55] is about 20 times larger than the minimum for a shop of equal floor area and the same maximum number of 100 persons present as required by the Dutch Building Code. Note however that the ventilation rates from the building code are minimum requirements and that actual ventilation rates in e.g. supermarkets are probably designed and set to be higher than those in the Building Code.", "cite_spans": [{"start": 824, "end": 828, "text": "[54,", "ref_id": null}, {"start": 829, "end": 832, "text": "55]", "ref_id": "BIBREF55"}, {"start": 958, "end": 962, "text": "[54,", "ref_id": null}, {"start": 963, "end": 966, "text": "55]", "ref_id": "BIBREF55"}], "ref_spans": [{"start": 563, "end": 570, "text": "Table 2", "ref_id": null}, {"start": 845, "end": 852, "text": "Table 2", "ref_id": null}], "section": "Certificate"}, {"text": "Equivalence in terms of aerosol exposure between the indoor sports center and the shop could be achieved by balancing a number of factors. Some main factors that can be controlled and engaged to reduce aerosol concentrations are the higher ventilation rates, limiting the number of persons in the indoor sports center well below the maximum occupation and limiting the intensity of the exercise. On the other hand, factors contributing to aerosol exposure are the higher aerosol production by exercising people and the possibility that aerosols might be inhaled deeper into the respiratory system by exercising persons. The studies by Johnson and Morawska [17] and Almstrand et al. [31] provide a first indication of the aerosol production during deep inhalation and exhalation, where an increase up to a factor 18 has been found between functional residual capacity and residual volume. However, at present there is insufficient information in the scientific literature to argue that this 18-fold increase in aerosol production could be balanced by a 20-fold increase in ventilation flow rates. Indeed, both studies [17, 31] were performed with persons not performing physical exercise and it is possible that physical exercise increases the aerosol production even further. Note also that even the best mixing ventilation configurations will not provide perfect mixing and therefore will provide nonuniform aerosol concentrations in the room. Much more research is needed on each of these topics. But if this extra information would be available, it seems plausible that the ventilation flow rates could be augmented and the maximum allowed number of people and the intensity of the physical exercise could be reduced in such a way that they balance the higher aerosol exposure (production and inhalation) leading to an equivalent situation between indoor sports centers and other spaces such as shops, restaurants and bars. A second step towards equivalence, possibly in combination with high-intensity ventilation, is the use of filters, which can be HEPA filters of ESPs. When part of the air exhausted from the room is handled (heated, cooled, dehumidified, filtered) and recirculated back into the room after handling, filtering will be necessary in the return duct and should have been completed before the air is re-inserted into the room.", "cite_spans": [{"start": 656, "end": 660, "text": "[17]", "ref_id": "BIBREF16"}, {"start": 682, "end": 686, "text": "[31]", "ref_id": "BIBREF30"}, {"start": 1117, "end": 1121, "text": "[17,", "ref_id": "BIBREF16"}, {"start": 1122, "end": 1125, "text": "31]", "ref_id": "BIBREF30"}], "ref_spans": [], "section": "Certificate"}, {"text": "Whether a filter system with HEPA filters or an ESP is installed inside the room itself and will work in addition to the fresh air ventilation, its effect will depend on the efficiency and the capacity (m\u00b3/s) of the filter system and the degree to which high-intensity ventilation is possible. At very high ventilation rates, the effect of the filter system will be limited. But if required, it could assist a less powerful ventilation system towards equivalence. This is shown in Figure 5 , which is an extension of Figure 4 in which -as an example -an ESP with a capacity of 3750 m\u00b3/h or 7500 m\u00b3/h and an efficiency 50% is installed in the room, assuming perfect mixing, i.e. a uniform aerosol concentration in the room. Figure 5 is based on the mass balance in the room: A third step towards equivalence could be the use of masks, although especially here more research and development is needed in view of masks that are both efficient and suitable for indoor physical exercise.", "cite_spans": [], "ref_spans": [{"start": 481, "end": 489, "text": "Figure 5", "ref_id": "FIGREF2"}, {"start": 517, "end": 525, "text": "Figure 4", "ref_id": null}, {"start": 723, "end": 731, "text": "Figure 5", "ref_id": "FIGREF2"}], "section": "Certificate"}, {"text": "An additional question in indoor sports centers is whether or not sweat can contribute to the transmission of infection. Ding et al. [72] found that SARS-CoV is present in sweat gland. There is potential for aerosolization of sweat, but the measures suggested to mitigate transmission from respiratory droplets and aerosols also apply to aerosolized sweat. If the virus is shed in sweat, probably the bigger concern is the contact route: people leaving behind sweat on machines, either high-touch areas of cardio machines or the seats and handles of weight machines and free weights/benches. This could be tackled by the guidelines in [29] .", "cite_spans": [{"start": 133, "end": 137, "text": "[72]", "ref_id": "BIBREF72"}, {"start": 635, "end": 639, "text": "[29]", "ref_id": "BIBREF28"}], "ref_spans": [], "section": "Discussion"}, {"text": "Mixing ventilation will not provide uniform aerosol concentrations in the entire volume of the room.", "cite_spans": [], "ref_spans": [], "section": "Discussion"}, {"text": "This should be taken into account when implementing the certificate of equivalence. In view of this limitation, one could consider constant real-time monitoring of some environmental parameters at a few strategic locations in the sports center. These parameters could be aerosol concentrations or parameters that can be measured with less costly equipment and that could be used as indicators for aerosol concentrations, such as relative humidity and CO 2 concentration. This additional monitoring could also be used to control both the settings of the ventilation and the potentially present ESPs.", "cite_spans": [], "ref_spans": [], "section": "Discussion"}, {"text": "More research is needed on the production of respiratory droplets and aerosols during physical exercise but also concerning the increased and deeper inhalation of aerosols during such exercise. The latter could be studied with advanced computational fluid dynamics (CFD) models [75] [76] .", "cite_spans": [{"start": 278, "end": 282, "text": "[75]", "ref_id": "BIBREF75"}, {"start": 283, "end": 287, "text": "[76]", "ref_id": "BIBREF76"}], "ref_spans": [], "section": "Discussion"}, {"text": "For the three indoor sports categories covered by this note (cardio training; workout training with weights; non-contact group exercises in classes), if the outdoor space is available and if weather allows, these could partially be restarted outside. In such cases, it is advised to position the equipment and the participants as much as possible in rows perpendicular to the wind direction, so that they are not downwind and in plume of exhaled droplets and aerosols of others.", "cite_spans": [], "ref_spans": [], "section": "Discussion"}, {"text": "This note did not address contact sports. Physical distancing is clearly not an option here so the only viable route remaining might be testing and contact tracing, as will be done in the German football competition that re-started on 16 May 2020.", "cite_spans": [], "ref_spans": [], "section": "Discussion"}, {"text": "COVID-19 is not the first and likely also not the last pandemic to rage around the globe and to disturb human life and activity world-wide. While in most countries, supermarkets have remained open, due to the COVID-19", "cite_spans": [], "ref_spans": [], "section": "Closing"}, {"text": "situation, authorities have ordered many other shops, restaurants, bars, music theaters and indoor sports centers to be closed. As part of COVID-19 (semi)lock-down exit strategies, many government authorities are now (May 2020) allowing a gradual re-opening, where sometimes indoor sport centers are last in line to be permitted to re-open. This technical note discusses the challenges in re-opening these facilities and the measures already suggested by others to tackle these challenges. It also elaborates three potential additional measures: high-intensity building ventilation, filtering and face masks. High-intensity building ventilation is considered as the most straightforward measure at this time. However, large ventilation flow rates also require large energy consumption for heating, cooling and/or (de)humidifying of the fresh intake air, which in turn might necessitate heat exchangers to be installed. Certainly if the capacity of the existing ventilation system is limited, direct filtering of the indoor air could be attempted by HEPA filters or electrostatic precipitators (ESPs). Finally, facial masks could be an option. Although in many countries the use of masks has been an issue of debate, governments are now implementing the mandatory use of surgical or home-made masks at an increasing pace. However, masks that are both efficient and suitable for physical exercise might require considerable additional research and development. Based on the adoption of some of these three additional measures, this technical note suggests the concept of a certificate of equivalence that could allow indoor sports centers with such a certificate to re-open more rapidly. This technical note is also an attempt to stimulate increased preparedness of indoor sports centers for potential next waves of SARS-CoV-2 as well as future pandemics. The complexity of SARS-CoV-2 and its behavior in the indoor environment indicates that fighting crises such as the COVID-19 situation and limiting economic damage requires increased collaboration and research by virologists, epidemiologists, microbiologists, aerosol scientists, building physicists, building services engineers and sports scientists. Figure 1 . Sports contributes to several of the Sustainable Development Goals of the United Nations [22] . Table 2 . Minimum required ventilation flow rates (Q) in dm\u00b3/s and air change rates per hour (n) for an indoor sports center and a shop of 1000 m\u00b2 floor area, 5 m height and 100 persons present, according to [49] and [52] . ", "cite_spans": [{"start": 2305, "end": 2309, "text": "[22]", "ref_id": "BIBREF21"}, {"start": 2520, "end": 2524, "text": "[49]", "ref_id": "BIBREF48"}, {"start": 2529, "end": 2533, "text": "[52]", "ref_id": "BIBREF51"}], "ref_spans": [{"start": 2205, "end": 2213, "text": "Figure 1", "ref_id": null}, {"start": 2312, "end": 2319, "text": "Table 2", "ref_id": null}], "section": "Closing"}, {"text": "\u2612 The authors declare that they have no known competing financial interests or personal relationships that could have appeared to influence the work reported in this paper.", "cite_spans": [], "ref_spans": [], "section": "Declaration of interests"}, {"text": "\u2610The authors declare the following financial interests/personal relationships which may be considered as potential competing interests:", "cite_spans": [], "ref_spans": [], "section": "Declaration of interests"}], "bib_entries": {"BIBREF0": {"ref_id": "b0", "title": "European Centre for Disease Prevention and Control", "authors": [], "year": 2020, "venue": "dataset collected", "volume": "6", "issn": "", "pages": "", "other_ids": {}}, "BIBREF1": {"ref_id": "b1", "title": "A familial cluster of pneumonia associated with the 2019 novel coronavirus indicating person-to-person transmission: a study of a family cluster", "authors": [{"first": "J", "middle": [], "last": "Chan", "suffix": ""}, {"first": "S", "middle": [], "last": "Yuan", "suffix": ""}, {"first": "K", "middle": [], "last": "Kok", "suffix": ""}], "year": 2020, "venue": "The Lancet", "volume": "395", "issn": "", "pages": "514--523", "other_ids": {}}, "BIBREF2": {"ref_id": "b2", "title": "Early transmission dynamics in Wuhan, China, of novel coronavirus-infected pneumonia", "authors": [{"first": "Q", "middle": [], "last": "Li", "suffix": ""}, {"first": "X", "middle": [], "last": "Guan", "suffix": ""}, {"first": "P", "middle": [], "last": "Wu", "suffix": ""}], "year": null, "venue": "New England Journal of Medicine", "volume": "382", "issn": "", "pages": "1199--1207", "other_ids": {}}, "BIBREF3": {"ref_id": "b3", "title": "Clinical features of patients infected with 2019 novel coronavirus in Wuhan", "authors": [{"first": "C", "middle": [], "last": "Huang", "suffix": ""}, {"first": "Y", "middle": [], "last": "Wang", "suffix": ""}, {"first": "X", "middle": [], "last": "Li", "suffix": ""}], "year": 2020, "venue": "China. The Lancet", "volume": "395", "issn": "", "pages": "497--506", "other_ids": {}}, "BIBREF4": {"ref_id": "b4", "title": "Active monitoring of persons exposed to patients with confirmed COVID-19 -United States", "authors": [{"first": "R", "middle": ["M"], "last": "Burke", "suffix": ""}, {"first": "C", "middle": ["M"], "last": "Midgley", "suffix": ""}, {"first": "A", "middle": [], "last": "Dratch", "suffix": ""}], "year": 2020, "venue": "MMWR Morbidity and Mortality Weekly Report", "volume": "69", "issn": "9", "pages": "245--246", "other_ids": {}}, "BIBREF5": {"ref_id": "b5", "title": "Geneva: World Health Organization", "authors": [], "year": 2019, "venue": "Report of the WHO-China Joint Mission on Coronavirus Disease", "volume": "", "issn": "", "pages": "", "other_ids": {}}, "BIBREF6": {"ref_id": "b6", "title": "Modes of transmission of virus causing COVID-19: implications for IPC precaution recommendations. Scientific Brief", "authors": [], "year": 2020, "venue": "", "volume": "29", "issn": "", "pages": "", "other_ids": {}}, "BIBREF7": {"ref_id": "b7", "title": "How far droplets can move in indoor environments -revisiting the Wells evaporation-falling curve", "authors": [{"first": "X", "middle": [], "last": "Xie", "suffix": ""}, {"first": "Y", "middle": [], "last": "Li", "suffix": ""}, {"first": "Aty", "middle": [], "last": "Chwang", "suffix": ""}], "year": 2007, "venue": "Indoor Air", "volume": "17", "issn": "3", "pages": "211--225", "other_ids": {}}, "BIBREF8": {"ref_id": "b8", "title": "Violent expiratory events: on coughing and sneezing", "authors": [{"first": "L", "middle": [], "last": "Bourouiba", "suffix": ""}, {"first": "E", "middle": [], "last": "Dehandschoewercker", "suffix": ""}, {"first": "Jwm", "middle": [], "last": "Bush", "suffix": ""}], "year": 2014, "venue": "Journal of Fluid Mechanics", "volume": "745", "issn": "", "pages": "537--563", "other_ids": {}}, "BIBREF9": {"ref_id": "b9", "title": "Enhanced spread of expiratory droplets by turbulence in a cough jet", "authors": [{"first": "J", "middle": [], "last": "Wie", "suffix": ""}, {"first": "Y", "middle": [], "last": "Li", "suffix": ""}], "year": 2015, "venue": "Building and Environment", "volume": "93", "issn": "", "pages": "86--96", "other_ids": {}}, "BIBREF10": {"ref_id": "b10", "title": "Aerodynamic analysis of SARS-CoV-2 in two Wuhan hospitals", "authors": [{"first": "Y", "middle": [], "last": "Liu", "suffix": ""}, {"first": "Z", "middle": [], "last": "Ning", "suffix": ""}, {"first": "Chen", "middle": [], "last": "Yu", "suffix": ""}], "year": 2020, "venue": "Nature. Accepted for publication", "volume": "", "issn": "", "pages": "", "other_ids": {}}, "BIBREF11": {"ref_id": "b11", "title": "Aerosol and surface stability of SARS-CoV-2 as compared with SARS-CoV-1", "authors": [{"first": "N", "middle": [], "last": "Van Doremalen", "suffix": ""}, {"first": "D", "middle": ["H"], "last": "Morris", "suffix": ""}, {"first": "M", "middle": ["G"], "last": "Holbrook", "suffix": ""}], "year": 2020, "venue": "New England Journal of Medecine", "volume": "382", "issn": "", "pages": "1564--1567", "other_ids": {}}, "BIBREF12": {"ref_id": "b12", "title": "Airborne transmission of SARS-CoV-2: the world should face the reality. Environment International. Epub adhead of print", "authors": [{"first": "L", "middle": [], "last": "Morawska", "suffix": ""}, {"first": "J", "middle": [], "last": "Cao", "suffix": ""}], "year": 2020, "venue": "", "volume": "", "issn": "", "pages": "", "other_ids": {"DOI": ["10.1016/j.envint.2020.105730"]}}, "BIBREF13": {"ref_id": "b13", "title": "A Letter about the Airborne Transmission of SARS-CoV-2 Based on the Current Evidence", "authors": [{"first": "M", "middle": [], "last": "Hadei", "suffix": ""}, {"first": "P", "middle": ["K"], "last": "Hopke", "suffix": ""}, {"first": "A", "middle": [], "last": "Jonidi", "suffix": ""}, {"first": "A", "middle": [], "last": "Shahsavani", "suffix": ""}], "year": 2020, "venue": "Aerosol Air Qual. Res", "volume": "20", "issn": "", "pages": "991--914", "other_ids": {"DOI": ["10.4209/aaqr.2020.04.0158"]}}, "BIBREF14": {"ref_id": "b14", "title": "The coronavirus pandemic and aerosols: Does COVID-19 transmit via expiratory particles?", "authors": [{"first": "S", "middle": [], "last": "Asadi", "suffix": ""}, {"first": "N", "middle": [], "last": "Bouvier", "suffix": ""}, {"first": "A", "middle": ["S"], "last": "Wexler", "suffix": ""}, {"first": "W", "middle": ["D"], "last": "Ristenpart", "suffix": ""}], "year": 2020, "venue": "Aerosol Science and Technology", "volume": "54", "issn": "6", "pages": "635--638", "other_ids": {}}, "BIBREF15": {"ref_id": "b15", "title": "Size distribution and sites of origin of droplets expelled from the human respiratory tract during expiratory activities", "authors": [{"first": "L", "middle": [], "last": "Morawska", "suffix": ""}, {"first": "G", "middle": ["R"], "last": "Johnson", "suffix": ""}, {"first": "Z", "middle": ["D"], "last": "Ristovski", "suffix": ""}], "year": 2009, "venue": "J. Aerosol Sci", "volume": "40", "issn": "3", "pages": "256--269", "other_ids": {}}, "BIBREF16": {"ref_id": "b16", "title": "The mechanism of breath aerosol formation", "authors": [{"first": "G", "middle": ["R"], "last": "Johnson", "suffix": ""}, {"first": "L", "middle": [], "last": "Morawska", "suffix": ""}], "year": 2009, "venue": "J. Aerosol Med. Pulm. Drug Deliv", "volume": "22", "issn": "3", "pages": "229--237", "other_ids": {}}, "BIBREF17": {"ref_id": "b17", "title": "Modality of human expired aerosol size distributions", "authors": [{"first": "G", "middle": ["R"], "last": "Johnson", "suffix": ""}, {"first": "L", "middle": [], "last": "Morawska", "suffix": ""}, {"first": "Z", "middle": ["D"], "last": "Ristovski", "suffix": ""}], "year": 2011, "venue": "J. Aerosol Sci", "volume": "42", "issn": "12", "pages": "839--851", "other_ids": {}}, "BIBREF18": {"ref_id": "b18", "title": "Characterizations of particle size distribution of the droplets exhaled by sneeze", "authors": [{"first": "Z", "middle": ["Y"], "last": "Han", "suffix": ""}, {"first": "W", "middle": ["G"], "last": "Weng", "suffix": ""}, {"first": "Q", "middle": ["Y"], "last": "Huang", "suffix": ""}], "year": 2013, "venue": "J. R. Soc. Interface", "volume": "10", "issn": "88", "pages": "", "other_ids": {}}, "BIBREF19": {"ref_id": "b19", "title": "Aerosol emission and superemission during human speech increase with voice loudness", "authors": [{"first": "S", "middle": [], "last": "Asadi", "suffix": ""}, {"first": "A", "middle": ["S"], "last": "Wexler", "suffix": ""}, {"first": "C", "middle": ["D"], "last": "Cappa", "suffix": ""}], "year": 2019, "venue": "Sci. Rep", "volume": "9", "issn": "1", "pages": "", "other_ids": {}}, "BIBREF20": {"ref_id": "b20", "title": "The flow physics of COVID-19", "authors": [{"first": "R", "middle": [], "last": "Mitttal", "suffix": ""}, {"first": "R", "middle": [], "last": "Ni", "suffix": ""}, {"first": "J", "middle": ["H"], "last": "Seo", "suffix": ""}], "year": 2020, "venue": "Journal of Fluid Mechanics", "volume": "894", "issn": "", "pages": "", "other_ids": {}}, "BIBREF21": {"ref_id": "b21", "title": "United Nations Sustainable Development Goals", "authors": [], "year": 2020, "venue": "", "volume": "", "issn": "", "pages": "", "other_ids": {}}, "BIBREF22": {"ref_id": "b22", "title": "British and South African soccer on the western front during World War I", "authors": [{"first": "Fjg", "middle": [], "last": "Van Der Merwe", "suffix": ""}], "year": 2013, "venue": "South African Journal of Research in Sport Physical Education and Recreation", "volume": "35", "issn": "2", "pages": "197--209", "other_ids": {}}, "BIBREF23": {"ref_id": "b23", "title": "Sport in the Trenches: The New Deal for Masculinity in France", "authors": [{"first": "A", "middle": [], "last": "Waquet", "suffix": ""}], "year": 2011, "venue": "International Journal of the History of Sports", "volume": "28", "issn": "3-4", "pages": "331--350", "other_ids": {}}, "BIBREF24": {"ref_id": "b24", "title": "Exercise and Fitness in the age of social distancing during the COVID-19 Pandemic", "authors": [{"first": "S", "middle": ["M"], "last": "Nyenhuis", "suffix": ""}, {"first": "J", "middle": [], "last": "Greiwe", "suffix": ""}, {"first": "J", "middle": ["S"], "last": "Zeiger", "suffix": ""}], "year": 2020, "venue": "The Journal of Allergy and Clinical Immunology: In Practice. Epub ahead of print", "volume": "", "issn": "", "pages": "", "other_ids": {"DOI": ["10.1016/j.jaip.2020.04.039"]}}, "BIBREF25": {"ref_id": "b25", "title": "Coronavirus disease (COVID-19): The need to maintain regular physical activity while taking precautions", "authors": [{"first": "P", "middle": [], "last": "Chen", "suffix": ""}, {"first": "L", "middle": [], "last": "Mao", "suffix": ""}, {"first": "G", "middle": ["P"], "last": "Nassis", "suffix": ""}], "year": 2020, "venue": "Journal of Sport and Health Science", "volume": "9", "issn": "2", "pages": "103--104", "other_ids": {}}, "BIBREF26": {"ref_id": "b26", "title": "The psychological effects of quarantining a city", "authors": [{"first": "G", "middle": ["J"], "last": "Rubin", "suffix": ""}, {"first": "S", "middle": [], "last": "Wessely", "suffix": ""}], "year": 2020, "venue": "British Medical Journal", "volume": "368", "issn": "", "pages": "", "other_ids": {}}, "BIBREF27": {"ref_id": "b27", "title": "Protocol Responsible Physical Exercise (in Dutch). 15 pp. Retrieved on 10", "authors": [{"first": "", "middle": [], "last": "Noc*nsf", "suffix": ""}], "year": 2020, "venue": "", "volume": "", "issn": "", "pages": "", "other_ids": {}}, "BIBREF28": {"ref_id": "b28", "title": "Protocol Responsible Physical Exercise -Branche: Fitness (in Dutch). Concept version", "authors": [{"first": "", "middle": [], "last": "Nl Actief", "suffix": ""}], "year": 2020, "venue": "", "volume": "9", "issn": "", "pages": "", "other_ids": {}}, "BIBREF29": {"ref_id": "b29", "title": "Indoor sports centers surprised by longer closure", "authors": [{"first": "D", "middle": [], "last": "Metselaar", "suffix": ""}], "year": 2020, "venue": "", "volume": "", "issn": "", "pages": "", "other_ids": {}}, "BIBREF30": {"ref_id": "b30", "title": "Effect of airway opening on production of exhaled particles", "authors": [{"first": "A", "middle": ["C"], "last": "Almstrand", "suffix": ""}, {"first": "B", "middle": [], "last": "Bake", "suffix": ""}, {"first": "E", "middle": ["L"], "last": "Ljungstr\u00f6m", "suffix": ""}], "year": 2010, "venue": "Journal of Applied Physiology", "volume": "108", "issn": "", "pages": "584--588", "other_ids": {}}, "BIBREF31": {"ref_id": "b31", "title": "Cluster of coronavirus disease associated with fitness dance classes, South Korea", "authors": [{"first": "S", "middle": [], "last": "Jang", "suffix": ""}, {"first": "S", "middle": ["H"], "last": "Han", "suffix": ""}, {"first": "J", "middle": ["Y"], "last": "Rhee", "suffix": ""}], "year": 2020, "venue": "Research Letter", "volume": "268", "issn": "", "pages": "", "other_ids": {"DOI": ["10.3201/eid2608.200633"]}}, "BIBREF32": {"ref_id": "b32", "title": "Delivery of infection from asymptomatic carriers of COVID-19 in a familial cluster", "authors": [{"first": "F", "middle": [], "last": "Ye", "suffix": ""}, {"first": "S", "middle": [], "last": "Xu", "suffix": ""}, {"first": "Z", "middle": [], "last": "Rong", "suffix": ""}], "year": 2020, "venue": "International Journal of Infectious Diseases", "volume": "94", "issn": "", "pages": "133--138", "other_ids": {}}, "BIBREF33": {"ref_id": "b33", "title": "Transmission of 2019-ncov infection from an asymptomatic contact in Germany", "authors": [{"first": "C", "middle": [], "last": "Rothe", "suffix": ""}, {"first": "M", "middle": [], "last": "Schunk", "suffix": ""}, {"first": "P", "middle": [], "last": "Sothmann", "suffix": ""}], "year": 2020, "venue": "The New England Journal of Medicine", "volume": "382", "issn": "10", "pages": "970--971", "other_ids": {}}, "BIBREF34": {"ref_id": "b34", "title": "Air Infiltration and Ventilation Centre", "authors": [{"first": "Aivc", "middle": [], "last": "", "suffix": ""}], "year": 2020, "venue": "International Energy Agency. Retrieved on", "volume": "11", "issn": "", "pages": "", "other_ids": {}}, "BIBREF35": {"ref_id": "b35", "title": "Building ventilation: theory and measurements", "authors": [{"first": "D", "middle": [], "last": "Etheridge", "suffix": ""}, {"first": "M", "middle": [], "last": "Sandberg", "suffix": ""}], "year": 1996, "venue": "", "volume": "", "issn": "", "pages": "", "other_ids": {}}, "BIBREF36": {"ref_id": "b36", "title": "Ventilation of Buildings", "authors": [{"first": "H", "middle": [], "last": "Awbi", "suffix": ""}], "year": 2003, "venue": "", "volume": "", "issn": "", "pages": "", "other_ids": {}}, "BIBREF37": {"ref_id": "b37", "title": "Ventilation performance prediction for buildings: A method overview and recent applications", "authors": [{"first": "Q", "middle": [], "last": "Chen", "suffix": ""}], "year": 2009, "venue": "Building and Environment", "volume": "44", "issn": "4", "pages": "848--858", "other_ids": {}}, "BIBREF38": {"ref_id": "b38", "title": "50 years of Computational Wind Engineering: Past, present and future", "authors": [{"first": "B", "middle": [], "last": "Blocken", "suffix": ""}], "year": 2014, "venue": "Journal of Wind Engineering and Industrial Aerodynamics", "volume": "129", "issn": "", "pages": "69--102", "other_ids": {}}, "BIBREF39": {"ref_id": "b39", "title": "Flow in air conditioned rooms. English translation and revision of PhD Thesis", "authors": [{"first": "P", "middle": ["V"], "last": "Nielsen", "suffix": ""}], "year": 1976, "venue": "", "volume": "", "issn": "", "pages": "", "other_ids": {}}, "BIBREF40": {"ref_id": "b40", "title": "Computational fluid dynamics and room air movement", "authors": [{"first": "P", "middle": ["V"], "last": "Nielsen", "suffix": ""}], "year": 2004, "venue": "Indoor Air", "volume": "14", "issn": "", "pages": "134--143", "other_ids": {}}, "BIBREF41": {"ref_id": "b41", "title": "Prediction of room air motion by Reynolds-stress models", "authors": [{"first": "Q", "middle": [], "last": "Chen", "suffix": ""}], "year": 1996, "venue": "Building and Environment", "volume": "31", "issn": "", "pages": "233--244", "other_ids": {}}, "BIBREF42": {"ref_id": "b42", "title": "Comparing turbulence models for buoyant plume and displacement ventilation simulation", "authors": [{"first": "Q", "middle": [], "last": "Chen", "suffix": ""}, {"first": "N", "middle": ["T"], "last": "Chao", "suffix": ""}], "year": 1997, "venue": "Indoor and Built Environment", "volume": "6", "issn": "", "pages": "140--149", "other_ids": {}}, "BIBREF43": {"ref_id": "b43", "title": "Airflow assessment in cross-ventilated buildings with operable facade elements", "authors": [{"first": "P", "middle": [], "last": "Karava", "suffix": ""}, {"first": "T", "middle": [], "last": "Stathopoulos", "suffix": ""}, {"first": "A", "middle": ["K"], "last": "Athienitis", "suffix": ""}], "year": 2011, "venue": "Building and Environment", "volume": "46", "issn": "", "pages": "266--279", "other_ids": {}}, "BIBREF44": {"ref_id": "b44", "title": "Velocity-pressure field of crossventilation with open windows analyzed by wind tunnel and numerical simulation", "authors": [{"first": "S", "middle": [], "last": "Kato", "suffix": ""}, {"first": "S", "middle": [], "last": "Murakami", "suffix": ""}, {"first": "A", "middle": [], "last": "Mochida", "suffix": ""}, {"first": "S", "middle": [], "last": "Akabayashi", "suffix": ""}, {"first": "Y", "middle": [], "last": "Tominaga", "suffix": ""}], "year": 1992, "venue": "Journal of Wind Engineering and Industrial Aerodynamics", "volume": "44", "issn": "", "pages": "2575--2586", "other_ids": {}}, "BIBREF45": {"ref_id": "b45", "title": "Coupled urban wind flow and indoor natural ventilation modelling on a high-resolution grid: a case study for the Amsterdam ArenA stadium", "authors": [{"first": "T", "middle": [], "last": "Van Hooff", "suffix": ""}, {"first": "B", "middle": [], "last": "Blocken", "suffix": ""}], "year": 2010, "venue": "Environmental Modelling & Software", "volume": "25", "issn": "1", "pages": "51--65", "other_ids": {}}, "BIBREF46": {"ref_id": "b46", "title": "CFD simulation of cross-ventilation for a generic isolated building: impact of computational parameters", "authors": [{"first": "R", "middle": [], "last": "Ramponi", "suffix": ""}, {"first": "B", "middle": [], "last": "Blocken", "suffix": ""}], "year": 2012, "venue": "Building and Environment", "volume": "53", "issn": "", "pages": "34--48", "other_ids": {}}, "BIBREF47": {"ref_id": "b47", "title": "Computational Fluid Dynamics for Urban Physics: Importance, scales, possibilities, limitations and ten tips and tricks towards accurate and reliable simulations", "authors": [{"first": "B", "middle": [], "last": "Blocken", "suffix": ""}], "year": 2015, "venue": "Building and Environment", "volume": "91", "issn": "", "pages": "219--245", "other_ids": {}}, "BIBREF48": {"ref_id": "b48", "title": "A computational and experimental investigation of the human thermal plume", "authors": [{"first": "B", "middle": ["A"], "last": "Craven", "suffix": ""}, {"first": "G", "middle": ["S"], "last": "Settles", "suffix": ""}], "year": 2006, "venue": "Journal of Fluids Engineering-Transactions of the ASME", "volume": "128", "issn": "6", "pages": "1251--1258", "other_ids": {}}, "BIBREF49": {"ref_id": "b49", "title": "Role of ventilation in airborne transmission of infectious agents in the built environment -a multidisciplinary systematic review", "authors": [{"first": "Y", "middle": [], "last": "Li", "suffix": ""}, {"first": "G", "middle": ["M"], "last": "Leung", "suffix": ""}, {"first": "J", "middle": ["W"], "last": "Tang", "suffix": ""}], "year": 2007, "venue": "Indoor Air", "volume": "17", "issn": "", "pages": "2--18", "other_ids": {}}, "BIBREF50": {"ref_id": "b50", "title": "How to operate and use building services in order to prevent the spread of the coronavirus disease (COVID-19) virus (SARS-CoV-2) in workplaces. COVID-19 Guidance Document", "authors": [], "year": 2020, "venue": "REHVA 2020", "volume": "", "issn": "", "pages": "", "other_ids": {}}, "BIBREF51": {"ref_id": "b51", "title": "Airborne spread of expiratory droplet nuclei between the occupants of indoor environments: A review", "authors": [{"first": "Z", "middle": ["T"], "last": "Ai", "suffix": ""}, {"first": "A", "middle": ["K"], "last": "Melikov", "suffix": ""}], "year": 2018, "venue": "Indoor Air", "volume": "28", "issn": "", "pages": "500--524", "other_ids": {}}, "BIBREF52": {"ref_id": "b52", "title": "Building Code. Bouwbesluit Online (in Dutch)", "authors": [{"first": "", "middle": [], "last": "Ministerie Van Binnenlandse Zaken En Koninkrijksrelaties", "suffix": ""}], "year": 2012, "venue": "", "volume": "", "issn": "", "pages": "", "other_ids": {}}, "BIBREF55": {"ref_id": "b55", "title": "Guidelines for Access Indoor Sports Accommodations", "authors": [{"first": "Sportief", "middle": [], "last": "Stichting Onbeperkt", "suffix": ""}], "year": 2014, "venue": "Richtlijnen Toegankelijkheid Indoor Sportaccommodaties", "volume": "", "issn": "", "pages": "", "other_ids": {}}, "BIBREF56": {"ref_id": "b56", "title": "Pandemic COVID-19 and Airborne Transmission. Environmental Health Committee (EHC) Emerging Issue Brief", "authors": [], "year": 2020, "venue": "ASHRAE 2020", "volume": "", "issn": "", "pages": "", "other_ids": {}}, "BIBREF57": {"ref_id": "b57", "title": "Ventilation for acceptable indoor air quality", "authors": [{"first": "Ashrae", "middle": [], "last": "", "suffix": ""}], "year": 2019, "venue": "ANSI/ASHRAE Standard", "volume": "62", "issn": "", "pages": "1--2019", "other_ids": {}}, "BIBREF58": {"ref_id": "b58", "title": "Compendium of Chemical Terminology", "authors": [{"first": "", "middle": [], "last": "Iupac", "suffix": ""}], "year": 1997, "venue": "", "volume": "", "issn": "", "pages": "", "other_ids": {"DOI": ["10.1351/goldbook.E02028"]}}, "BIBREF59": {"ref_id": "b59", "title": "Reduction of particulate matter concentrations by local removal in a building courtyard: case study for the Delhi American Embassy School", "authors": [{"first": "Rpm", "middle": [], "last": "Vervoort", "suffix": ""}, {"first": "T", "middle": [], "last": "Van Hooff", "suffix": ""}, {"first": "B", "middle": [], "last": "Blocken", "suffix": ""}], "year": 2019, "venue": "Science of the Total Environment", "volume": "686", "issn": "", "pages": "657--680", "other_ids": {}}, "BIBREF60": {"ref_id": "b60", "title": "Aerosol penetration through surgical masks", "authors": [{"first": "C", "middle": ["C"], "last": "Chen", "suffix": ""}, {"first": "K", "middle": [], "last": "Willeke", "suffix": ""}], "year": 1992, "venue": "American Journal of Infection Control", "volume": "20", "issn": "", "pages": "177--184", "other_ids": {}}, "BIBREF61": {"ref_id": "b61", "title": "Effect of particle size on the performance of an N95 filtering facepiece respirator and a surgical mask at various breathing conditions", "authors": [{"first": "X", "middle": [], "last": "He", "suffix": ""}, {"first": "T", "middle": [], "last": "Reponen", "suffix": ""}, {"first": "R", "middle": ["T"], "last": "Mckay", "suffix": ""}], "year": 2013, "venue": "Aerosol Science and Technology", "volume": "47", "issn": "11", "pages": "1180--1187", "other_ids": {}}, "BIBREF62": {"ref_id": "b62", "title": "Professional and home-made face masks reduce exposure to respiratory infections among the general population", "authors": [{"first": "M", "middle": [], "last": "Van Der Sande", "suffix": ""}, {"first": "P", "middle": [], "last": "Teunis", "suffix": ""}, {"first": "R", "middle": [], "last": "Sabel", "suffix": ""}], "year": 2008, "venue": "PLoS ONE", "volume": "3", "issn": "7", "pages": "", "other_ids": {}}, "BIBREF63": {"ref_id": "b63", "title": "Facial mask: a necessity to beat COVID-19: The review of an air quality and ventilation expert", "authors": [{"first": "J", "middle": [], "last": "Zhai", "suffix": ""}], "year": 2020, "venue": "Building and Environment", "volume": "175", "issn": "", "pages": "", "other_ids": {}}, "BIBREF64": {"ref_id": "b64", "title": "2020 CDC now recommends Americans consider wearing cloth face coverings in public", "authors": [{"first": "C", "middle": [], "last": "Dwyer", "suffix": ""}, {"first": "A", "middle": [], "last": "Aubrey", "suffix": ""}], "year": null, "venue": "", "volume": "", "issn": "", "pages": "", "other_ids": {}}, "BIBREF65": {"ref_id": "b65", "title": "Coronavirus outbreak changes US's mind on everyone wearing face masks", "authors": [{"first": "N", "middle": ["X"], "last": "Elegant", "suffix": ""}], "year": 2020, "venue": "", "volume": "", "issn": "", "pages": "", "other_ids": {}}, "BIBREF66": {"ref_id": "b66", "title": "Rational use of face masks in the covid-19 pandemic", "authors": [{"first": "S", "middle": [], "last": "Feng", "suffix": ""}, {"first": "C", "middle": [], "last": "Shen", "suffix": ""}, {"first": "N", "middle": [], "last": "Xia", "suffix": ""}], "year": null, "venue": "Lancet Respir. Med. Available at", "volume": "", "issn": "", "pages": "", "other_ids": {}}, "BIBREF67": {"ref_id": "b67", "title": "The Bulletin. 2020. Coronavirus in Belgium: What are the rules on wearing masks? 9 May 2020", "authors": [], "year": null, "venue": "", "volume": "", "issn": "", "pages": "", "other_ids": {}}, "BIBREF68": {"ref_id": "b68", "title": "Dutch start easing coronavirus restrictions, face masks a must on public transport", "authors": [{"first": "", "middle": [], "last": "Dutchnews", "suffix": ""}], "year": 2020, "venue": "", "volume": "", "issn": "", "pages": "", "other_ids": {}}, "BIBREF69": {"ref_id": "b69", "title": "Personal Protective Equipment for Infection Control, N95 Respirators and Surgical Masks (Face Masks)", "authors": [{"first": "", "middle": [], "last": "Fda", "suffix": ""}], "year": 2020, "venue": "", "volume": "", "issn": "", "pages": "", "other_ids": {}}, "BIBREF70": {"ref_id": "b70", "title": "Face masks against COVID-19: an evidence review", "authors": [{"first": "J", "middle": [], "last": "Howard", "suffix": ""}, {"first": "A", "middle": [], "last": "Huang", "suffix": ""}, {"first": "Z", "middle": [], "last": "Li", "suffix": ""}], "year": 2020, "venue": "Preprints", "volume": "2020", "issn": "", "pages": "", "other_ids": {"DOI": ["10.20944/preprints202004.0203.v1"]}}, "BIBREF71": {"ref_id": "b71", "title": "Effect of facemasks on empathy and relational continuity: a randomised controlled trial in primary care", "authors": [{"first": "Ckm", "middle": [], "last": "Wong", "suffix": ""}, {"first": "Bhk", "middle": [], "last": "Yip", "suffix": ""}, {"first": "S", "middle": [], "last": "Mercer", "suffix": ""}], "year": null, "venue": "BCM Family Practice", "volume": "14", "issn": "", "pages": "", "other_ids": {"PMID": ["24364989"]}}, "BIBREF72": {"ref_id": "b72", "title": "Organ distribution of severe acute respiratory syndrome (SARS) associated coronavirus (SARS-CoV) in SARS patients: implications for pathogenesis and virus transmission pathways", "authors": [{"first": "Y", "middle": [], "last": "Ding", "suffix": ""}, {"first": "L", "middle": [], "last": "He", "suffix": ""}, {"first": "Q", "middle": [], "last": "Zhang", "suffix": ""}], "year": 2004, "venue": "Journal of Pathology", "volume": "203", "issn": "2", "pages": "622--630", "other_ids": {}}, "BIBREF73": {"ref_id": "b73", "title": "CT-based geometry analysis and finite element models of the human and ovine bronchial tree", "authors": [{"first": "M", "middle": ["H"], "last": "Tawhai", "suffix": ""}, {"first": "P", "middle": ["J"], "last": "Hunter", "suffix": ""}, {"first": "J", "middle": [], "last": "Tschirren", "suffix": ""}], "year": 2004, "venue": "Journal of Applied Physiology", "volume": "97", "issn": "6", "pages": "2310--2321", "other_ids": {}}, "BIBREF74": {"ref_id": "b74", "title": "A multiscale MDCT image-based breathing lung model with time-varying regional ventilation", "authors": [{"first": "Y", "middle": [], "last": "Yin", "suffix": ""}, {"first": "J", "middle": [], "last": "Choi", "suffix": ""}, {"first": "E", "middle": ["A"], "last": "Hoffman", "suffix": ""}], "year": 2013, "venue": "Journal of Computational Physics", "volume": "244", "issn": "", "pages": "168--192", "other_ids": {}}, "BIBREF75": {"ref_id": "b75", "title": "Simulation of pulmonary air flow with a subject-specific boundary condition", "authors": [{"first": "Y", "middle": [], "last": "Yin", "suffix": ""}, {"first": "J", "middle": [], "last": "Choi", "suffix": ""}, {"first": "E", "middle": ["A"], "last": "Hoffman", "suffix": ""}], "year": 2010, "venue": "Journal of Biomechanics", "volume": "43", "issn": "11", "pages": "2159--2163", "other_ids": {}}, "BIBREF76": {"ref_id": "b76", "title": "Computational modeling of the obstructive lung diseases asthma and COPD", "authors": [{"first": "K", "middle": ["S"], "last": "Burrowes", "suffix": ""}, {"first": "T", "middle": [], "last": "Doel", "suffix": ""}, {"first": "C", "middle": [], "last": "Brightling", "suffix": ""}], "year": 2014, "venue": "J Transl Med", "volume": "12", "issn": "", "pages": "", "other_ids": {}}}, "ref_entries": {"FIGREF0": {"text": ": \u2022 Examples of measures for operators are controlling the maximum number of visitors and routing inside the buildings, providing masks, gloves, glasses and regular disinfection of payment terminal keyboards, door handles and other surfaces, appointing a COVID-19 supervisor and instructions for employees including pointing visitors to unsafe behavior. \u2022 Examples of measures for visitors are required reservation of a time slot, only visiting with members from the same household, avoiding public transport, using the sanitary facilities at home instead of in the center, only starting exercise after having washed the hands and leaving the center immediately after having finalized your physical activity.", "latex": null, "type": "figure"}, "FIGREF1": {"text": "Key parameters in terms of ventilation are the floor area A, the room height H, the required ventilation flow rate per person (Q/N) with N the number of persons, the maximum allowed number of persons per unit floor area (N/A) and the air change rate per hour n. Eq. (1) represents the simplified mass balance in the room assuming a uniform concentration c in the room with volume V, a total aerosol production rate G and a fresh air ventilation flow rate Q. Under steady-state conditions, it yields Q = G/c which can be rewritten as Eq.(2), where g is the aerosol production rate per person. Eq. (2) can be expanded into Eq. (3) that relates N/A to Qof n and room height H as a parameter. Given the required N/A, the air change ratio per hour n and the room height H, the maximum number of persons per 10 m\u00b2 can easily be determined.", "latex": null, "type": "figure"}, "FIGREF2": {"text": "ESP is the ESP flow rate and \u03b7 the ESP efficiency. Under steady state conditions, Eq. (4) can be used to extend Eq. (3) as follows: suggests that for N/A of about 10 dm\u00b3/s/person, installing an ESP with Q ESP = 7500 m\u00b3/h (Q ESP /A = 7.5 m/h) would allow doubling the occupancy from 1 to 2 person per 10 m\u00b2 while keeping the ventilation flow rate per person and thus the aerosol concentration constant.", "latex": null, "type": "figure"}, "FIGREF3": {"text": "Concept of (a) displacement ventilation; (b) mixing ventilation.", "latex": null, "type": "figure"}, "FIGREF4": {"text": "(a) Concept of ESP with positive ionisation; (b) photo of moderate-size ESP (2.8 x 0.72 x 1.28 m\u00b3) in an indoor environment. (Source: ENS Technology, reproduced with permission) Nomogram of number of persons per 10 m\u00b2 as a function of required ventilation rate per person, with the product of air change rate per hour (n) and room height (H) as a parameter.", "latex": null, "type": "figure"}, "FIGREF5": {"text": "Nomogram of number of persons per 10 m\u00b2 as a function of required ventilation rate per person, with the product of air change rate per hour (n) and room height (H) and implementation of an ESP as a parameter.", "latex": null, "type": "figure"}, "TABREF0": {"text": "Minimum required ventilation flow rates for different building usage types according to the Dutch Building Code[49].", "latex": null, "type": "table"}, "TABREF1": {"text": "Table 1. Minimum required ventilation flow ratesr dfoifferent building usage types according to thuet cDh Building Code [49].", "latex": null, "type": "table", "html": "<html><body><table><tr><td>Function </td><td>Requirement in dm\u00b3/s/person </td></tr><tr><td>New buildings </td><td>Existing buildings </td></tr><tr><td>Childcare </td><td>6.5 </td><td>3.44 </td></tr><tr><td>Meeting </td><td>4 </td><td>2.12 </td></tr><tr><td>Healthcare, bed area </td><td>12 </td><td>3.44 </td></tr><tr><td>Healthcare, other areas </td><td>6.5 </td><td>3.44 </td></tr><tr><td>Industrial </td><td>6.5 </td><td>3.44 </td></tr><tr><td>Office </td><td>6.5 </td><td>3.44 </td></tr><tr><td>Hotel, dormitory </td><td>12 </td><td>6.40 </td></tr><tr><td>Education </td><td>8.5 </td><td>3.44 </td></tr><tr><td>Sports </td><td>6.5 </td><td>3.44 </td></tr></table></body></html>"}, "TABREF2": {"text": "Table 2. Minimum required ventilation flow rates) (iQn dm\u00b3/s and air change rates per hour (n) fo ri nadnoor sports center and a shop of 1000 m\u00b2 floor area, 5 m height and 100 persons present, according to [49] and [52].", "latex": null, "type": "table", "html": "<html><body><table><tr><td>Function </td><td>Indoor sports center </td><td>Shop </td></tr><tr><td>Q (dm\u00b3/s) </td><td>n (h-1) </td><td>Q (dm\u00b3/s) n (h-1) </td></tr><tr><td>Building Code (new buildings) [49] </td><td>650 </td><td>0.47 </td><td>400 90 .2</td></tr><tr><td>Building Code (existing buildings) [49] Sports Guidelines [52] </td><td>344 </td><td>0.25 </td><td>22 10.15 - </td></tr><tr><td> General (11.11 dm\u00b3/s/person) </td><td>1111 </td><td>\u00a0</td><td>0.80 - </td></tr><tr><td> Fitness area </td><td>8333 </td><td>\u00a0</td><td>6 - </td></tr><tr><td> Aerobics and martial sports area </td><td>11111 </td><td>\u00a0</td><td>8 - </td></tr><tr><td> Indoor cycling area </td><td>13889 </td><td>10 </td><td>- </td></tr></table></body></html>"}}, "back_matter": []}