{"paper_id": "0050cb5ead95958706cd183ab1115e70c6a626ba", "metadata": {"title": "Long-term morbidity of respiratory viral infections during chemotherapy in children with leukaemia", "authors": [{"first": "Beryl", "middle": [], "last": "Lin", "suffix": "", "affiliation": {"laboratory": "", "institution": "University of New South Wales", "location": {"settlement": "Sydney", "country": "Australia"}}, "email": ""}, {"first": "Brendan", "middle": [], "last": "Kennedy Bsc", "suffix": "", "affiliation": {"laboratory": "", "institution": "The Children's Hospital at Westmead", "location": {"settlement": "Sydney", "country": "Australia"}}, "email": ""}, {"first": "Jamie", "middle": ["Mcbride"], "last": "Gradcertprs", "suffix": "", "affiliation": {"laboratory": "", "institution": "Sydney Children's Hospital", "location": {"settlement": "Sydney", "country": "Australia"}}, "email": ""}, {"first": "|", "middle": [], "last": "Luciano", "suffix": "", "affiliation": {}, "email": ""}, {"first": "Dalla-Pozza", "middle": [], "last": "Mbbs", "suffix": "", "affiliation": {"laboratory": "", "institution": "The Children's Hospital at Westmead", "location": {"settlement": "Sydney", "country": "Australia"}}, "email": ""}, {"first": "|", "middle": [], "last": "Toby", "suffix": "", "affiliation": {}, "email": ""}, {"first": "Trahair", "middle": [], "last": "Mbbs", "suffix": "", "affiliation": {"laboratory": "", "institution": "University of New South Wales", "location": {"settlement": "Sydney", "country": "Australia"}}, "email": ""}, {"first": "|", "middle": [], "last": "Geoffrey", "suffix": "", "affiliation": {}, "email": ""}, {"first": "Mccowage", "middle": [], "last": "Mbbs", "suffix": "", "affiliation": {"laboratory": "", "institution": "The Children's Hospital at Westmead", "location": {"settlement": "Sydney", "country": "Australia"}}, "email": ""}, {"first": "Emma", "middle": [], "last": "Coward Bclinexerphys", "suffix": "", "affiliation": {"laboratory": "", "institution": "The Children's Hospital at Westmead", "location": {"settlement": "Sydney", "country": "Australia"}}, "email": ""}, {"first": "|", "middle": [], "last": "Leanne", "suffix": "", "affiliation": {"laboratory": "", "institution": "Sydney Children's Hospital", "location": {"settlement": "Sydney", "country": "Australia"}}, "email": ""}, {"first": "Paul", "middle": ["D"], "last": "Robinson", "suffix": "", "affiliation": {"laboratory": "", "institution": "The Children's Hospital at Westmead", "location": {"settlement": "Sydney", "country": "Australia"}}, "email": ""}, {"first": "Kate", "middle": [], "last": "Hardaker", "suffix": "", "affiliation": {"laboratory": "", "institution": "The Children's Hospital at Westmead", "location": {"settlement": "Sydney", "country": "Australia"}}, "email": ""}, {"first": "John", "middle": [], "last": "Widger", "suffix": "", "affiliation": {"laboratory": "", "institution": "University of New South Wales", "location": {"settlement": "Sydney", "country": "Australia"}}, "email": ""}, {"first": "Anthea", "middle": [], "last": "Ng", "suffix": "", "affiliation": {"laboratory": "", "institution": "The Children's Hospital at Westmead", "location": {"settlement": "Sydney", "country": "Australia"}}, "email": ""}, {"first": "|", "middle": ["Adam"], "last": "Jaffe", "suffix": "", "affiliation": {"laboratory": "", "institution": "Sydney Children's Hospital", "location": {"settlement": "Sydney", "country": "Australia"}}, "email": ""}, {"first": "|", "middle": [], "last": "Hiran", "suffix": "", "affiliation": {}, "email": ""}, {"first": "Selvadurai", "middle": [], "last": "Mbbs", "suffix": "", "affiliation": {"laboratory": "", "institution": "The Children's Hospital at Westmead", "location": {"settlement": "Sydney", "country": "Australia"}}, "email": "hiran.selvadurai@health.nsw.gov.au"}]}, "abstract": [{"text": "Background: Respiratory viruses are a common cause of infection in immunosuppressed children undergoing cancer therapy. Pulmonary sequelae have been documented following respiratory viral infections (RVIs) in hematopoietic stem cell transplant (HSCT) recipients; however potential late effects in children undergoing nonmyeloablative chemotherapy have not been investigated. Aim: To evaluate the long-term pulmonary morbidity of respiratory viral infections during chemotherapy in children with acute lymphoblastic leukemia (ALL).", "cite_spans": [], "ref_spans": [], "section": "Abstract"}, {"text": "Methods: Childhood ALL survivors, aged 7 to 18 years, greater than 6 months posttreatment were recruited. Exclusion criteria included HSCT or proven bacterial/ fungal respiratory infection during treatment. Subjects were classified into \"viral\" or \"control\" groups according to retrospective medical records that documented the presence of laboratory-proven RVIs during chemotherapy. Symptom questionnaires (Liverpool, ISAAC) and lung function testing (spirometry, plethysmography, diffusing capacity, forced oscillation technique to ATS/ERS standards) were then performed cross-sectionally at the time of recruitment.", "cite_spans": [], "ref_spans": [], "section": "Abstract"}, {"text": "Results: Fifty-four patients (31 viral, 23 control) were recruited: median (range) age 11.2 (7.2-18.1) years, and at 4.9 (0.5-13) years posttherapy. Abnormalities were detected in 17 (31%) individuals (8 viral, 9 control), with the most common being DLCO impairment (3 viral, 4 control) and reduced respiratory reactance at 5 Hz (5 viral, 6 control). Children with RVIs during chemotherapy reported more current respiratory symptoms, particularly wheeze (odds ratio [OR], 3.0; 95% confidence interval [CI]: 0.9-10.0; P = .09) and cough (OR, 2.7; 95% CI: 0.8-9.5; P = .11). No differences in lung function tests were observed between the two groups.", "cite_spans": [], "ref_spans": [], "section": "Abstract"}, {"text": "Conclusions: Our study found children with RVIs during chemotherapy developed more long-term respiratory symptoms than controls; however, differences did not", "cite_spans": [], "ref_spans": [], "section": "Abstract"}], "body_text": [{"text": "reach statistical significance. No differences in static lung function were found between the two groups. Overall, pulmonary abnormalities and/or significant ongoing respiratory symptoms were detected in nearly a third of ALL survivors treated without HSCT. Larger, prospective studies are warranted to evaluate the etiology and clinical significance of these findings. follow-up studies have found respiratory-related deaths to be second only to subsequent malignancy, and pulmonary abnormalities have been detected in up to 81% of survivors before the age of 50 years. Of all childhood cancers, acute lymphoblastic leukemia (ALL) is the most common and carries an excellent prognosis with a 10-year survival exceeding 90%. 3 In an era of rising cure rates, late pulmonary effects will become increasingly important for a growing population of survivors. 4 Historically, research has focused on identifying pulmonary-toxic therapies, such as radiation and hematopoietic stem cell transplant (HSCT), to inform risk-based pulmonary follow-up. [4] [5] [6] However, respiratory infections are also a significant cause of pulmonary morbidity during treatment. 7 In particular, recent studies using polymerase chain reaction (PCR) diagnostics have found respiratory viral infections (RVI) cause up to 57% of febrile episodes, and that children undergoing chemotherapy are at risk of more severe RVIs with a prolonged clinical course and higher viral loads. [7] [8] [9] [10] [11] In general population-based studies, respiratory syncytial virus (RSV) and rhinovirus (HRV) bronchiolitis during infancy have been associated with subsequent wheeze and obstructive defects. 12, 13 RVIs have also been shown to precipitate late airflow decline 14 and alloimmune lung syndromes 15 in transplant recipients. However, the long-term pulmonary sequelae of these RVIs in children undergoing chemotherapy alone have not been investigated. Currently, the Children's Oncology Group (COG) 16 have not prescribed recommendations for long-term pulmonary function screening for this cohort.", "cite_spans": [{"start": 1042, "end": 1045, "text": "[4]", "ref_id": "BIBREF3"}, {"start": 1046, "end": 1049, "text": "[5]", "ref_id": "BIBREF4"}, {"start": 1050, "end": 1053, "text": "[6]", "ref_id": "BIBREF5"}, {"start": 1452, "end": 1455, "text": "[7]", "ref_id": "BIBREF6"}, {"start": 1456, "end": 1459, "text": "[8]", "ref_id": "BIBREF7"}, {"start": 1460, "end": 1463, "text": "[9]", "ref_id": "BIBREF8"}, {"start": 1464, "end": 1468, "text": "[10]", "ref_id": "BIBREF9"}, {"start": 1469, "end": 1473, "text": "[11]", "ref_id": "BIBREF10"}, {"start": 1664, "end": 1667, "text": "12,", "ref_id": "BIBREF11"}], "ref_spans": [], "section": ""}, {"text": "This study aimed to evaluate the long-term pulmonary morbidity of respiratory viral infections during chemotherapy in childhood ALL survivors, as defined by (a) static lung function tests and (b) respiratory symptoms beyond 6 months posttherapy. We hypothesized that children with RVIs during chemotherapy would demonstrate increased respiratory symptoms and poorer lung function, compared to those without RVI during treatment.", "cite_spans": [], "ref_spans": [], "section": ""}, {"text": "This cross-sectional cohort study of childhood ALL survivors was conducted at two tertiary pediatric hospitals. Lung function assessments were performed to compare respiratory outcomes in children with and without proven RVIs during chemotherapy. Ethical approval was granted by The Sydney Children's Hospitals Network Human Research Ethics Committee (LNR/15/SCHN/309). Written, informed consent was obtained from all caregivers and participants where applicable.", "cite_spans": [], "ref_spans": [], "section": "| MATERIALS AND METHODS"}, {"text": "Childhood survivors of primary ALL, aged 7 to 18 years, at least 6 months posttherapy were eligible for this study. Exclusion criteria included: pulmonary-toxic therapy as prescribed by COG long-term follow-up (LTFU) guidelines, 16 including craniospinal irradiation; HSCT; proven bacterial or fungal respiratory infections (microbiologically detected from sputum) during chemotherapy; and developmental or psychosocial preclusions as determined by their oncologist.", "cite_spans": [], "ref_spans": [], "section": "| Subjects and recruitment"}, {"text": "Hospital-based oncology databases were reviewed for all patients diagnosed with primary ALL from 1 April 1999 to 1 April 2015 at our two sites. Eligible patients were recruited in an order determined by an online random sequence generator, and classified into the \"viral\"", "cite_spans": [], "ref_spans": [], "section": "| Subjects and recruitment"}, {"text": "or \"control\" group by the presence or absence of retrospectively ", "cite_spans": [], "ref_spans": [], "section": "| Subjects and recruitment"}, {"text": "All participants underwent an assessment of (a) static lung function testing: forced oscillation technique (FOT), pre and postbronchodilator spirometry, body plethysmography, and diffusion capacity for carbon monoxide (DLCO) in the order shown, and (b) respiratory symptoms by questionnaire. Participants were clinically well at the time of assessment.", "cite_spans": [], "ref_spans": [], "section": "| Study design"}, {"text": "FOT was conducted with a multifrequency composite waveform (5-37 Hz) using the tremoFlo C-100 device (Thorasys, Canada) in accordance with published recommendations. 17 The ISAAC questionnaire evaluates the presence of atopic diseases including asthma, eczema, hay fever and their associated symptoms.", "cite_spans": [], "ref_spans": [], "section": "| Lung function testing"}, {"text": "The LRSQ consists of 32 questions across 8 domains, assessing respiratory symptoms and their impact on the child and family over the last 3 months (Table 1) . Each item was scored on a five-point Likert scale from \"not at all\" (0) to \"everyday\" (4) and then totaled for a domain score and overall score. As previously recommended, the snoring question in the \"night-time\" domain was excluded. 25 The prevalence of day, night, and exercise symptoms including wheeze, cough, and dyspnoea were also extracted. Responses \"not at all\" or \"few days\" were classified as \"infrequent\"; and responses \"some days\", \"most days\", or \"everyday\" were classified as \"frequent.\" These symptoms were specifically analyzed, as they were considered to be clinically significant and have been noted in the COG-LTFU guidelines. 16 ", "cite_spans": [], "ref_spans": [{"start": 147, "end": 156, "text": "(Table 1)", "ref_id": null}], "section": "| Respiratory questionnaire"}, {"text": "The primary outcome measure for this study was the total respiratory system resistance at 5 Hz, as determined by FOT. This was chosen for its sensitivity to peripheral airway function. 26 Based on a previous asthma study, 27 ", "cite_spans": [], "ref_spans": [], "section": "| Sample size"}, {"text": "Primary comparisons between the viral and control groups were made using the student t test for continuous variables, and Fisher's exact test for categorical variables. To adjust for potential confounders, multiple regression models were built for each lung function and symptom outcome using the forwards sequential Note: The Liverpool Respiratory Symptom Questionnaire consists of eight domains which assess respiratory symptoms and their impact on the child/family over the last three months. The frequency of each item is indicated on a five-point Likert scale and assigned a corresponding score, from \"not at all\" (0) to \"everyday\" (4). Item scores are totalled for a domain score and overall score.", "cite_spans": [], "ref_spans": [], "section": "| Data analysis"}, {"text": "were retained if their P value was < .10 without inflating standard error greater than 10%. Due to correlation between \"years posttherapy\" and \"age at testing\" (P < .001), and \"age at testing\" being already adjusted for by lung function endpoints expressed as z-scores, only \"years posttherapy\" was tested for a parsimonious model.", "cite_spans": [], "ref_spans": [], "section": "| Data analysis"}, {"text": "Statistics were performed using SPSS version 23.0 (IBM) with significance assigned when P < .05.", "cite_spans": [], "ref_spans": [], "section": "| Data analysis"}, {"text": "Between 1999 and 2015, 355 children treated for ALL across our two institutions were eligible for this study. Of the 116 patients contacted, 54 (47%) were enrolled (Figure 1 ). Demographic and clinical characteristics were not different between those patients who consented and those who declined to participate (Table S1 ).", "cite_spans": [], "ref_spans": [{"start": 164, "end": 173, "text": "(Figure 1", "ref_id": null}, {"start": 312, "end": 321, "text": "(Table S1", "ref_id": null}], "section": "| Subjects"}, {"text": "Baseline characteristics of our study population (N = 54) are displayed in Table 2 . The viral (n = 31) and control (n = 23) group had no significant differences in demographic or clinical characteristics.", "cite_spans": [], "ref_spans": [{"start": 75, "end": 82, "text": "Table 2", "ref_id": null}], "section": "| Subjects"}, {"text": "Children were of a median (range) age of 11.2 (7. ", "cite_spans": [], "ref_spans": [], "section": "| Subjects"}, {"text": "Patients in the viral group (n = 31) had a median of 3 (range 1-7)", "cite_spans": [], "ref_spans": [], "section": "| Respiratory viruses during chemotherapy"}, {"text": "proven RVIs during chemotherapy. Ten ( ", "cite_spans": [], "ref_spans": [{"start": 37, "end": 38, "text": "(", "ref_id": null}], "section": "| Respiratory viruses during chemotherapy"}, {"text": "Acceptable and repeatable FOT, spirometry, body plethysmography and DLCO data were obtained in 48 (88%), 51 (94%), 48 (88%), and F I G U R E 1 CONSORT flow diagram of recruitment. \u2020 Patients may have been excluded due to several criteria. \u2021 Note: After sufficient patients were recruited for the viral group, patients continued to be randomly selected until adequate controls were recruited. In this period, 13 additional \"viral\" patients were randomly selected, but not invited to participate 50 (93%) subjects, respectively ( ", "cite_spans": [], "ref_spans": [], "section": "| Lung function testing"}, {"text": "The prevalence of wheeze, cough, and dyspnea in each group are shown in Table 4 ", "cite_spans": [], "ref_spans": [{"start": 72, "end": 79, "text": "Table 4", "ref_id": null}], "section": "| Respiratory symptoms and quality of life"}, {"text": "The viral group totaled a slightly higher overall LRSQ score (17. ", "cite_spans": [], "ref_spans": [], "section": "| 1825"}, {"text": "To our knowledge, this is the first study to investigate the long-term pulmonary morbidity of respiratory viruses during chemotherapy in childhood cancer survivors. Compared to controls, children with RVIs during chemotherapy had more ongoing respiratory symptoms particularly wheeze and cough, although these results did not reach statistical significance. No differences in static lung function were found between the two groups. Overall, pulmonary abnormalities were detected in nearly a third of ALL survivors when evaluated up to 13 years posttherapy. Of note, these patients were treated without pulmonary-toxic therapies recognized by the COG-LTFU guidelines and thus, do not receive routine lung function screening.", "cite_spans": [], "ref_spans": [], "section": "| DISCUSSION"}, {"text": "Our results suggest that children with proven RVIs during chemotherapy may be at risk of developing more long-term respiratory symptoms. A threefold increase in odds of wheeze and nocturnal cough was observed, and the viral group reported a higher prevalence in nearly all other symptoms and LRSQ scores. These results however were not statistically significant. As our study was not powered for symptom outcomes, particularly for wheeze (OR, 2.7, P = .09) and cough (OR, 2.7, P = .11), the moderate effect sizes were considered a type II error and suggest larger studies are warranted in future. These findings are similarly documented following infant RSV and HRV bronchiolitis, where RVIs have been associated with subsequent asthma and atopy. 12, 13 While the pathogenesis of early-life respiratory viruses remains unknown, some studies have implicated excess type 2 immunity and aberrant lung remodeling. 30, 31 The complexity of this however, is further highlighted by studies which suggest that inherent susceptibility to any type of respiratory episode, including bacterial infections, is more important than viral triggers. 32 In our study, only one child had a positive bronchodilator response and atopy was low in both the viral and control groups. This suggests a different phenotype of disease in our cohort, who were older but more severely immunosuppressed.", "cite_spans": [{"start": 747, "end": 750, "text": "12,", "ref_id": "BIBREF11"}, {"start": 910, "end": 913, "text": "30,", "ref_id": "BIBREF29"}], "ref_spans": [], "section": "| DISCUSSION"}, {"text": "We hypothesize cancer survivors may have suffered direct tissue damage or neuroimmune modifications of respiratory mucosa following the RVI; however, further study is required to examine the role of other pathogens such as bacteria. As with infant bronchiolitis, there also remains the question of cause and effect:", "cite_spans": [], "ref_spans": [], "section": "| DISCUSSION"}, {"text": "whether RVIs during chemotherapy predispose respiratory morbidity, or if children with pre-existing defects are more susceptible to", "cite_spans": [], "ref_spans": [], "section": "| DISCUSSION"}, {"text": "RVIs.", "cite_spans": [], "ref_spans": [], "section": "| DISCUSSION"}, {"text": "Static lung function testing found no differences between the viral and control groups. In isolation, this is an important negative finding that supports conservative management of RVIs during cancer therapy and suggests viral infections do not confer long-term airflow defects. It is possible that immunosuppression and a failure to mount inflammatory responses were protective against scarring and lung damage. 33, 34 This is however, incongruent with a 12-year retrospective study reporting late airflow decline associated with RVIs in HSCT recipients, independent of alloimmune lung disease. 14 Here, prolonged viral-shedding and subsequent airway inflammation were proposed to be the mechanisms of injury. These findings suggest that the pathogenesis of RVIs in immunosuppressed cohorts is unique and remains poorly understood.", "cite_spans": [{"start": 413, "end": 416, "text": "33,", "ref_id": "BIBREF32"}], "ref_spans": [], "section": "| DISCUSSION"}, {"text": "In our patients with RVIs, there may be several explanations for the preservation of lung function despite an increase in respiratory symptoms. Firstly, the reliability of self-reported symptoms may be questioned; however a difference in the same patient-reported To date, this is one of the largest cross-sectional lung function studies in leukemia survivors, and the only report to examine the late morbidity of respiratory viruses. All lung function data were crosssectionally collected and included objective pulmonary function measures and patient-related outcomes. Our patients were a homogenous cohort of primary ALL survivors, treated on contemporary chemotherapy protocols. Exclusion of children exposed to known pulmonary-toxic therapies and proven bacterial/fungal respiratory infections enabled respiratory viruses to be examined with minimal confounders.", "cite_spans": [], "ref_spans": [], "section": "| DISCUSSION"}, {"text": "However, this retrospective study also had a number of limitations.", "cite_spans": [], "ref_spans": [], "section": "| DISCUSSION"}, {"text": "With our relatively small sample size, results did not reach statistical significance and thus these data should only be considered hypothesisgenerating. While sufficient patients were recruited to test R5, power calculations were based on an asthma study, and this study was not powered to evaluate specific risk factors or viruses and their subspecies.", "cite_spans": [], "ref_spans": [], "section": "| DISCUSSION"}, {"text": "To preserve a parsimonious model, only covariates with a univariate P > 0.1 could be retained in the multivariate regression analysis. Thus some clinically important factors, such as \"age at diagnosis\" were not retained as they were weak predictors in our small sample size, and require larger studies to power statistical models that can meaningfully test the impact of covariates. As this was a retrospective study, we relied on past medical records of microbiological testing on sputum samples collected from patients at the time of therapy. These data were used to classify the \"viral\" and \"control\" groups, and exclude children with proven respiratory bacterial and fungal infections, although sputum samples", "cite_spans": [], "ref_spans": [], "section": "| DISCUSSION"}, {"text": "would not have been routinely tested on all patients. Incomplete medical records also precluded characterization of RVIs by severity, and as upper or lower tract infections. Furthermore, the microbiological methods used to isolate respiratory viruses were variable, where cell culture and immunofluorescence had limitations in the diagnosis of specific viruses such as HRV and HMPV as compared to newer molecular techniques.", "cite_spans": [], "ref_spans": [], "section": "| DISCUSSION"}, {"text": "Thus, our viral cohort may only represent children with severe infections warranting investigation, or only those with viruses detectable by the microbiological method available at time of testing. As these children did not receive pulmonary assessments prior or during therapy, we also lack longitudinal data to evaluate trends in pulmonary function or the chronology of respiratory symptoms with respect to therapy. ", "cite_spans": [], "ref_spans": [], "section": "| DISCUSSION"}, {"text": "Our study found children with respiratory viral infections during chemotherapy developed more long-term respiratory symptoms than controls, however these differences were not statistically significant. No differences in static lung function outcomes were found between the two groups. Overall, pulmonary abnormalities and/or significant ongoing respiratory symptoms were detected in nearly a third of our ALL survivors treated with non-myeloablative chemotherapy, when evaluated up to 13 years posttreatment.", "cite_spans": [], "ref_spans": [], "section": "| CONCLUSION"}, {"text": "These findings warrant future prospective studies into the etiology, clinical significance, and therapeutic options for these respiratory complications. Long-term respiratory follow-up should be considered in ALL survivors to facilitate early detection and management of late pulmonary effects.", "cite_spans": [], "ref_spans": [], "section": "| CONCLUSION"}, {"text": "We are sincerely grateful to the patients and families who participated in this study. We also wish to thank the oncologists of the Sydney Children's Hospitals Network for their valuable support, and Professor Jenny Peat for her statistical advice.", "cite_spans": [], "ref_spans": [], "section": "ACKNOWLEDGMENTS"}], "bib_entries": {"BIBREF0": {"ref_id": "b0", "title": "Clinical ascertainment of health outcomes among adults treated for childhood cancer", "authors": [{"first": "M", "middle": ["M"], "last": "Hudson", "suffix": ""}, {"first": "K", "middle": ["K"], "last": "Ness", "suffix": ""}, {"first": "J", "middle": ["G"], "last": "Gurney", "suffix": ""}], "year": 2013, "venue": "JAMA", "volume": "309", "issn": "22", "pages": "2371--2381", "other_ids": {}}, "BIBREF1": {"ref_id": "b1", "title": "Cause-specific late mortality among 5-year survivors of childhood cancer: the Childhood Cancer Survivor Study", "authors": [{"first": "A", "middle": ["C"], "last": "Mertens", "suffix": ""}, {"first": "Q", "middle": [], "last": "Liu", "suffix": ""}, {"first": "J", "middle": ["P"], "last": "Neglia", "suffix": ""}], "year": 2008, "venue": "J Natl Cancer Inst", "volume": "100", "issn": "", "pages": "1368--1379", "other_ids": {}}, "BIBREF2": {"ref_id": "b2", "title": "A revised definition for cure of childhood acute lymphoblastic leukemia", "authors": [{"first": "C", "middle": [], "last": "Pui", "suffix": ""}, {"first": "D", "middle": [], "last": "Pei", "suffix": ""}, {"first": "D", "middle": [], "last": "Campana", "suffix": ""}], "year": 2014, "venue": "Leukemia", "volume": "28", "issn": "12", "pages": "2336--2343", "other_ids": {}}, "BIBREF3": {"ref_id": "b3", "title": "Risk and impact of pulmonary complications in survivors of childhood cancer: a report from the Childhood Cancer Survivor Study (CCSS)", "authors": [{"first": "A", "middle": ["C"], "last": "Dietz", "suffix": ""}, {"first": "Y", "middle": [], "last": "Chen", "suffix": ""}, {"first": "K", "middle": ["K"], "last": "Ness", "suffix": ""}], "year": 2014, "venue": "", "volume": "", "issn": "", "pages": "", "other_ids": {}}, "BIBREF4": {"ref_id": "b4", "title": "With every upside, there is a downside: chest radiation and survivors of childhood cancers", "authors": [{"first": "C", "middle": ["H"], "last": "Goss", "suffix": ""}], "year": 2016, "venue": "Am Thoracic Soc", "volume": "13", "issn": "9", "pages": "1448--1449", "other_ids": {}}, "BIBREF5": {"ref_id": "b5", "title": "Analysis of risk factors for abnormal pulmonary function in pediatric cancer survivors", "authors": [{"first": "E", "middle": [], "last": "Record", "suffix": ""}, {"first": "R", "middle": [], "last": "Williamson", "suffix": ""}, {"first": "K", "middle": [], "last": "Wasilewski-Masker", "suffix": ""}, {"first": "A", "middle": ["C"], "last": "Mertens", "suffix": ""}, {"first": "L", "middle": ["R"], "last": "Meacham", "suffix": ""}, {"first": "J", "middle": [], "last": "Popler", "suffix": ""}], "year": 2016, "venue": "Pediatr Blood Cancer", "volume": "63", "issn": "7", "pages": "1264--1271", "other_ids": {}}, "BIBREF6": {"ref_id": "b6", "title": "Acute respiratory infections in children and adolescents with acute lymphoblastic leukemia", "authors": [{"first": "H", "middle": [], "last": "Hakim", "suffix": ""}, {"first": "R", "middle": [], "last": "Dallas", "suffix": ""}, {"first": "Y", "middle": [], "last": "Zhou", "suffix": ""}], "year": 2016, "venue": "Cancer", "volume": "122", "issn": "5", "pages": "798--805", "other_ids": {}}, "BIBREF7": {"ref_id": "b7", "title": "Few but severe viral infections in children with cancer: a prospective RT-PCR and PCR-based 12-month study", "authors": [{"first": "M", "middle": ["S"], "last": "Christensen", "suffix": ""}, {"first": "L", "middle": ["P"], "last": "Nielsen", "suffix": ""}, {"first": "H", "middle": [], "last": "Hasle", "suffix": ""}], "year": 2005, "venue": "Pediatr Blood Cancer", "volume": "45", "issn": "7", "pages": "945--951", "other_ids": {}}, "BIBREF8": {"ref_id": "b8", "title": "Respiratory viruses, a common microbiological finding in neutropenic children with fever", "authors": [{"first": "A", "middle": [], "last": "Lindblom", "suffix": ""}, {"first": "V", "middle": [], "last": "Bhadri", "suffix": ""}, {"first": "S", "middle": [], "last": "Soderhall", "suffix": ""}], "year": 2010, "venue": "J Clin Virol", "volume": "47", "issn": "3", "pages": "234--237", "other_ids": {}}, "BIBREF9": {"ref_id": "b9", "title": "Respiratory viral infections in children with leukemia", "authors": [{"first": "M", "middle": [], "last": "Koskenvuo", "suffix": ""}, {"first": "M", "middle": [], "last": "Mottonen", "suffix": ""}, {"first": "J", "middle": [], "last": "Rahiala", "suffix": ""}], "year": 2008, "venue": "Pediatr Infect Dis J", "volume": "27", "issn": "11", "pages": "974--980", "other_ids": {}}, "BIBREF10": {"ref_id": "b10", "title": "Prospective detection of respiratory pathogens in symptomatic children with cancer", "authors": [{"first": "A", "middle": [], "last": "Srinivasan", "suffix": ""}, {"first": "Z", "middle": [], "last": "Gu", "suffix": ""}, {"first": "T", "middle": [], "last": "Smith", "suffix": ""}], "year": 2013, "venue": "Pediatr Infect Dis J", "volume": "32", "issn": "3", "pages": "99--104", "other_ids": {}}, "BIBREF11": {"ref_id": "b11", "title": "The association between respiratory syncytial virus infection and the development of childhood asthma: a systematic review of the literature", "authors": [{"first": "E", "middle": ["G"], "last": "Perez-Yarza", "suffix": ""}, {"first": "A", "middle": [], "last": "Moreno", "suffix": ""}, {"first": "P", "middle": [], "last": "Lazaro", "suffix": ""}, {"first": "A", "middle": [], "last": "Mejias", "suffix": ""}, {"first": "O", "middle": [], "last": "Ramilo", "suffix": ""}], "year": 2007, "venue": "Pediatr Infect Dis J", "volume": "26", "issn": "8", "pages": "733--739", "other_ids": {}}, "BIBREF12": {"ref_id": "b12", "title": "Wheezing rhinovirus illnesses in early life predict asthma development in high-risk children", "authors": [{"first": "D", "middle": ["J"], "last": "Jackson", "suffix": ""}, {"first": "R", "middle": ["E"], "last": "Gangnon", "suffix": ""}, {"first": "M", "middle": ["D"], "last": "Evans", "suffix": ""}], "year": 2008, "venue": "Am J Respir Crit Care Med", "volume": "178", "issn": "7", "pages": "667--672", "other_ids": {}}, "BIBREF13": {"ref_id": "b13", "title": "Airflow decline after myeloablative allogeneic hematopoietic cell transplantation: the role of community respiratory viruses", "authors": [{"first": "V", "middle": [], "last": "Erard", "suffix": ""}, {"first": "J", "middle": ["W"], "last": "Chien", "suffix": ""}, {"first": "H", "middle": ["W"], "last": "Kim", "suffix": ""}], "year": 2006, "venue": "J Infect Dis", "volume": "193", "issn": "12", "pages": "1619--1625", "other_ids": {}}, "BIBREF14": {"ref_id": "b14", "title": "Strong association between respiratory viral infection early after hematopoietic stem cell transplantation and the development of life-threatening acute and chronic alloimmune lung syndromes", "authors": [{"first": "A", "middle": ["B"], "last": "Versluys", "suffix": ""}, {"first": "J", "middle": ["W"], "last": "Rossen", "suffix": ""}, {"first": "B", "middle": [], "last": "Van Ewijk", "suffix": ""}, {"first": "R", "middle": [], "last": "Schuurman", "suffix": ""}, {"first": "M", "middle": ["B"], "last": "Bierings", "suffix": ""}, {"first": "J", "middle": ["J"], "last": "Boelens", "suffix": ""}], "year": 2010, "venue": "Biol Blood Marrow Transplant", "volume": "16", "issn": "6", "pages": "782--791", "other_ids": {}}, "BIBREF15": {"ref_id": "b15", "title": "Long-term follow-up guidelines for survivors of childhood, adolescent, and young adult cancers", "authors": [{"first": "", "middle": [], "last": "Children&apos;s Oncology", "suffix": ""}, {"first": "", "middle": [], "last": "Group", "suffix": ""}], "year": 2013, "venue": "", "volume": "", "issn": "", "pages": "", "other_ids": {}}, "BIBREF16": {"ref_id": "b16", "title": "The forced oscillation technique in clinical practice: methodology, recommendations and future developments", "authors": [{"first": "E", "middle": [], "last": "Oostveen", "suffix": ""}, {"first": "D", "middle": [], "last": "Macleod", "suffix": ""}, {"first": "H", "middle": [], "last": "Lorino", "suffix": ""}], "year": 2003, "venue": "Eur Respir J", "volume": "22", "issn": "6", "pages": "1026--1041", "other_ids": {}}, "BIBREF17": {"ref_id": "b17", "title": "Procedures to improve the repeatability of forced oscillation measurements in school-aged children", "authors": [{"first": "P", "middle": ["D"], "last": "Robinson", "suffix": ""}, {"first": "M", "middle": [], "last": "Turner", "suffix": ""}, {"first": "N", "middle": ["J"], "last": "Brown", "suffix": ""}], "year": 2011, "venue": "Respir Physiol Neurobiol", "volume": "177", "issn": "2", "pages": "199--206", "other_ids": {}}, "BIBREF18": {"ref_id": "b18", "title": "Transient reference values for impulse oscillometry for children aged 3-18 years", "authors": [{"first": "B", "middle": [], "last": "Nowowiejska", "suffix": ""}, {"first": "W", "middle": [], "last": "Tomalak", "suffix": ""}, {"first": "J", "middle": [], "last": "Radli\u0144ski", "suffix": ""}, {"first": "G", "middle": [], "last": "Siergiejko", "suffix": ""}, {"first": "W", "middle": [], "last": "Latawiec", "suffix": ""}, {"first": "M", "middle": [], "last": "Kaczmarski", "suffix": ""}], "year": 2008, "venue": "Pediatr Pulmonol", "volume": "43", "issn": "12", "pages": "1193--1197", "other_ids": {}}, "BIBREF19": {"ref_id": "b19", "title": "Measurement of lung volumes in humans: review and recommendations from an ATS/ERS workshop", "authors": [{"first": "J", "middle": [], "last": "Clausen", "suffix": ""}, {"first": "A", "middle": [], "last": "Coates", "suffix": ""}, {"first": "P", "middle": [], "last": "Quanjer", "suffix": ""}], "year": 1997, "venue": "Eur Respir J", "volume": "10", "issn": "6", "pages": "1205--1206", "other_ids": {}}, "BIBREF20": {"ref_id": "b20", "title": "Singlebreath carbon monoxide diffusing capacity (Transfer factor). Recommendations for a standard technique-1995 Update", "authors": [{"first": "R", "middle": [], "last": "Crapo", "suffix": ""}, {"first": "J", "middle": [], "last": "Hankinson", "suffix": ""}, {"first": "C", "middle": [], "last": "Irvin", "suffix": ""}, {"first": "N", "middle": [], "last": "Macintyre", "suffix": ""}, {"first": "K", "middle": [], "last": "Zoter", "suffix": ""}, {"first": "R", "middle": [], "last": "Rise", "suffix": ""}], "year": 1995, "venue": "Am J Respir Crit Care Med", "volume": "152", "issn": "", "pages": "2185--2198", "other_ids": {}}, "BIBREF21": {"ref_id": "b21", "title": "Multi-ethnic reference values for spirometry for the 3-95-yr age range: the global lung function 2012 equations", "authors": [{"first": "P", "middle": ["H"], "last": "Quanjer", "suffix": ""}, {"first": "S", "middle": [], "last": "Stanojevic", "suffix": ""}, {"first": "T", "middle": ["J"], "last": "Cole", "suffix": ""}], "year": 2012, "venue": "Eur Respir J", "volume": "40", "issn": "6", "pages": "1324--1343", "other_ids": {}}, "BIBREF22": {"ref_id": "b22", "title": "Pulmonary Function Testing in Children: Techniques and Standards. Philadelphia: Saunders Limited", "authors": [{"first": "G", "middle": [], "last": "Polgar", "suffix": ""}, {"first": "P", "middle": [], "last": "Varuni", "suffix": ""}], "year": 1971, "venue": "", "volume": "", "issn": "", "pages": "", "other_ids": {}}, "BIBREF23": {"ref_id": "b23", "title": "International Study of Asthma and Allergies in Childhood (ISAAC): rationale and methods", "authors": [{"first": "M", "middle": [], "last": "Asher", "suffix": ""}, {"first": "U", "middle": [], "last": "Keil", "suffix": ""}, {"first": "H", "middle": [], "last": "Anderson", "suffix": ""}], "year": 1995, "venue": "Eur Respir J", "volume": "8", "issn": "3", "pages": "483--491", "other_ids": {}}, "BIBREF24": {"ref_id": "b24", "title": "Validation of the Liverpool Respiratory Symptom Questionnaire (LRSQ) in well children with cystic fibrosis (CF)", "authors": [{"first": "R", "middle": [], "last": "Trinick", "suffix": ""}, {"first": "C", "middle": [], "last": "Darracott", "suffix": ""}, {"first": "K", "middle": [], "last": "Southern", "suffix": ""}, {"first": "P", "middle": [], "last": "Mcnamara", "suffix": ""}], "year": 2010, "venue": "J Cyst Fibrosis", "volume": "9", "issn": "", "pages": "", "other_ids": {}}, "BIBREF25": {"ref_id": "b25", "title": "Impulse oscillometry versus spirometry in a long-term study of controller therapy for pediatric asthma", "authors": [{"first": "G", "middle": ["L"], "last": "Larsen", "suffix": ""}, {"first": "W", "middle": [], "last": "Morgan", "suffix": ""}, {"first": "G", "middle": ["P"], "last": "Heldt", "suffix": ""}], "year": 2009, "venue": "J Allergy Clin Immunol", "volume": "123", "issn": "4", "pages": "861--867", "other_ids": {}}, "BIBREF26": {"ref_id": "b26", "title": "Increased day-to-day variability of forced oscillatory resistance in poorly controlled or persistent pediatric asthma", "authors": [{"first": "P", "middle": ["D"], "last": "Robinson", "suffix": ""}, {"first": "N", "middle": ["J"], "last": "Brown", "suffix": ""}, {"first": "M", "middle": [], "last": "Turner", "suffix": ""}, {"first": "P", "middle": [], "last": "Van Asperen", "suffix": ""}, {"first": "H", "middle": [], "last": "Selvadurai", "suffix": ""}, {"first": "G", "middle": ["G"], "last": "King", "suffix": ""}], "year": 2014, "venue": "Chest J", "volume": "146", "issn": "4", "pages": "974--981", "other_ids": {}}, "BIBREF27": {"ref_id": "b27", "title": "Risk-adjusted therapy of acute lymphoblastic leukemia can decrease treatment burden and improve survival: treatment results of 2169 unselected pediatric and adolescent patients enrolled in the trial ALL-BFM 95", "authors": [{"first": "A", "middle": [], "last": "M\u00f6ricke", "suffix": ""}, {"first": "A", "middle": [], "last": "Reiter", "suffix": ""}, {"first": "M", "middle": [], "last": "Zimmermann", "suffix": ""}], "year": 2008, "venue": "Blood", "volume": "111", "issn": "9", "pages": "4477--4489", "other_ids": {}}, "BIBREF28": {"ref_id": "b28", "title": "High-risk childhood acute lymphoblastic leukemia in first remission treated with novel intensive chemotherapy and allogeneic transplantation", "authors": [{"first": "G", "middle": [], "last": "Marshall", "suffix": ""}, {"first": "Dalla", "middle": [], "last": "Pozza", "suffix": ""}, {"first": "L", "middle": [], "last": "Sutton", "suffix": ""}, {"first": "R", "middle": [], "last": "", "suffix": ""}], "year": 2013, "venue": "Leukemia", "volume": "27", "issn": "7", "pages": "1497--1503", "other_ids": {}}, "BIBREF29": {"ref_id": "b29", "title": "Type 1 and type 2 cytokine imbalance in acute respiratory syncytial virus bronchiolitis", "authors": [{"first": "J", "middle": ["P"], "last": "Legg", "suffix": ""}, {"first": "I", "middle": ["R"], "last": "Hussain", "suffix": ""}, {"first": "J", "middle": ["A"], "last": "Warner", "suffix": ""}, {"first": "S", "middle": ["L"], "last": "Johnston", "suffix": ""}, {"first": "J", "middle": ["O"], "last": "Warner", "suffix": ""}], "year": 2003, "venue": "Am J Respir Crit Care Med", "volume": "168", "issn": "6", "pages": "633--639", "other_ids": {}}, "BIBREF30": {"ref_id": "b30", "title": "Rhinovirus wheezing illness and genetic risk of childhood-onset asthma", "authors": [{"first": "M", "middle": [], "last": "Caliskan", "suffix": ""}, {"first": "Y", "middle": ["A"], "last": "Bochkov", "suffix": ""}, {"first": "E", "middle": [], "last": "Kreiner-Moller", "suffix": ""}], "year": 2013, "venue": "N Engl J Med", "volume": "368", "issn": "15", "pages": "1398--1407", "other_ids": {}}, "BIBREF31": {"ref_id": "b31", "title": "Association between respiratory infections in early life and later asthma is independent of virus type", "authors": [{"first": "K", "middle": [], "last": "Bonnelykke", "suffix": ""}, {"first": "N", "middle": ["H"], "last": "Vissing", "suffix": ""}, {"first": "A", "middle": [], "last": "Sevelsted", "suffix": ""}, {"first": "S", "middle": ["L"], "last": "Johnston", "suffix": ""}, {"first": "H", "middle": [], "last": "Bisgaard", "suffix": ""}], "year": 2015, "venue": "J Allergy Clin Immunol", "volume": "136", "issn": "1", "pages": "81--86", "other_ids": {}}, "BIBREF32": {"ref_id": "b32", "title": "Therapy-induced alterations in host defense in children receiving therapy for cancer", "authors": [{"first": "T", "middle": [], "last": "Lehrnbecher", "suffix": ""}, {"first": "C", "middle": [], "last": "Foster", "suffix": ""}, {"first": "N", "middle": [], "last": "V\u00e1zquez", "suffix": ""}, {"first": "C", "middle": ["L"], "last": "Mackall", "suffix": ""}, {"first": "S", "middle": ["J"], "last": "Chanock", "suffix": ""}], "year": 1997, "venue": "J Pediatr Hematol Oncol", "volume": "19", "issn": "5", "pages": "399--417", "other_ids": {}}, "BIBREF33": {"ref_id": "b33", "title": "Inhibition of the primary immune response in man by anti-metabolites", "authors": [{"first": "E", "middle": ["M"], "last": "Hersh", "suffix": ""}, {"first": "P", "middle": ["P"], "last": "Carbone", "suffix": ""}, {"first": "V", "middle": ["G"], "last": "Wong", "suffix": ""}, {"first": "E", "middle": ["J"], "last": "Freireich", "suffix": ""}], "year": 1965, "venue": "Cancer Res", "volume": "25", "issn": "7", "pages": "997--1001", "other_ids": {}}, "BIBREF34": {"ref_id": "b34", "title": "Forced oscillation technique and impulse oscillometry", "authors": [{"first": "H", "middle": [], "last": "Smith", "suffix": ""}, {"first": "P", "middle": [], "last": "Reinhold", "suffix": ""}, {"first": "M", "middle": [], "last": "Goldman", "suffix": ""}], "year": 2005, "venue": "Eur Resp Monograph", "volume": "31", "issn": "", "pages": "", "other_ids": {}}, "BIBREF35": {"ref_id": "b35", "title": "Lung function and exercise capacity in survivors of childhood leukaemia", "authors": [{"first": "M", "middle": ["E"], "last": "Jenney", "suffix": ""}, {"first": "E", "middle": ["B"], "last": "Faragher", "suffix": ""}, {"first": "Phm", "middle": [], "last": "Jones", "suffix": ""}, {"first": "A", "middle": [], "last": "Woodcock", "suffix": ""}], "year": 1995, "venue": "Med Pediatr Oncol", "volume": "24", "issn": "4", "pages": "222--230", "other_ids": {}}, "BIBREF36": {"ref_id": "b36", "title": "Pulmonary function after treatment for acute lymphoblastic leukaemia in childhood", "authors": [{"first": "K", "middle": [], "last": "Nysom", "suffix": ""}, {"first": "K", "middle": [], "last": "Holm", "suffix": ""}, {"first": "J", "middle": [], "last": "Olsen", "suffix": ""}, {"first": "H", "middle": [], "last": "Hertz", "suffix": ""}, {"first": "B", "middle": [], "last": "Hesse", "suffix": ""}], "year": 1998, "venue": "Br J Cancer", "volume": "78", "issn": "1", "pages": "21--27", "other_ids": {}}, "BIBREF37": {"ref_id": "b37", "title": "Lung function in survivors of childhood acute lymphoblastic leukemia", "authors": [{"first": "P", "middle": [], "last": "Fulgoni", "suffix": ""}, {"first": "M", "middle": ["C"], "last": "Zoia", "suffix": ""}, {"first": "A", "middle": [], "last": "Corsico", "suffix": ""}], "year": 1999, "venue": "Chest J", "volume": "116", "issn": "5", "pages": "1163--1167", "other_ids": {}}, "BIBREF38": {"ref_id": "b38", "title": "Pulmonary function abnormalities in long-term survivors of childhood cancer", "authors": [{"first": "R", "middle": ["W"], "last": "Miller", "suffix": ""}, {"first": "J", "middle": ["E"], "last": "Fusner", "suffix": ""}, {"first": "R", "middle": ["J"], "last": "Fink", "suffix": ""}], "year": 1986, "venue": "Med Pediatr Oncol", "volume": "14", "issn": "4", "pages": "202--207", "other_ids": {}}, "BIBREF39": {"ref_id": "b39", "title": "Pulmonary function in childhood leukaemia survivors", "authors": [{"first": "N", "middle": [], "last": "Shaw", "suffix": ""}, {"first": "P", "middle": [], "last": "Tweeddale", "suffix": ""}, {"first": "O", "middle": [], "last": "Eden", "suffix": ""}], "year": 1989, "venue": "Med Pediatr Oncol", "volume": "17", "issn": "2", "pages": "149--154", "other_ids": {}}, "BIBREF40": {"ref_id": "b40", "title": "Ezz-Elarab S. Pulmonary complications in survivors of childhood hematological malignancies: single-center experience", "authors": [{"first": "Aag", "middle": [], "last": "Tantawy", "suffix": ""}, {"first": "N", "middle": [], "last": "Elbarbary", "suffix": ""}, {"first": "A", "middle": [], "last": "Ahmed", "suffix": ""}, {"first": "N", "middle": ["A"], "last": "Mohamed", "suffix": ""}], "year": 2011, "venue": "Pediatr Hematol Oncol", "volume": "28", "issn": "5", "pages": "403--417", "other_ids": {}}, "BIBREF42": {"ref_id": "b42", "title": "Long-term morbidity of respiratory viral infections during chemotherapy in children with leukaemia", "authors": [], "year": 2019, "venue": "Pediatric Pulmonology", "volume": "54", "issn": "", "pages": "1821--1829", "other_ids": {"DOI": ["10.1002/ppul.24456"]}}}, "ref_entries": {"FIGREF0": {"text": ", child, neoplasms, respiratory function tests, respiratory traction infections 1 | INTRODUCTION Pulmonary dysfunction is one of the most prevalent causes of morbidity and premature mortality in pediatric cancer survivors. 1,2 Long-term", "latex": null, "type": "figure"}, "FIGREF1": {"text": "Respiratory symptoms were assessed by the International Study ofAsthma and Allergies in Childhood (ISAAC) questionnaire 24 and the Liverpool Respiratory Symptom Questionnaire (LRSQ).25", "latex": null, "type": "figure"}, "FIGREF2": {"text": "2-18.1) years when evaluated within this study, originally diagnosed with ALL at 4.5 (1.1-13.5) years of age, and evaluated at 4.9 (0.5-13) years posttherapy. All patients were treated on 2-year regimens with Berlin-Franklin-Munster based protocols: BFM-95 (before 2002), 28 AN-ANZCHOG Study 8 (2002-2011), 29 or AEIOP-BFM ALL 2009 study (after 2011). Chemotherapy regimen included methotrexate, cyclophosphamide, and anthracycline.", "latex": null, "type": "figure"}, "FIGREF3": {"text": "3%) had six, and 1 (3%) had seven. Of the total 81 RVI episodes documented, 65 (80%) involved hospital admission and 16 (20%) were detected in the outpatient setting. All \"viral\" patients had been admitted for at least one RVI, with a mean hospital stay of 4.3 days per episode. The most commonly detected virus was HRV (27 of 81), followed by RSV (25 of 81), PIV 3 (9 of 81) and influenza A . Twenty-one (68%) children had ever isolated RSV, 16 (32%) ever isolated HRV, and 6 (11%) ever isolated hMPV. Fourteen (45%) children had coinfections with greater than 2 viruses. The mean time between the last viral episode and lung function testing was 6.1 (range, 1.9-14) years.", "latex": null, "type": "figure"}, "FIGREF4": {"text": "P = .51), with increased scores across every symptom and quality of life domain except \"symptoms during colds\" which were equivalent to the control group (Figure 2). Statistical significance was only reached in the \"other symptoms\" domain, which assessed \"noisy breathing not from the chest,\" \"noisy breathing from the throat\" and \"fast breathing\". ISAAC questionnaire results demonstrated that the prevalence of atopic disease was similar between the viral and control groups: asthma 4 of 31 vs 2 of 23 (P = 1.00); allergic rhinitis 4 of 31 vs 2 of 23 (P = 1.00); eczema 6 of 31 vs 2 of 23 (P = .44).", "latex": null, "type": "figure"}, "FIGREF5": {"text": "investigation into the long-term sequelae of respiratory viruses requires prospective, longitudinal studies from diagnosis to post-therapy with the standardized use of active PCR-based viral surveillance. More comprehensive lung function testing, such as with cardiopulmonary exercise testing and multiple breath washout, may help further characterize and underlying clinical and subclinical lung function deficits. Understanding the prevalence, etiology, and trajectory of pulmonary dysfunction into adulthood will be important to inform future LTFU guidelines and survivor care.", "latex": null, "type": "figure"}, "TABREF0": {"text": "documented RVIs during chemotherapy respectively. For the purposes of this study, a RVI was defined by (a) microbiologically detected respiratory virus on nasopharyngeal aspirate, sputum, or bronchoalveolar-lavage specimens, associated with (b) clinical acute respiratory illness, defined as any new-onset cough, rhinorrhoea, sore throat, dyspnoea, tachypnoea or abnormal lung examination. Allretrospectively documented RVIs satisfying these criteria, in both the inpatient and outpatient setting, were included. Before June 2011, viral cultures and immunofluorescence were used for the detection of viruses: RSV; HRV (culture only); adenovirus; parainfluenza virus 1, 2, and 3; influenza A and B. Testing for human metapneumovirus (hMPV) became available in September 2008. From June 2011, PCR (MagNa Pure, Roche) was used to test for all aforementioned viruses (See Gene respiratory pathogen panels). From June 2012, PCR testing also included parainfluenza virus 4, bocavirus, and coronaviruses 229E/NL63 and OC43.", "latex": null, "type": "table"}, "TABREF1": {"text": ",18 A minimum of three technically satisfactory 60 seconds recordings were obtained, as defined by: stable tidal breathing pattern; no signs of cough, leak, AX) were reported as the mean value of all satisfactory tests. Z-scores for R5, X5, R5-19 and percent predicted values for Fres were calculated using published reference equations,19 whilst AX was presented as its raw value, as normative data are poorly established within this age range.mography, and single-breath DLCO was then performed (VIASYS Vmax system; Sensormedics, Yorba Linda, CA) as per ATS/ERS standards. 20,21 Forced expiratory volume in 1 second (FEV 1 ), forced vital capacity (FVC), FEV 1 /FVC ratio, and forced expiratory flow 25% to 75% (FEF 25-75 ) were expressed as z-scores using Global Lung Initiative reference equations. 22 A positive bronchodilator response was defined by greater than 12% and greater than 200 mL in FEV 1 and/or FVC. Total lung capacity (TLC), residual volume (RV), and DLCO were evaluated as percent predicted values as per published normative data. 23 Due to limitations in blood sampling, DLCO values were uncorrected for hemoglobin. All children with abnormal DLCO values had hemoglobin results within normal limits when tested within the prior 3 months.In accordance with our laboratory protocol, pulmonary function results were considered abnormal if: FEV 1 , FVC, FEV 1 /FVC, FEF 25-75 , R5, X5, R5-19 were beyond 1.64 standard deviations from the reference mean; TLC < 80% predicted, RV > 120% predicted, RV/TLC ratio > 30%; or DLCO < 80% predicted.", "latex": null, "type": "table"}, "TABREF2": {"text": "a difference of 0.99 cm H 2 O/L/s was considered clinically meaningful. Assuming a standard deviation of 1.25, 26 subjects per group (52 total) were required for a power of 80% at 5% statistical significance. During the testing period, recruitment between the two groups was unequal. Power calculations demonstrated that for a patient ratio of 1.3:1, 30 viral patients and 23 controls were needed.", "latex": null, "type": "table"}, "TABREF3": {"text": "method. Previous RVI was retained in the model as the variable of interest. Covariates including sex, prematurity, maternal smoking, site, age at diagnosis, years posttherapy, ALL type, ALL risk, and ALL protocol were tested by Pearson's correlation, t test, or Fishe's exact tests and then added in order of univariate significance. Variables T A B L E 1 Liverpool respiratory symptom questionnaire domains", "latex": null, "type": "table"}, "TABREF4": {"text": ". No significant differences in any lung function parameter were observed between the viral and control groups.", "latex": null, "type": "table"}, "TABREF5": {"text": ". No differences reached statistical significance. The Note: No statistically significant differences were found between the viral and control groups for any parameter. Data are presented as mean \u00b1 SD or median (range), unless otherwise stated.", "latex": null, "type": "table"}, "TABREF6": {"text": "function, impulse oscillometry, and CT scans.41 Although diffusion capacity was not assessed, subclinical abnormalities were detected in 52% of the 25 ALL survivors. In contrast to our study, Tantawy et al41 reported elevated R5 in 25% of their cohort which may be due to their heterogeneous patient cohort and a different chemotherapy regimen.There is a paucity of literature describing the long-term lung function in contemporary cancer survivors treated without established pulmonary-toxic therapies. Although it was not the primary aim of this study, our finding of abnormality in nearly a third of ALL survivors suggests research is warranted to investigate unrecognized aetiologies and to inform the need for respiratory surveillance and future LTFU guidelines.", "latex": null, "type": "table"}, "TABREF7": {"text": "TABLE 1 Liverpool respiratory symptom questionnaire domains", "latex": null, "type": "table", "html": "<html><body><table><tr><td>Domain </td><td>Items assessed\n</td></tr><tr><td>1. Daytime symptoms\n</td><td>\u00a0</td></tr><tr><td>2. Night\u2010time symptoms </td><td>Wheeze\n</td></tr><tr><td>3. Symptoms with colds </td><td>Cough\n</td></tr><tr><td>4. Interval symptoms (without colds)\n</td><td>Rattly chest\n</td></tr><tr><td>5. Activity or exercise\u2010\nrelated symptoms\n</td><td>Shortness of breath\n</td></tr><tr><td>6. Other symptoms </td><td>Noisy breathing not from the chest, noisy breathing from the throat, fast breathing\n</td></tr><tr><td>7. Effects on child </td><td>Eating, activity, sleep, fatigue\n</td></tr><tr><td>8. Effects on family </td><td>Family activities, life adjustment, sleep, worry\n</td></tr></table></body></html>"}, "TABREF8": {"text": "TABLE 2 Patient characteristics in viral and control groups", "latex": null, "type": "table", "html": "<html><body><table><tr><td>\u00a0</td><td>Viral (n = 31) </td><td>Control (n = 23) All (N = 54)\n</td></tr><tr><td>Male, n (%) </td><td>17 (55%) </td><td>17 (74%) </td><td>34 (63%)\n</td></tr><tr><td>Age, y </td><td>11.2 (7.2\u201018.1) </td><td>12.7 (7.5\u201018.1) </td><td>11.2 (7.2\u201018.1)\n</td></tr><tr><td>Height, cm </td><td>145.3 \u00b1 17.2 </td><td>154.6 \u00b1 18.0 </td><td>149.3 \u00b1 18.0\n</td></tr><tr><td>Weight, kg </td><td>45.9 \u00b1 16.2 </td><td>50.6 \u00b1 16.4 </td><td>47.9 \u00b1 16.3\n</td></tr><tr><td>Premature,a n (%) </td><td>2 (6%) </td><td>4 (13%) </td><td>6 (11%)\n</td></tr><tr><td>Years posttherapy 5.2 (0.5\u201013) </td><td>4.3 (1.3\u201010.5) </td><td>4.9 (0.5\u201013)\n</td></tr><tr><td>ALL type, n (%)\n</td><td>Age at diagnosis, y 3.3 (1.1\u201011.4) </td><td>4.6 (1.9\u201013.5) </td><td>4.4 (1.1\u201013.5)\n</td></tr><tr><td>\u00a0</td><td>\u00a0</td><td>\u00a0</td></tr><tr><td>Pre\u2010B cell </td><td>31 (100%) </td><td>19 (83%) </td><td>50 (93%)\n</td></tr><tr><td>T\u2010cell </td><td>0 (0%) </td><td>4 (17%) </td><td>4 (7%)\n</td></tr><tr><td>ALL risk, n (%)\n</td><td>\u00a0</td><td>\u00a0</td><td>\u00a0</td></tr><tr><td>High </td><td>2 (6%) </td><td>1 (4%) </td><td>3 (6%)\n</td></tr><tr><td>Medium </td><td>14 (45%) </td><td>11 (48%) </td><td>25 (46%)\n</td></tr><tr><td>Standard </td><td>15 (48%) </td><td>11 (48%) </td><td>26 (48%)\n</td></tr><tr><td>ALL protocol, n (%)\n</td><td>\u00a0</td><td>\u00a0</td></tr><tr><td>Study 9 </td><td>5 (16%) </td><td>5 (22%) </td><td>10 (19%)\n</td></tr><tr><td>Study 8 </td><td>23 (74%) </td><td>18 (78%) </td><td>41 (76%)\n</td></tr><tr><td>BFM95 </td><td>3 (10%) </td><td>0 (0%) </td><td>3 (5%)\n</td></tr><tr><td>Duration of treatment\n</td><td>2 </td><td>2 </td><td>2\n</td></tr></table></body></html>"}, "TABREF9": {"text": "Table S2.\nTABLE 3 Lung function results in viral and control groups", "latex": null, "type": "table", "html": "<html><body><table><tr><td>\u00a0</td><td>Viral (n = 31) </td><td>Controls (n = 23) </td><td>P value\n</td></tr><tr><td>FOT, n </td><td>27 </td><td>21\n</td><td>\u00a0</td></tr><tr><td>R5, cmH2O/L/s </td><td>4.99 (1.60) </td><td>4.80 (1.92) </td><td>0.72\n</td></tr><tr><td>z\u2010score </td><td>\u22120.27 (0.41) </td><td>0.01 (0.48) </td><td>0.27a\n</td></tr><tr><td>X5, cmH2O/L/s </td><td>\u22122.02 (0.81) </td><td>\u22121.78 (0.94) </td><td>0.33\n</td></tr><tr><td>z\u2010score </td><td>\u22120.25 (0.95) </td><td>\u22120.45 (1.31) </td><td>0.37b\n</td></tr><tr><td>R5\u201019, cmH2O/L/s </td><td>0.86 (0.80) </td><td>0.79 (1.13) </td><td>0.80\n</td></tr><tr><td>z\u2010score </td><td>0.08 (0.20) </td><td>0.10 (0.31) </td><td>0.77\n</td></tr><tr><td>Fres, Hz </td><td>19.2 (5.4) </td><td>16.6 (5.3) </td><td>0.11\n</td></tr><tr><td>% Predicted </td><td>128.5 (29.9) </td><td>121.7 (29.0) </td><td>0.43\n</td></tr><tr><td>AX, cmH2O/L </td><td>15.9 (12.1) </td><td>12.3 (11.0) </td><td>0.29\n</td></tr><tr><td>Spirometry, n </td><td>29 </td><td>22\n</td><td>\u00a0</td></tr><tr><td>FEV1% predicted </td><td>105.0 (12.2) </td><td>102.3 (10.4) </td><td>0.41\n</td></tr><tr><td>z\u2010score </td><td>0.43 (1.05) </td><td>0.20 (0.89) </td><td>0.41\n</td></tr><tr><td>FVC % predicted </td><td>106.7 (12.6) </td><td>104.8 (12.8) </td><td>0.61\n</td></tr><tr><td>z\u2010score </td><td>0.54 (1.05) </td><td>0.41 (1.08) </td><td>0.65c\n</td></tr><tr><td>FEV1/FVC ratio, % </td><td>86.3 (5.1) </td><td>84.8 (6.6) </td><td>0.39\n</td></tr><tr><td>z\u2010score </td><td>\u22120.23 (0.70) </td><td>\u22120.30 (1.07) </td><td>0.81d\n</td></tr><tr><td>FEF25\u201075 z\u2010score </td><td>0.09 (1.02) </td><td>\u22120.26 (0.97) </td><td>0.23\n</td></tr><tr><td>Body plethysmography,\n</td><td>27 </td><td>21\n</td><td>\u00a0</td></tr><tr><td>n\n</td><td>\u00a0</td><td>\u00a0</td><td>\u00a0</td></tr><tr><td>TLC % predicted </td><td>101.6 (13.1) </td><td>102.6 (14.8) </td><td>0.76e\n</td></tr><tr><td>RV % predicted </td><td>85.1 (34.5) </td><td>83.8 (25.6) </td><td>0.89\n</td></tr><tr><td>RV/TLC ratio, % </td><td>18.2 (5.3) </td><td>17.1 (4.2) </td><td>0.45\n</td></tr><tr><td>DLCO, n </td><td>27 </td><td>23\n</td><td>\u00a0</td></tr><tr><td>% Predicted </td><td>91.0 (12.9) </td><td>85.3 (16.1) </td><td>0.99f\n</td></tr></table></body></html>"}, "TABREF10": {"text": "TABLE 4 Respiratory symptoms in viral and control groups", "latex": null, "type": "table", "html": "<html><body><table><tr><td>\u00a0</td><td>Viral (n = 31)\n</td><td>Control\n(n = 23) </td><td>OR (95% CI) </td><td>P value\n</td></tr><tr><td>Wheeze, current </td><td>45% </td><td>22% </td><td>3.0 (0.9, 10.0)a </td><td>.09\n</td></tr><tr><td>Day time, frequent\n</td><td>\u00a0</td><td>\u00a0</td><td>\u00a0</td><td>\u00a0</td></tr><tr><td>Cough </td><td>39% </td><td>30% </td><td>1.4 (0.5, 4.5)a </td><td>.57\n</td></tr><tr><td>Dyspnea </td><td>13% </td><td>13% </td><td>1.0 (0.2, 4.9)a </td><td>1.00\n</td></tr><tr><td>Night time, frequent\n</td><td>\u00a0</td><td>\u00a0</td><td>\u00a0</td><td>\u00a0</td></tr><tr><td>Cough </td><td>45% </td><td>26% </td><td>2.7 (0.8, 9.5)b </td><td>.11\n</td></tr><tr><td>Dyspnea </td><td>10% </td><td>9% </td><td>1.1 (0.2, 7.3)a </td><td>1.00\n</td></tr><tr><td>Exercise\u2010induced, frequent\n</td><td>\u00a0</td><td>\u00a0</td><td>\u00a0</td><td>\u00a0</td></tr><tr><td>Wheeze </td><td>13% </td><td>9% </td><td>1.6 (0.3, 9.3)a </td><td>1.00\n</td></tr><tr><td>Cough </td><td>32% </td><td>22% </td><td>1.7 (0.5, 6.0)a </td><td>.54\n</td></tr><tr><td>Dyspnea </td><td>23% </td><td>13% </td><td>1.9 (0.4, 8.5)a </td><td>.49\n</td></tr></table></body></html>"}}, "back_matter": [{"text": "The authors declare that there are no conflict of interests.", "cite_spans": [], "ref_spans": [], "section": "CONFLICT OF INTERESTS"}, {"text": "http://orcid.org/0000-0002-2299-9770", "cite_spans": [], "ref_spans": [], "section": "Beryl Lin"}]}