{
    "paper_id": "0054d4062f7c991abc8d9bcc85ecd864501623c8",
    "metadata": {
        "title": "Journal Pre-proof Clozapine Toxicity in the Setting of COVID-19 Clozapine Toxicity in the Setting of COVID-19 Psychosomatics Letter to the Editor",
        "authors": [
            {
                "first": "Samuel",
                "middle": [],
                "last": "Dotson",
                "suffix": "",
                "affiliation": {
                    "laboratory": "",
                    "institution": "Massachusetts General Hospital",
                    "location": {
                        "postCode": "02114",
                        "settlement": "Boston",
                        "region": "MA"
                    }
                },
                "email": ""
            },
            {
                "first": "Nathan",
                "middle": [],
                "last": "Hartvigsen",
                "suffix": "",
                "affiliation": {
                    "laboratory": "",
                    "institution": "Massachusetts General Hospital",
                    "location": {
                        "postCode": "02114",
                        "settlement": "Boston",
                        "region": "MA"
                    }
                },
                "email": "nhartvigsen@mgh.harvard.edu"
            },
            {
                "first": "Tara",
                "middle": [],
                "last": "Wesner",
                "suffix": "",
                "affiliation": {},
                "email": "tarawesner7@gmail.com@privateemail"
            },
            {
                "first": "Dnp",
                "middle": [],
                "last": "Pmhnp-Bc",
                "suffix": "",
                "affiliation": {},
                "email": ""
            },
            {
                "first": "Timothy",
                "middle": [
                    "J"
                ],
                "last": "Carbary",
                "suffix": "",
                "affiliation": {},
                "email": ""
            },
            {
                "first": "Gregory",
                "middle": [],
                "last": "Fricchione",
                "suffix": "",
                "affiliation": {
                    "laboratory": "",
                    "institution": "Massachusetts General Hospital",
                    "location": {
                        "postCode": "02114",
                        "settlement": "Boston",
                        "region": "MA"
                    }
                },
                "email": ""
            },
            {
                "first": "Oliver",
                "middle": [],
                "last": "Freudenreich",
                "suffix": "",
                "affiliation": {
                    "laboratory": "",
                    "institution": "Massachusetts General Hospital",
                    "location": {
                        "postCode": "02114",
                        "settlement": "Boston",
                        "region": "MA"
                    }
                },
                "email": ""
            },
            {
                "first": "Sjdotson@partners",
                "middle": [],
                "last": "",
                "suffix": "",
                "affiliation": {},
                "email": ""
            },
            {
                "first": "Timothy",
                "middle": [],
                "last": "Carbary@va",
                "suffix": "",
                "affiliation": {},
                "email": ""
            },
            {
                "first": "Gfricchionemgh",
                "middle": [
                    "Harvard"
                ],
                "last": "",
                "suffix": "",
                "affiliation": {},
                "email": ""
            },
            {
                "first": "Freudenreich",
                "middle": [
                    "Harvard"
                ],
                "last": "Oliver@mgh",
                "suffix": "",
                "affiliation": {},
                "email": ""
            },
            {
                "first": "Sjdotson@partners",
                "middle": [],
                "last": "Org",
                "suffix": "",
                "affiliation": {},
                "email": ""
            },
            {
                "first": "Massachusetts",
                "middle": [],
                "last": "General",
                "suffix": "",
                "affiliation": {},
                "email": ""
            },
            {
                "first": "Hospital",
                "middle": [],
                "last": "Wang",
                "suffix": "",
                "affiliation": {},
                "email": ""
            }
        ]
    },
    "abstract": [],
    "body_text": [
        {
            "text": "The COVID-19 pandemic presents a variety of unique challenges for psychiatric practice including decreased in-person visits, difficulties obtaining lab work, and interruptions in medication supplies. These circumstances are particularly salient for patients with serious mental illnesses who are treated with clozapine. Prescribing this drug requires close monitoring for serious side-effects (agranulocytosis, myocarditis, aspiration pneumonia) and clozapine toxicity (seizures, ileus, delirium) (1). Additionally, discontinuing clozapine upon admission to an ICU introduces the risk of clozapine withdrawal which can result in severe psychosis, catatonia, and medical complications including delirium (2) . Clinicians caring for COVID-19 patients on clozapine may thus encounter clinical syndromes that are in part due to clozapine or require an adjustment of the clozapine dose. Below we report three cases of elevated clozapine levels occurring in patients with COVID-19 who had been previously managed for several years on stable doses.",
            "cite_spans": [
                {
                    "start": 703,
                    "end": 706,
                    "text": "(2)",
                    "ref_id": "BIBREF1"
                }
            ],
            "ref_spans": [],
            "section": "Word Count: Without references 692 With references 769"
        },
        {
            "text": "The first was a 76-year-old man with schizoaffective disorder bipolar type complicated by recurrent catatonia. He had been stabilized for several years on clozapine 300 mg QHS (trough level at this dose was 106 ng/mL) and monthly maintenance ECT. The patient was admitted to the hospital with COVID-19 and catatonia one month after missing his last ECT treatment. A trough clozapine level from admission was 1,360 ng/mL. Notably his hospital course was complicated by neutropenia with a nadir absolute neutrophil count (ANC) of 1,100. Interpretation of this abnormality was complicated by the administration of an experimental COVID-19 medication (tocilizumab) that is associated with neutropenia. His ANC gradually rebounded to the 4,000s, and his catatonia resolved with lorazepam and a reduction of clozapine to 200 mg QHS.",
            "cite_spans": [],
            "ref_spans": [],
            "section": "Word Count: Without references 692 With references 769"
        },
        {
            "text": "The second case was a 63-year-old woman with schizoaffective disorder bipolar type stabilized for nearly a decade on citalopram 20 mg daily, olanzapine 20 mg QHS, and clozapine 50 mg in the morning and 350 mg QHS. She initially presented with nausea and confusion. She was found to have COVID-19, hyponatremia to 111, and an ileus. A clozapine level drawn at admission four hours before her normal nightly dose returned at 1,060 ng/mL. No prior records were available for comparison. ANC at admission was elevated at 14,970. Her clozapine was held for one week without adverse consequences, and the drug was gradually reintroduced when her bowel function returned to normal.",
            "cite_spans": [],
            "ref_spans": [],
            "section": "Word Count: Without references 692 With references 769"
        },
        {
            "text": "The third case involved a 53-year-old woman with schizophrenia who had been maintained for many years on clozapine 250 mg QHS and fluphenazine 5 mg in the morning and 10 mg QHS. Her last clozapine level from when she was taking 200 mg was 458 ng/mL. She initially presented with delirium, fever, and vomiting. At admission she was noted to have COVID-19 and an elevated trough clozapine level of 2,154 ng/mL. ANC was 2,200 at admission and remained stable throughout her stay. Her clozapine dose was decreased to 50 mg QHS with a temporary increase in her home fluphenazine to 10 mg BID. She tolerated a gradual return to her home dose with normalization in her mental status.",
            "cite_spans": [],
            "ref_spans": [],
            "section": "Word Count: Without references 692 With references 769"
        },
        {
            "text": "These three cases (granulocytopenia with catatonia, ileus, and delirium) serve as a reminder to clinicians that clozapine is associated with a wide range of medical complications and toxicities that complicate the management of COVID-19. At the start of the pandemic, an international consensus statement was drafted to provide guidance on how to continue treating patients with this life-saving medication (3) . Recommendation three of these guidelines warns clinicians of possible clozapine toxicity in the setting of severe respiratory illnesses such as COVID-19. Recently it has been recognized that severe systemic inflammation can increase clozapine levels, in part due to cytokine-mediated inhibition of CYP1A2 (4). Therapeutic drug monitoring and consideration of dose reduction is generally recommended under such conditions (3) . Levels in the 200-450 ng/mL range are associated with improved responses, while levels above 1,000 ng/mL are associated with toxicity (5) . Consult psychiatrists should therefore be careful to monitor clozapine levels and signs of toxicity in patients diagnosed with COVID-19, while remaining vigilant for potentially life-threatening side effects necessitating a temporary dose reduction. On the outpatient side, liberalized ANC monitoring requirements do not equate to liberalized clinical monitoring requirements, and outpatient psychiatrists should continue to proactively engage their clozapine patients.",
            "cite_spans": [
                {
                    "start": 407,
                    "end": 410,
                    "text": "(3)",
                    "ref_id": "BIBREF2"
                },
                {
                    "start": 834,
                    "end": 837,
                    "text": "(3)",
                    "ref_id": "BIBREF2"
                },
                {
                    "start": 974,
                    "end": 977,
                    "text": "(5)",
                    "ref_id": "BIBREF4"
                }
            ],
            "ref_spans": [],
            "section": "Word Count: Without references 692 With references 769"
        }
    ],
    "bib_entries": {
        "BIBREF0": {
            "ref_id": "b0",
            "title": "Clozapine: balancing safety with superior antipsychotic efficacy",
            "authors": [
                {
                    "first": "H",
                    "middle": [
                        "Y"
                    ],
                    "last": "Meltzer",
                    "suffix": ""
                }
            ],
            "year": 2012,
            "venue": "Clinical Schizophrenia & Related Psychoses",
            "volume": "6",
            "issn": "3",
            "pages": "134--144",
            "other_ids": {}
        },
        "BIBREF1": {
            "ref_id": "b1",
            "title": "Clozapine withdrawal resulting in delirium with psychosis: a report of three cases",
            "authors": [
                {
                    "first": "J",
                    "middle": [
                        "K"
                    ],
                    "last": "Stanilla",
                    "suffix": ""
                },
                {
                    "first": "De",
                    "middle": [],
                    "last": "Leon",
                    "suffix": ""
                },
                {
                    "first": "J",
                    "middle": [],
                    "last": "Simpson",
                    "suffix": ""
                },
                {
                    "first": "G",
                    "middle": [
                        "M"
                    ],
                    "last": "",
                    "suffix": ""
                }
            ],
            "year": 1997,
            "venue": "The Journal of Clinical Psychiatry",
            "volume": "58",
            "issn": "6",
            "pages": "252--255",
            "other_ids": {}
        },
        "BIBREF2": {
            "ref_id": "b2",
            "title": "Consensus statement on the use of clozapine during the COVID-19 pandemic",
            "authors": [
                {
                    "first": "D",
                    "middle": [],
                    "last": "Siskind",
                    "suffix": ""
                },
                {
                    "first": "W",
                    "middle": [
                        "G"
                    ],
                    "last": "Honer",
                    "suffix": ""
                },
                {
                    "first": "S",
                    "middle": [],
                    "last": "Clark",
                    "suffix": ""
                }
            ],
            "year": 2020,
            "venue": "Journal of Psychiatry & Neuroscience",
            "volume": "45",
            "issn": "4",
            "pages": "200061--200061",
            "other_ids": {}
        },
        "BIBREF3": {
            "ref_id": "b3",
            "title": "Elevated clozapine levels associated with infection: a systematic review",
            "authors": [
                {
                    "first": "S",
                    "middle": [
                        "R"
                    ],
                    "last": "Clark",
                    "suffix": ""
                },
                {
                    "first": "N",
                    "middle": [
                        "S"
                    ],
                    "last": "Warren",
                    "suffix": ""
                },
                {
                    "first": "G",
                    "middle": [],
                    "last": "Kim",
                    "suffix": ""
                }
            ],
            "year": 2018,
            "venue": "Schizophrenia Research",
            "volume": "192",
            "issn": "",
            "pages": "50--56",
            "other_ids": {}
        },
        "BIBREF4": {
            "ref_id": "b4",
            "title": "Clozapine drug levels guide dosing",
            "authors": [
                {
                    "first": "O",
                    "middle": [],
                    "last": "Freudenreich",
                    "suffix": ""
                }
            ],
            "year": 2009,
            "venue": "Current Psychiatry",
            "volume": "8",
            "issn": "3",
            "pages": "78--79",
            "other_ids": {}
        }
    },
    "ref_entries": {},
    "back_matter": []
}