{
    "paper_id": "00558a04ce24f9b717c0f4cee33a54717e1eea4c",
    "metadata": {
        "title": "Clinical Features and Risk Factors for In-Hospital Mortality From COVID-19 Infection at a Tertiary Care Medical Center, at the Onset of the US COVID-19 Pandemic",
        "authors": [
            {
                "first": "Ashish",
                "middle": [],
                "last": "Bhargava",
                "suffix": "",
                "affiliation": {},
                "email": "ashish.bhargava@ascension.org"
            },
            {
                "first": "",
                "middle": [],
                "last": "Fidsa",
                "suffix": "",
                "affiliation": {
                    "laboratory": "",
                    "institution": "Ascension St. John Hospital",
                    "location": {
                        "settlement": "Detroit",
                        "region": "MI",
                        "country": "USA"
                    }
                },
                "email": ""
            },
            {
                "first": "Susanna",
                "middle": [
                    "M"
                ],
                "last": "Szpunar",
                "suffix": "",
                "affiliation": {
                    "laboratory": "",
                    "institution": "Ascension St. John Hospital",
                    "location": {
                        "settlement": "Detroit",
                        "region": "MI",
                        "country": "USA"
                    }
                },
                "email": ""
            },
            {
                "first": "Mamta",
                "middle": [],
                "last": "Sharma",
                "suffix": "",
                "affiliation": {
                    "laboratory": "",
                    "institution": "Ascension St. John Hospital",
                    "location": {
                        "settlement": "Detroit",
                        "region": "MI",
                        "country": "USA"
                    }
                },
                "email": ""
            },
            {
                "first": "Elisa",
                "middle": [
                    "Akagi"
                ],
                "last": "Fukushima",
                "suffix": "",
                "affiliation": {
                    "laboratory": "",
                    "institution": "Ascension St. John Hospital",
                    "location": {
                        "settlement": "Detroit",
                        "region": "MI",
                        "country": "USA"
                    }
                },
                "email": ""
            },
            {
                "first": "Sami",
                "middle": [],
                "last": "Hoshi",
                "suffix": "",
                "affiliation": {
                    "laboratory": "",
                    "institution": "Ascension St. John Hospital",
                    "location": {
                        "settlement": "Detroit",
                        "region": "MI",
                        "country": "USA"
                    }
                },
                "email": ""
            },
            {
                "first": "Miriam",
                "middle": [],
                "last": "Levine",
                "suffix": "",
                "affiliation": {
                    "laboratory": "",
                    "institution": "Ascension St. John Hospital",
                    "location": {
                        "settlement": "Detroit",
                        "region": "MI",
                        "country": "USA"
                    }
                },
                "email": ""
            },
            {
                "first": "Nikhil",
                "middle": [],
                "last": "Gandhi",
                "suffix": "",
                "affiliation": {
                    "laboratory": "",
                    "institution": "Ascension St. John Hospital",
                    "location": {
                        "settlement": "Detroit",
                        "region": "MI",
                        "country": "USA"
                    }
                },
                "email": ""
            },
            {
                "first": "Wei",
                "middle": [],
                "last": "Zhao",
                "suffix": "",
                "affiliation": {
                    "laboratory": "",
                    "institution": "Ascension St. John Hospital",
                    "location": {
                        "settlement": "Detroit",
                        "region": "MI",
                        "country": "USA"
                    }
                },
                "email": ""
            },
            {
                "first": "Somero",
                "middle": [],
                "last": "Michael",
                "suffix": "",
                "affiliation": {
                    "laboratory": "",
                    "institution": "Ascension St. John Hospital",
                    "location": {
                        "settlement": "Detroit",
                        "region": "MI",
                        "country": "USA"
                    }
                },
                "email": ""
            },
            {
                "first": "Farah",
                "middle": [],
                "last": "Tanveer",
                "suffix": "",
                "affiliation": {
                    "laboratory": "",
                    "institution": "Ascension St. John Hospital",
                    "location": {
                        "settlement": "Detroit",
                        "region": "MI",
                        "country": "USA"
                    }
                },
                "email": ""
            },
            {
                "first": "Dima",
                "middle": [],
                "last": "Youssef",
                "suffix": "",
                "affiliation": {
                    "laboratory": "",
                    "institution": "Ascension St. John Hospital",
                    "location": {
                        "settlement": "Detroit",
                        "region": "MI",
                        "country": "USA"
                    }
                },
                "email": ""
            },
            {
                "first": "Meredith",
                "middle": [],
                "last": "Coyle",
                "suffix": "",
                "affiliation": {
                    "laboratory": "",
                    "institution": "Ascension St. John Hospital",
                    "location": {
                        "settlement": "Detroit",
                        "region": "MI",
                        "country": "USA"
                    }
                },
                "email": ""
            },
            {
                "first": "Johnson",
                "middle": [],
                "last": "Leonard",
                "suffix": "",
                "affiliation": {
                    "laboratory": "",
                    "institution": "Ascension St. John Hospital",
                    "location": {
                        "settlement": "Detroit",
                        "region": "MI",
                        "country": "USA"
                    }
                },
                "email": ""
            },
            {
                "first": "Louis",
                "middle": [],
                "last": "Saravolatz",
                "suffix": "",
                "affiliation": {
                    "laboratory": "",
                    "institution": "Ascension St. John Hospital",
                    "location": {
                        "settlement": "Detroit",
                        "region": "MI",
                        "country": "USA"
                    }
                },
                "email": "louis.saravolatz@ascension.org"
            }
        ]
    },
    "abstract": [
        {
            "text": "Background: Mortality from COVID-19 has been associated with older age, black race, and comorbidities including obesity, Understanding the clinical risk factors and laboratory biomarkers associated with severe and fatal COVID-19 will allow early interventions to help mitigate adverse outcomes. Our study identified risk factors for in-hospital mortality among patients with COVID-19 infection at a tertiary care center, in Detroit, Michigan. Methods: We conducted a single-center, retrospective cohort study at a 776-bed tertiary care urban academic medical center. Adult inpatients with confirmed COVID-19 (nasopharyngeal swab testing positive by real-time reverse-transcriptase-polymerase-chain-reaction (RT-PCR) assay) from March 8, 2020, to June 14, 2020, were included. Clinical information including the presence of comorbid conditions (according to the Charlson Weighted Index of Comorbidity (CWIC)), initial vital signs, admission laboratory markers and management data were collected. The primary outcome was in-hospital mortality. Results: Among 565 hospitalized patients, 172 patients died for a case fatality rate of 30.4%. The mean (SD) age of the cohort was 64.4 (16.2) years, and 294 (52.0%) were male. The patients who died were significantly older (mean [SD] age, 70.4 [14.1] years vs 61.7 [16.1] years; P < 0.0001), more likely to have congestive heart failure (35 [20.3%] vs 47 [12.0%]; P \u00bc 0.009), dementia (47 [27.3%] vs 48 [12.2%]; P < 0.0001), hemiplegia (18 [10.5%] vs 18 [4.8%]; P \u00bc 0.01) and a diagnosis of malignancy (16 [9.3%] vs 18 [4.6%]",
            "cite_spans": [],
            "ref_spans": [],
            "section": "Abstract"
        },
        {
            "text": "; P \u00bc 0.03).From multivariable analysis, factors associated with an increased odds of death were age greater than 60 years (OR \u00bc 2.2, P \u00bc 0.003), CWIC score (OR \u00bc 1.1, P \u00bc 0.023), qSOFA (OR \u00bc 1.7, P < 0.0001), WBC counts (OR \u00bc 1.1, P \u00bc 0.002), lymphocytopenia (OR \u00bc 2.0, P \u00bc 0.003), thrombocytopenia (OR \u00bc 1.9, P \u00bc 0.019), albumin (OR \u00bc 0.6, P \u00bc 0.014), and AST levels (OR \u00bc 2.0, P \u00bc 0.004) on admission. Conclusions: This study identified risk factor for in-hospital mortality among patients admitted with COVID-19 in a tertiary care hospital at the onset of U.S. Covid-19 pandemic. After adjusting for age, CWIC score, and laboratory data, qSOFA remained an independent predictor of mortality. Knowing these risk factors may help identify patients who would benefit from close observations and early interventions.",
            "cite_spans": [],
            "ref_spans": [],
            "section": "Abstract"
        }
    ],
    "body_text": [
        {
            "text": "Severe acute respiratory syndrome coronavirus 2 (SARS-CoV-2), is a novel coronavirus that causes coronavirus disease 2019 . 1, 2 It was identified in December 2019 in Wuhan, China and has become pandemic. 3 Worldwide, 78,145,043 confirmed COVID-19 cases with 1,719,973 deaths were reported as of December 23, 2020. 4 In the United States, a total of 18,238,314 cases have been reported with 322,851 deaths. Michigan had the highest observed case-fatality rate (CFR) in the United States in the early phase of U.S. pandemic. 4, 5 Older age, black race and comorbidities including obesity are suggested risk factors for death from COVID-19. Studies from multiple countries revealed association between age >65 years and comorbidities and increased risk of death. [6] [7] [8] Preliminary U.S. data showed that 80% of deaths associated with COVID-19 were among older adults. 9 Persons with diabetes and cardiovascular disease also had higher COVID-19-associated mortality. 10 A study also reported a high death rate among nursing facilities, as expected from older and chronically ill populations. 11 The Centers for Disease Control and Preventions (CDC) aligns underlying causes of health disparities that include social determinants of health, racism and discrimination, economic and educational disadvantages, health care access and quality, and occupation. Miller et al reported significantly higher rates of COVID-19 diagnosis and death in disproportionately black counties which also had a greater incidence of diabetes, heart disease deaths and cerebrovascular deaths. 12 Black/African-Americans comprise only 14% of Michigan's population, they accounted for 40% of deaths due to COVID-19. 13 Obesity is often associated with chronic conditions, such as diabetes, hypertension, cardiac conditions, and cerebrovascular disease.",
            "cite_spans": [
                {
                    "start": 124,
                    "end": 126,
                    "text": "1,",
                    "ref_id": "BIBREF0"
                },
                {
                    "start": 127,
                    "end": 128,
                    "text": "2",
                    "ref_id": "BIBREF1"
                },
                {
                    "start": 205,
                    "end": 206,
                    "text": "3",
                    "ref_id": "BIBREF2"
                },
                {
                    "start": 296,
                    "end": 316,
                    "text": "December 23, 2020. 4",
                    "ref_id": null
                },
                {
                    "start": 527,
                    "end": 528,
                    "text": "5",
                    "ref_id": null
                },
                {
                    "start": 761,
                    "end": 764,
                    "text": "[6]",
                    "ref_id": "BIBREF4"
                },
                {
                    "start": 765,
                    "end": 768,
                    "text": "[7]",
                    "ref_id": "BIBREF5"
                },
                {
                    "start": 769,
                    "end": 772,
                    "text": "[8]",
                    "ref_id": "BIBREF6"
                },
                {
                    "start": 871,
                    "end": 872,
                    "text": "9",
                    "ref_id": "BIBREF7"
                },
                {
                    "start": 969,
                    "end": 971,
                    "text": "10",
                    "ref_id": "BIBREF8"
                },
                {
                    "start": 1094,
                    "end": 1096,
                    "text": "11",
                    "ref_id": "BIBREF9"
                },
                {
                    "start": 1572,
                    "end": 1574,
                    "text": "12",
                    "ref_id": "BIBREF10"
                },
                {
                    "start": 1693,
                    "end": 1695,
                    "text": "13",
                    "ref_id": "BIBREF11"
                }
            ],
            "ref_spans": [],
            "section": ""
        },
        {
            "text": "In a study from an integrated health system patient with a BMI of 18.5 to 24 kg/m 2 in comparison to those with BMIs of 40 to 44 kg/m 2 and greater than 45 kg/m 2 the relative risk of dying was 2.68 (95% CI, 1.43-5.04) and 4.18 (CI, 2.12-8.26), respectively. Increased risk for pro-inflammatory and prothrombotic states as well as poor ventilatory lung mechanics with obesity are poor prognostic factors. 14 Our study identified risk factors at the time of admission for in-hospital mortality among COVID-19 patients in the early phase of this pandemic in a tertiary care hospital located in Detroit, Michigan.",
            "cite_spans": [],
            "ref_spans": [],
            "section": ""
        },
        {
            "text": "We conducted a single-center, retrospective cohort study at a 776-bed tertiary care urban academic medical center. The study was approved by the Ascension St John Hospital Institutional Review Board. Adult patients with confirmed COVID-19 (positive real-time reverse-transcriptase-polymerase-chain-reaction (RT-PCR) assay of a nasopharyngeal swab) from March 8, 2020, to June 14, 2020, were included.",
            "cite_spans": [],
            "ref_spans": [],
            "section": "Study Setting and Design"
        },
        {
            "text": "Data were collected from the electronic medical record for all patients meeting inclusion criteria. Demographics included age, gender, race, and residential 9-digit zip code. Clinical information included the presence of comorbid conditions (according to the Charlson Weighted Index of Comorbidity), home medications, presenting symptoms, initial vital signs, admission laboratory and radiological findings, and outcome variables including the discharge disposition.",
            "cite_spans": [],
            "ref_spans": [],
            "section": "Data Collection"
        },
        {
            "text": "Age was categorized both as quartiles and as !60 vs <60 years. Obesity and morbid obesity were defined according to CDC definitions. 15 Pre-existing renal disease was defined as chronic dialysis, history of renal transplant, uremic syndrome, or a creatinine >3 mg/dL on prior admissions. Malignancy was included if active or treated in the last 5 years. Fever was defined as an oral temperature of 37.8 C or higher. Leukopenia and lymphocytopenia were defined as white blood cell counts of less than 4 \u00c2 10 9 /L and absolute lymphocyte count less than 1.0 \u00c2 10 9 /L, respectively. Thrombocytopenia was defined as a platelet count less than 150 \u00c2 10 9 /L. Elevated ferritin and d dimer were defined as 4 and 6 times the upper limit of normal, respectively. Acute renal injury was defined as an increase in serum creatinine by !0.3 mg/dL (!26.5 mmol/L) within 48 hours or an increase in serum creatinine to !1.5 times baseline, known or presumed to have occurred within the prior 7 days. 16 COVID-19 pneumonia was defined as an acute respiratory disorder meeting at least 3 out of 4 criteria: respiratory signs/symptoms (cough/dyspnea/ tachypnea), fever, oxygen saturation below 94%, and abnormal chest x-ray at the time of hospital admission. Uncomplicated illness, severe pneumonia, acute respiratory distress syndrome (ARDS) and septic shock were defined according to the WHO definitions. 17 The 5-digit ZIP code was also used to collect median income from 2017 United States census data. 18 ",
            "cite_spans": [
                {
                    "start": 133,
                    "end": 135,
                    "text": "15",
                    "ref_id": null
                },
                {
                    "start": 986,
                    "end": 988,
                    "text": "16",
                    "ref_id": "BIBREF14"
                },
                {
                    "start": 1390,
                    "end": 1392,
                    "text": "17",
                    "ref_id": "BIBREF15"
                },
                {
                    "start": 1490,
                    "end": 1492,
                    "text": "18",
                    "ref_id": "BIBREF16"
                }
            ],
            "ref_spans": [],
            "section": "Definitions"
        },
        {
            "text": "Statistical analysis was performed using SPSS v. 27.0 (Armonk, NY). Descriptive statistics were generated to characterize the study group. Continuous variables were described as the mean with standard deviation or median with interquartile range; categorical variables were described as frequency distributions. Univariable analysis was done using Student's t-test, the Mann-Whitney U test and chi-squared analysis. Variables that were found to be significant or near-significant (P < 0.09) predictors of mortality were then entered a multivariable logistic regression model using a forward likelihood ratio algorithm. When 2 variables were measuring the same underlying factor, the variable with the highest univariable measure of association was used in the model. Results from the regression are reported as odds ratios with 95% confidence intervals. All reported P values are 2-sided.",
            "cite_spans": [],
            "ref_spans": [],
            "section": "Statistical Analysis"
        },
        {
            "text": "A total of 565 hospitalized patients with confirmed SARS-CoV-2 infection were included. The mean (Standard Deviation-[SD]) age of the cohort was 64.4 (16.2) years, 294 (52.0%) were male and 436 (77.2%) were black/African-American. The mean body mass index (BMI) of the cohort was 32.0 (9.02) kg/m 2 . At least one comorbidity was present in 538 (95.2%) of patients. The most common co-morbidities were hypertension (418, 74.0%), obesity (300, 53.1%), and diabetes (219, 38.8%). The mean duration of symptoms prior to hospitalization was 5.29 (4.1) days. Fever was noted in 212 (37.5%) patients. An abnormal admission chest x-ray was found in 423 (74.9%) patients, and pneumonia was diagnosed in 302 (53.5%) patients. ICU care was required for 140 ( Patients who died were more likely to have congestive heart failure (20.3% vs 12.0%; P \u00bc 0.009), dementia (27.3% vs 12.2%; P < 0.0001), hemiplegia (10.5% vs 4.8%; P \u00bc 0.01) and a diagnosis of malignancy (9.3% vs 4.6%; P \u00bc 0.03). The mean duration of symptoms prior to the hospitalization was shorter for patients who died compared to those survived (4.8 + 4.1 vs 5.5 + 4.1; P \u00bc 0.05). Among patients who died, 44.2% were confused on presentation compared to 21.1% of those who survived (P < 0.0001). Mean qSOFA score were significantly higher among patients who died compared to those who survived.",
            "cite_spans": [
                {
                    "start": 747,
                    "end": 748,
                    "text": "(",
                    "ref_id": null
                }
            ],
            "ref_spans": [],
            "section": "Results"
        },
        {
            "text": "Patients who died from COVID-19 infection demonstrated an increased inflammatory response, including higher mean white blood cell counts (WBCs) (\u00c2 10 9 Use of azithromycin, hydroxychloroquine and steroids was significantly higher among patients who died than survived. The CFR among patients requiring intubation and patients admitted to ICU was 77.0% and 75.7%, respectively ( Table 2) .",
            "cite_spans": [
                {
                    "start": 150,
                    "end": 151,
                    "text": "9",
                    "ref_id": "BIBREF7"
                }
            ],
            "ref_spans": [
                {
                    "start": 378,
                    "end": 386,
                    "text": "Table 2)",
                    "ref_id": "TABREF4"
                }
            ],
            "section": "Results"
        },
        {
            "text": "From the univariable analysis in Table 1 , we identified each variable that showed and/or reached statistical significance with P < 0.09 between patients who were discharged versus those who died. The CWIC score was used in the model instead of separate comorbidities. For multivariable logistic regression, variables initially entered the model included age !60 yrs., sex, CWIC, median income, hospital admission source, hypertension, qSOFA score, WBC counts on admission, lymphocytopenia on admission, thrombocytopenia on admission, creatinine on admission, and aspartate aminotransferase (AST) on admission, total protein on admission, albumin on admission, and abnormal chest x-ray on admission. After 8 iterations, the model with the lowest -2 log likelihood value included 8 variables that were associated with the odds of death from COVID-19 infection, including patient age (!60 yrs.), higher CWIC score, higher qSOFA score, higher WBC counts on admission, lower albumin on admission, elevated AST, lymphocytopenia, and thrombocytopenia on admission (Table 3 ).",
            "cite_spans": [],
            "ref_spans": [
                {
                    "start": 33,
                    "end": 40,
                    "text": "Table 1",
                    "ref_id": "TABREF2"
                },
                {
                    "start": 1058,
                    "end": 1066,
                    "text": "(Table 3",
                    "ref_id": "TABREF5"
                }
            ],
            "section": "Results"
        },
        {
            "text": "In our study, the CFR was 30.4%, similar to the 30.9% CFR reported from Georgia (U.S.). 19 Our institution noted an early surge of COVID-19 cases like New York, when ventilatory and other therapeutic interventions were evolving. 20 Nearly 40% of studied patients were transitioned to comfort care, and the predominantly older cohort also may explain the high mortality seen in our study. In addition, our population included 30% of patients from nursing facilities who had worse prognosis. Lower mortality rates have been reported in early studies from different countries but recent data from various US cohorts demonstrate a mortality range from 21% to 67%. 6, 7, 9, 10, [19] [20] [21] [22] [23] [24] [25] Risk factors for death in our study generally were consistent with prior data other than obesity and race which were not associated with mortality.",
            "cite_spans": [
                {
                    "start": 88,
                    "end": 90,
                    "text": "19",
                    "ref_id": "BIBREF17"
                },
                {
                    "start": 229,
                    "end": 231,
                    "text": "20",
                    "ref_id": "BIBREF18"
                },
                {
                    "start": 660,
                    "end": 662,
                    "text": "6,",
                    "ref_id": "BIBREF4"
                },
                {
                    "start": 663,
                    "end": 665,
                    "text": "7,",
                    "ref_id": "BIBREF5"
                },
                {
                    "start": 666,
                    "end": 668,
                    "text": "9,",
                    "ref_id": "BIBREF7"
                },
                {
                    "start": 669,
                    "end": 672,
                    "text": "10,",
                    "ref_id": "BIBREF8"
                },
                {
                    "start": 673,
                    "end": 677,
                    "text": "[19]",
                    "ref_id": "BIBREF17"
                },
                {
                    "start": 678,
                    "end": 682,
                    "text": "[20]",
                    "ref_id": "BIBREF18"
                },
                {
                    "start": 683,
                    "end": 687,
                    "text": "[21]",
                    "ref_id": "BIBREF19"
                },
                {
                    "start": 688,
                    "end": 692,
                    "text": "[22]",
                    "ref_id": "BIBREF20"
                },
                {
                    "start": 693,
                    "end": 697,
                    "text": "[23]",
                    "ref_id": "BIBREF21"
                },
                {
                    "start": 698,
                    "end": 702,
                    "text": "[24]",
                    "ref_id": "BIBREF22"
                },
                {
                    "start": 703,
                    "end": 707,
                    "text": "[25]",
                    "ref_id": "BIBREF23"
                }
            ],
            "ref_spans": [],
            "section": "Discussion"
        },
        {
            "text": "Age was also an independent risk factor for death in our study, which confirms prior reports. An early study from China reported higher mortality in older age groups. 6 Another study also found significantly higher mortality in patients !64 years old compared with younger patients (36% vs 15%; P < .001). 26 Early U.S. epidemiologic data suggest that the case fatality is highest in persons aged !85 years (range 10%-27%), followed by 3% to 11% for ages 65 to 84 years. 11 Poorer outcomes in the elderly may result from immunosenescence and immune dysregulation leading to insufficient immunologic or overexuberant inflammatory responses.",
            "cite_spans": [
                {
                    "start": 167,
                    "end": 168,
                    "text": "6",
                    "ref_id": "BIBREF4"
                },
                {
                    "start": 306,
                    "end": 308,
                    "text": "26",
                    "ref_id": "BIBREF24"
                },
                {
                    "start": 471,
                    "end": 473,
                    "text": "11",
                    "ref_id": "BIBREF9"
                }
            ],
            "ref_spans": [],
            "section": "Discussion"
        },
        {
            "text": "Similar to the findings of Eboni.et.al, a higher CWIC score was an independent predictor of mortality in our study. 22 In particular, congestive heart failure, dementia, hemiplegia, malignancy, and severe liver disease were associated with mortality. Chinese studies have also previously reported high mortality in patients with comorbidities (10.5% for cardiovascular disease, 7.3% for diabetes, 6.3% for chronic respiratory disease, 6% for hypertension, and 5.6% for cancer). 6 Another study reported a 28% CFR overall among patients with malignancies, 37% among hematological malignancies, and 25% among solid organ malignancies. 27 The effect of multiple comorbidities (!2) was synergistic, leading to a mortality of 15.4% compared to 5.6% in patients with one comorbidity. 28 In our study, the qSOFA at the time of hospitalization was an independent predictor for in-hospital mortality from COVID-19. The qSOFA score was introduced by Third International Consensus Definitions for Sepsis and Septic Shock (Sepsis-3) task force and its use was associated with a greater prognostic accuracy for in-hospital mortality compared to either systemic inflammatory response syndrome (SIRS) or severe sepsis. 29 We previously showed that bedside qSOFA score at the time of hospitalization can predict in-hospital mortality among adults 65 years with COVID-19 after adjusting for CWIC score and thrombocytopenia. 30 In that study, for patients with qSOFA score of 0, 1, 2 and 3 at the time of hospital admission, the mortality rates were 8.7%, 19.7%, 41.7% and 60%, respectively. 30 An early study from China noted higher SOFA scores on admission were associated with a higher odds of in-hospital death. 20 There is limited information on qSOFA as a predictor of mortality. We found admission qSOFA to be an independent predictor for in-hospital mortality from COVID-19 regardless of age. Elevated respiratory rate, low oxygen saturation and need for oxygenation at the time of hospitalization have been associated with severe diseases and poor outcomes. 31,32 Abbreviations: n, number; OR, odds ratio; CI, confidence interval; BMI, body mass index; SD, standard deviation; AIDS, acquired immunodeficiency syndrome; CWIC, Charlson weighted index of comorbidity; BP, blood pressure; ACEI, angiotensin converting enzyme inhibitor; ARBs, angiotensin II receptor blockers; AST, aspartate aminotransferase; ALT, alanine aminotransferase; LDH, lactate dehydrogenase; CRP, C-reactive protein; qSOFA, quick sepsis related organ failure assessment. Our study showed an inverse relationship between the level of albumin and the risk of death in COVID-19 patients. This result is consistent with a previous study reporting hypoalbuminemia associated with the COVID-19-related complications including death. 33, 34 It had been noted that change in albumin does not parallel the severity of hepatocellular injury in COVID-19, suggesting that there are other mechanisms involved for hypoalbuminemia in severe COVID-19. 35 In a recently published article, the low albumin was considered as a predictor of mortality in COVID-19. A possible additional explanation was that the oxidative stress impairs the antioxidant property of the albumin and elicits cell and tissue damage. 36 A research study conducted in China, assessed the association between markers of liver injury and mortality in COVID-19 patients. 37 It was found that AST elevation upon hospital admission was positively associated with the increase of neutrophil counts and the decrease of lymphocyte counts at baseline. We now know that both neutrophilia and lymphopenia are indicators of disease severity. In our study, AST was associated with increased mortality, similar finding with European study where liver enzyme elevations were associated with mortality and ICU admission among COVID-19 patients. 38 We also found that WBC counts, lymphocytopenia, and thrombocytopenia at the time of hospital admission were independent predictors for in-hospital mortality. In our cohort, lymphocytopenia was more frequent in patients who died versus those who survived (62.5% vs 46.9%). A systematic review and meta-analysis showed that patients who died had lower lymphocyte count (mean difference \u00c0 395.35 mL [\u00c0 165.64, \u00c0 625.07], P < 0.001). 39 Thrombocytopenia has been linked with severe COVID-19 complications including death. 32, 40 Non-survivors have been reported to have higher WBC counts than survivors, which is thought to be compensatory for a drop in other bloodlines. 35 Our study has several limitations. This was a single institution study of admitted patients which makes generalization difficult. Because of the retrospective design, certain laboratory results were sometimes unavailable for some patients, including lactate dehydrogenase, d dimer, and serum ferritin.",
            "cite_spans": [
                {
                    "start": 116,
                    "end": 118,
                    "text": "22",
                    "ref_id": "BIBREF20"
                },
                {
                    "start": 478,
                    "end": 479,
                    "text": "6",
                    "ref_id": "BIBREF4"
                },
                {
                    "start": 633,
                    "end": 635,
                    "text": "27",
                    "ref_id": "BIBREF25"
                },
                {
                    "start": 778,
                    "end": 780,
                    "text": "28",
                    "ref_id": "BIBREF26"
                },
                {
                    "start": 1204,
                    "end": 1206,
                    "text": "29",
                    "ref_id": "BIBREF27"
                },
                {
                    "start": 1407,
                    "end": 1409,
                    "text": "30",
                    "ref_id": "BIBREF28"
                },
                {
                    "start": 1574,
                    "end": 1576,
                    "text": "30",
                    "ref_id": "BIBREF28"
                },
                {
                    "start": 1698,
                    "end": 1700,
                    "text": "20",
                    "ref_id": "BIBREF18"
                },
                {
                    "start": 2790,
                    "end": 2793,
                    "text": "33,",
                    "ref_id": "BIBREF31"
                },
                {
                    "start": 2794,
                    "end": 2796,
                    "text": "34",
                    "ref_id": "BIBREF32"
                },
                {
                    "start": 2999,
                    "end": 3001,
                    "text": "35",
                    "ref_id": "BIBREF34"
                },
                {
                    "start": 3255,
                    "end": 3257,
                    "text": "36",
                    "ref_id": "BIBREF35"
                },
                {
                    "start": 3388,
                    "end": 3390,
                    "text": "37",
                    "ref_id": "BIBREF36"
                },
                {
                    "start": 3849,
                    "end": 3851,
                    "text": "38",
                    "ref_id": "BIBREF37"
                },
                {
                    "start": 4282,
                    "end": 4284,
                    "text": "39",
                    "ref_id": "BIBREF38"
                },
                {
                    "start": 4370,
                    "end": 4373,
                    "text": "32,",
                    "ref_id": "BIBREF30"
                },
                {
                    "start": 4374,
                    "end": 4376,
                    "text": "40",
                    "ref_id": "BIBREF39"
                },
                {
                    "start": 4520,
                    "end": 4522,
                    "text": "35",
                    "ref_id": "BIBREF34"
                }
            ],
            "ref_spans": [],
            "section": "Discussion"
        },
        {
            "text": "Patients with chronic lung disease and conditions associated with immunosuppression were only a small percentage among hospitalized patients. Therefore, the role of some of these variables in predicting mortality from COVID-19 infection could have been underestimated. Finally, a predominantly black and obese cohort may limit the generalizability of some findings (for e.g.: race). Nonetheless, our study involved a population of black patients in Detroit MI, a state that had the highest case-fatality rate in the United States at an early phase of pandemic. These data may provide valuable information on the risk factors for mortality in this population.",
            "cite_spans": [],
            "ref_spans": [],
            "section": "Discussion"
        },
        {
            "text": "Our study showed a mortality of 30.4% among hospitalized patients due to COVID-19 infection. Independent factors associated with in-hospital mortality were age !60 years, CWIC score, qSOFA score at the time of hospitalization, admission WBC, serum albumin, AST, lymphocytopenia, and thrombocytopenia at the time of admission. Recognizing the population at highest risk for severe COVID-19 related outcomes may guide and result in aggressive supportive care and treatment interventions.",
            "cite_spans": [],
            "ref_spans": [],
            "section": "Conclusions"
        },
        {
            "text": "The author(s) declared no potential conflicts of interest with respect to the research, authorship, and/or publication of this article.",
            "cite_spans": [],
            "ref_spans": [],
            "section": "Declaration of Conflicting Interests"
        },
        {
            "text": "The author(s) received no financial support for the research, authorship, and/or publication of this article.",
            "cite_spans": [],
            "ref_spans": [],
            "section": "Funding"
        },
        {
            "text": "Elisa Akagi Fukushima, MD https://orcid.org/0000-0001-7813-1017 ",
            "cite_spans": [],
            "ref_spans": [],
            "section": "ORCID iD"
        }
    ],
    "bib_entries": {
        "BIBREF0": {
            "ref_id": "b0",
            "title": "World Health Organization. Pneumonia of Unknown Cause-China",
            "authors": [],
            "year": 2020,
            "venue": "",
            "volume": "",
            "issn": "",
            "pages": "",
            "other_ids": {}
        },
        "BIBREF1": {
            "ref_id": "b1",
            "title": "Genomic characterization and epidemiology of 2019 novel coronavirus: implications for virus origins and receptor binding",
            "authors": [
                {
                    "first": "R",
                    "middle": [],
                    "last": "Lu",
                    "suffix": ""
                },
                {
                    "first": "X",
                    "middle": [],
                    "last": "Zhao",
                    "suffix": ""
                },
                {
                    "first": "J",
                    "middle": [],
                    "last": "Li",
                    "suffix": ""
                }
            ],
            "year": 2020,
            "venue": "Lancet",
            "volume": "395",
            "issn": "",
            "pages": "565--574",
            "other_ids": {}
        },
        "BIBREF2": {
            "ref_id": "b2",
            "title": "WHO Declares COVID-19 a Pandemic",
            "authors": [
                {
                    "first": "D",
                    "middle": [],
                    "last": "Cucinotta",
                    "suffix": ""
                },
                {
                    "first": "M",
                    "middle": [],
                    "last": "Vanelli",
                    "suffix": ""
                }
            ],
            "year": 2020,
            "venue": "Acta Biomed",
            "volume": "91",
            "issn": "1",
            "pages": "157--160",
            "other_ids": {
                "PMID": [
                    "32191675"
                ],
                "PMCID": [
                    "PMC7569573"
                ]
            }
        },
        "BIBREF4": {
            "ref_id": "b4",
            "title": "Characteristics of and important lessons from the coronavirus disease 2019 (COVID-19) outbreak in China: summary of a report of 72314 cases from the Chinese Center for Disease Control and Prevention",
            "authors": [
                {
                    "first": "Z",
                    "middle": [],
                    "last": "Wu",
                    "suffix": ""
                },
                {
                    "first": "J",
                    "middle": [
                        "M"
                    ],
                    "last": "Mcgoogan",
                    "suffix": ""
                }
            ],
            "year": 2020,
            "venue": "JAMA",
            "volume": "323",
            "issn": "13",
            "pages": "1239--1242",
            "other_ids": {}
        },
        "BIBREF5": {
            "ref_id": "b5",
            "title": "Coronavirus disease 2019 (COVID-19) in Italy",
            "authors": [
                {
                    "first": "E",
                    "middle": [],
                    "last": "Livingston",
                    "suffix": ""
                },
                {
                    "first": "K",
                    "middle": [],
                    "last": "Bucher",
                    "suffix": ""
                }
            ],
            "year": 2020,
            "venue": "JAMA",
            "volume": "323",
            "issn": "14",
            "pages": "",
            "other_ids": {}
        },
        "BIBREF6": {
            "ref_id": "b6",
            "title": "The battle against COVID-19: mortality in Italy",
            "authors": [
                {
                    "first": "R",
                    "middle": [],
                    "last": "Ferrari",
                    "suffix": ""
                },
                {
                    "first": "A",
                    "middle": [
                        "P"
                    ],
                    "last": "Maggioni",
                    "suffix": ""
                },
                {
                    "first": "L",
                    "middle": [],
                    "last": "Tavazzi",
                    "suffix": ""
                },
                {
                    "first": "C",
                    "middle": [],
                    "last": "Rapezzi",
                    "suffix": ""
                }
            ],
            "year": 2020,
            "venue": "Eur Heart J",
            "volume": "41",
            "issn": "22",
            "pages": "2050--2052",
            "other_ids": {}
        },
        "BIBREF7": {
            "ref_id": "b7",
            "title": "Severe outcomes among patients with coronavirus disease 2019 (COVID-19)-United States",
            "authors": [],
            "year": 2020,
            "venue": "MMWR Morb Mortal Wkly Rep",
            "volume": "69",
            "issn": "12",
            "pages": "343--346",
            "other_ids": {}
        },
        "BIBREF8": {
            "ref_id": "b8",
            "title": "Preliminary estimate of excess mortality during the COVID-19 outbreak",
            "authors": [],
            "year": 2019,
            "venue": "MMWR Morb Mortal Wkly Rep",
            "volume": "69",
            "issn": "",
            "pages": "603--605",
            "other_ids": {}
        },
        "BIBREF9": {
            "ref_id": "b9",
            "title": "Epidemiology of Covid-19 in a long-term care facility in King County, Washington",
            "authors": [
                {
                    "first": "T",
                    "middle": [
                        "M"
                    ],
                    "last": "Mcmichael",
                    "suffix": ""
                },
                {
                    "first": "D",
                    "middle": [
                        "W"
                    ],
                    "last": "Currie",
                    "suffix": ""
                },
                {
                    "first": "S",
                    "middle": [],
                    "last": "Clark",
                    "suffix": ""
                }
            ],
            "year": 2020,
            "venue": "N Engl J Med",
            "volume": "382",
            "issn": "21",
            "pages": "2005--2011",
            "other_ids": {}
        },
        "BIBREF10": {
            "ref_id": "b10",
            "title": "Assessing differential impacts of COVID-19 on black communities",
            "authors": [
                {
                    "first": "G",
                    "middle": [
                        "A"
                    ],
                    "last": "Millet",
                    "suffix": ""
                },
                {
                    "first": "A",
                    "middle": [
                        "T"
                    ],
                    "last": "Jones",
                    "suffix": ""
                },
                {
                    "first": "D",
                    "middle": [],
                    "last": "Benkeser",
                    "suffix": ""
                }
            ],
            "year": 2020,
            "venue": "Ann Epidemiol",
            "volume": "47",
            "issn": "",
            "pages": "37--44",
            "other_ids": {
                "DOI": [
                    "doi.org/10.1016/j.annepidem.2020.05.003exter-nalicon"
                ]
            }
        },
        "BIBREF11": {
            "ref_id": "b11",
            "title": "Governor Whitmer Signs Executive Order Creating the Michigan Coronavirus Task Force on Racial Disparities",
            "authors": [],
            "year": 2020,
            "venue": "",
            "volume": "9309",
            "issn": "",
            "pages": "",
            "other_ids": {}
        },
        "BIBREF12": {
            "ref_id": "b12",
            "title": "Obesity and mortality among patients diagnosed with COVID-19: Results from an integrated health care organization",
            "authors": [
                {
                    "first": "S",
                    "middle": [
                        "Y"
                    ],
                    "last": "Tartof",
                    "suffix": ""
                },
                {
                    "first": "L",
                    "middle": [],
                    "last": "Qiann",
                    "suffix": ""
                },
                {
                    "first": "V",
                    "middle": [],
                    "last": "Hong",
                    "suffix": ""
                }
            ],
            "year": 2020,
            "venue": "Ann Intern Med",
            "volume": "173",
            "issn": "10",
            "pages": "773--781",
            "other_ids": {
                "DOI": [
                    "10.7326/M20-3742"
                ]
            }
        },
        "BIBREF14": {
            "ref_id": "b14",
            "title": "KDIGO clinical practice guidelines for acute kidney injury",
            "authors": [
                {
                    "first": "A",
                    "middle": [],
                    "last": "Khwaja",
                    "suffix": ""
                }
            ],
            "year": 2012,
            "venue": "Nephron Clin Pract",
            "volume": "120",
            "issn": "4",
            "pages": "179--184",
            "other_ids": {}
        },
        "BIBREF15": {
            "ref_id": "b15",
            "title": "Clinical management: living guidance",
            "authors": [],
            "year": 2020,
            "venue": "COVID-19",
            "volume": "",
            "issn": "",
            "pages": "",
            "other_ids": {}
        },
        "BIBREF16": {
            "ref_id": "b16",
            "title": "Introduction of an area deprivation index measuring patient socioeconomic status in an integrated health system: implications for population health",
            "authors": [
                {
                    "first": "A",
                    "middle": [
                        "J"
                    ],
                    "last": "Knighton",
                    "suffix": ""
                },
                {
                    "first": "L",
                    "middle": [],
                    "last": "Savitz",
                    "suffix": ""
                },
                {
                    "first": "T",
                    "middle": [],
                    "last": "Belnap",
                    "suffix": ""
                },
                {
                    "first": "B",
                    "middle": [],
                    "last": "Stephenson",
                    "suffix": ""
                },
                {
                    "first": "J",
                    "middle": [],
                    "last": "Vanderslice",
                    "suffix": ""
                }
            ],
            "year": 2016,
            "venue": "EGEMS (Wash DC)",
            "volume": "4",
            "issn": "3",
            "pages": "",
            "other_ids": {}
        },
        "BIBREF17": {
            "ref_id": "b17",
            "title": "ICU and ventilator mortality among critically ill adults with Coronavirus Disease",
            "authors": [
                {
                    "first": "S",
                    "middle": [
                        "C"
                    ],
                    "last": "Auld",
                    "suffix": ""
                },
                {
                    "first": "M",
                    "middle": [],
                    "last": "Caridi-Scheible",
                    "suffix": ""
                },
                {
                    "first": "J",
                    "middle": [
                        "M"
                    ],
                    "last": "Blum",
                    "suffix": ""
                }
            ],
            "year": 2019,
            "venue": "Crit Care Med",
            "volume": "48",
            "issn": "9",
            "pages": "799--804",
            "other_ids": {
                "DOI": [
                    "10.1097/CCM.0000000000004457"
                ]
            }
        },
        "BIBREF18": {
            "ref_id": "b18",
            "title": "Presenting characteristics, comorbidities, and outcomes among 5700 patients hospitalized with COVID-19 in the New York City Area",
            "authors": [
                {
                    "first": "S",
                    "middle": [],
                    "last": "Richardson",
                    "suffix": ""
                },
                {
                    "first": "J",
                    "middle": [
                        "S"
                    ],
                    "last": "Hirsch",
                    "suffix": ""
                },
                {
                    "first": "M",
                    "middle": [],
                    "last": "Narasimhan",
                    "suffix": ""
                }
            ],
            "year": 2020,
            "venue": "JAMA",
            "volume": "323",
            "issn": "20",
            "pages": "2052--2059",
            "other_ids": {}
        },
        "BIBREF19": {
            "ref_id": "b19",
            "title": "Clinical course and risk factors for mortality of adult inpatients with COVID-19 in Wuhan, China: a retrospective cohort study",
            "authors": [
                {
                    "first": "F",
                    "middle": [],
                    "last": "Zhou",
                    "suffix": ""
                },
                {
                    "first": "T",
                    "middle": [],
                    "last": "Yu",
                    "suffix": ""
                },
                {
                    "first": "R",
                    "middle": [],
                    "last": "Du",
                    "suffix": ""
                }
            ],
            "year": 2020,
            "venue": "Lancet",
            "volume": "395",
            "issn": "",
            "pages": "1054--1062",
            "other_ids": {}
        },
        "BIBREF20": {
            "ref_id": "b20",
            "title": "Hospitalization and mortality among black patients and white patients with Covid-19",
            "authors": [
                {
                    "first": "E",
                    "middle": [
                        "G"
                    ],
                    "last": "Price-Haywood",
                    "suffix": ""
                },
                {
                    "first": "J",
                    "middle": [],
                    "last": "Burton",
                    "suffix": ""
                },
                {
                    "first": "D",
                    "middle": [],
                    "last": "Fort",
                    "suffix": ""
                },
                {
                    "first": "L",
                    "middle": [],
                    "last": "Seoane",
                    "suffix": ""
                }
            ],
            "year": 2020,
            "venue": "N Engl J Med",
            "volume": "382",
            "issn": "26",
            "pages": "2534--2543",
            "other_ids": {}
        },
        "BIBREF21": {
            "ref_id": "b21",
            "title": "Risk factors for in-hospital mortality from covid-19 infection among black patients-an urban center experience",
            "authors": [
                {
                    "first": "A",
                    "middle": [],
                    "last": "Bhargava",
                    "suffix": ""
                },
                {
                    "first": "M",
                    "middle": [],
                    "last": "Sharma",
                    "suffix": ""
                },
                {
                    "first": "K",
                    "middle": [],
                    "last": "Riederer",
                    "suffix": ""
                },
                {
                    "first": "E",
                    "middle": [
                        "A"
                    ],
                    "last": "Fukushima",
                    "suffix": ""
                },
                {
                    "first": "S",
                    "middle": [
                        "M"
                    ],
                    "last": "Szpunar",
                    "suffix": ""
                },
                {
                    "first": "L",
                    "middle": [],
                    "last": "Saravolatz",
                    "suffix": ""
                }
            ],
            "year": 2020,
            "venue": "Clin Infect Dis",
            "volume": "",
            "issn": "",
            "pages": "",
            "other_ids": {
                "DOI": [
                    "10.1093/cid/ciaa1468"
                ]
            }
        },
        "BIBREF22": {
            "ref_id": "b22",
            "title": "Covid-19 in critically ill patients in the Seattle region-case series",
            "authors": [
                {
                    "first": "P",
                    "middle": [
                        "K"
                    ],
                    "last": "Bhatraju",
                    "suffix": ""
                },
                {
                    "first": "B",
                    "middle": [
                        "J"
                    ],
                    "last": "Ghassemieh",
                    "suffix": ""
                },
                {
                    "first": "M",
                    "middle": [],
                    "last": "Nichols",
                    "suffix": ""
                }
            ],
            "year": 2020,
            "venue": "N Engl J Med",
            "volume": "382",
            "issn": "21",
            "pages": "2012--2022",
            "other_ids": {}
        },
        "BIBREF23": {
            "ref_id": "b23",
            "title": "Characteristics and outcomes of 21 critically ill patients with COVID-19 in Washington State",
            "authors": [
                {
                    "first": "M",
                    "middle": [],
                    "last": "Arentz",
                    "suffix": ""
                },
                {
                    "first": "E",
                    "middle": [],
                    "last": "Yim",
                    "suffix": ""
                },
                {
                    "first": "L",
                    "middle": [],
                    "last": "Klaff",
                    "suffix": ""
                }
            ],
            "year": 2020,
            "venue": "JAMA",
            "volume": "323",
            "issn": "16",
            "pages": "1612--1614",
            "other_ids": {}
        },
        "BIBREF24": {
            "ref_id": "b24",
            "title": "Baseline characteristics and outcomes of 1591 patients infected with SARS-CoV-2 admitted to ICUs of the Lombardy Region",
            "authors": [
                {
                    "first": "G",
                    "middle": [],
                    "last": "Grasselli",
                    "suffix": ""
                },
                {
                    "first": "A",
                    "middle": [],
                    "last": "Zangrillo",
                    "suffix": ""
                },
                {
                    "first": "A",
                    "middle": [],
                    "last": "Zanella",
                    "suffix": ""
                }
            ],
            "year": 2020,
            "venue": "Italy. JAMA",
            "volume": "323",
            "issn": "16",
            "pages": "1574--1581",
            "other_ids": {}
        },
        "BIBREF25": {
            "ref_id": "b25",
            "title": "Case fatality rate of cancer patients with COVID-19 in a New York hospital system",
            "authors": [
                {
                    "first": "V",
                    "middle": [],
                    "last": "Mehta",
                    "suffix": ""
                },
                {
                    "first": "S",
                    "middle": [],
                    "last": "Goel",
                    "suffix": ""
                },
                {
                    "first": "R",
                    "middle": [],
                    "last": "Kabarriti",
                    "suffix": ""
                }
            ],
            "year": 2020,
            "venue": "Cancer Discov",
            "volume": "10",
            "issn": "7",
            "pages": "935--941",
            "other_ids": {}
        },
        "BIBREF26": {
            "ref_id": "b26",
            "title": "Comorbidity and its impact on 1590 patients with COVID-19 in China: a nationwide analysis",
            "authors": [
                {
                    "first": "W",
                    "middle": [
                        "J"
                    ],
                    "last": "Guan",
                    "suffix": ""
                },
                {
                    "first": "W",
                    "middle": [
                        "H"
                    ],
                    "last": "Liang",
                    "suffix": ""
                },
                {
                    "first": "Y",
                    "middle": [],
                    "last": "Zhao",
                    "suffix": ""
                }
            ],
            "year": 2020,
            "venue": "Eur Respir J",
            "volume": "55",
            "issn": "5",
            "pages": "",
            "other_ids": {}
        },
        "BIBREF27": {
            "ref_id": "b27",
            "title": "Prognostic accuracy of sepsis-3 criteria for in-hospital mortality among patients with suspected infection presenting to the emergency department",
            "authors": [
                {
                    "first": "Y",
                    "middle": [],
                    "last": "Freund",
                    "suffix": ""
                },
                {
                    "first": "N",
                    "middle": [],
                    "last": "Lemachatti",
                    "suffix": ""
                },
                {
                    "first": "E",
                    "middle": [],
                    "last": "Krastinova",
                    "suffix": ""
                }
            ],
            "year": 2017,
            "venue": "JAMA",
            "volume": "317",
            "issn": "3",
            "pages": "301--308",
            "other_ids": {
                "DOI": [
                    "10.1001/jama.2016.20329"
                ]
            }
        },
        "BIBREF28": {
            "ref_id": "b28",
            "title": "Predictors for in-hospital mortality from COVID-19 infection among adults 18-65 Years",
            "authors": [
                {
                    "first": "A",
                    "middle": [],
                    "last": "Bhargava",
                    "suffix": ""
                },
                {
                    "first": "M",
                    "middle": [],
                    "last": "Sharma",
                    "suffix": ""
                },
                {
                    "first": "E",
                    "middle": [],
                    "last": "Akagi",
                    "suffix": ""
                },
                {
                    "first": "S",
                    "middle": [
                        "M"
                    ],
                    "last": "Szpunar",
                    "suffix": ""
                },
                {
                    "first": "L",
                    "middle": [],
                    "last": "Saravolatz",
                    "suffix": ""
                }
            ],
            "year": null,
            "venue": "Infect Control Hosp Epidemiol",
            "volume": "2020",
            "issn": "",
            "pages": "1--13",
            "other_ids": {
                "DOI": [
                    "10.1017/ice.2020.1390"
                ],
                "PMID": [
                    "33323138"
                ]
            }
        },
        "BIBREF29": {
            "ref_id": "b29",
            "title": "Early predictors of in-hospital mortality in patients with COVID-19 in a large American cohort",
            "authors": [
                {
                    "first": "A",
                    "middle": [],
                    "last": "Bahl",
                    "suffix": ""
                },
                {
                    "first": "M",
                    "middle": [
                        "N"
                    ],
                    "last": "Van Baalen",
                    "suffix": ""
                },
                {
                    "first": "L",
                    "middle": [],
                    "last": "Ortiz",
                    "suffix": ""
                }
            ],
            "year": 2020,
            "venue": "Intern Emerg Med",
            "volume": "15",
            "issn": "8",
            "pages": "1485--1499",
            "other_ids": {
                "DOI": [
                    "10.1007/s11739-020-02509-7"
                ]
            }
        },
        "BIBREF30": {
            "ref_id": "b30",
            "title": "Predictors for severe COVID-19 infection",
            "authors": [
                {
                    "first": "A",
                    "middle": [],
                    "last": "Bhargava",
                    "suffix": ""
                },
                {
                    "first": "E",
                    "middle": [
                        "A"
                    ],
                    "last": "Fukushima",
                    "suffix": ""
                },
                {
                    "first": "M",
                    "middle": [],
                    "last": "Levine",
                    "suffix": ""
                }
            ],
            "year": 2020,
            "venue": "Clin Infect Dis",
            "volume": "71",
            "issn": "8",
            "pages": "1962--1968",
            "other_ids": {
                "DOI": [
                    "10.1093/cid/ciaa674"
                ]
            }
        },
        "BIBREF31": {
            "ref_id": "b31",
            "title": "Albumin rather than C-reactive protein may be valuable in predicting and monitoring the severity and course of acute respiratory distress syndrome in critically ill patients with or at risk for the syndrome after new onset fever",
            "authors": [
                {
                    "first": "S",
                    "middle": [
                        "H"
                    ],
                    "last": "Hoeboer",
                    "suffix": ""
                },
                {
                    "first": "H",
                    "middle": [
                        "M"
                    ],
                    "last": "Oudemans-Van Straaten",
                    "suffix": ""
                },
                {
                    "first": "A",
                    "middle": [
                        "B"
                    ],
                    "last": "Groeneveld",
                    "suffix": ""
                }
            ],
            "year": 2015,
            "venue": "BMC Pulm Med",
            "volume": "15",
            "issn": "",
            "pages": "",
            "other_ids": {
                "DOI": [
                    "10.1186/s12890-015-0015-1"
                ],
                "PMID": [
                    "25888398"
                ]
            }
        },
        "BIBREF32": {
            "ref_id": "b32",
            "title": "Hypoalbuminemia predicts the outcome of COVID-19 independent of age and co-morbidity",
            "authors": [
                {
                    "first": "J",
                    "middle": [],
                    "last": "Huang",
                    "suffix": ""
                },
                {
                    "first": "A",
                    "middle": [],
                    "last": "Cheng",
                    "suffix": ""
                },
                {
                    "first": "R",
                    "middle": [],
                    "last": "Kumar",
                    "suffix": ""
                }
            ],
            "year": null,
            "venue": "",
            "volume": "",
            "issn": "",
            "pages": "",
            "other_ids": {}
        },
        "BIBREF34": {
            "ref_id": "b34",
            "title": "Hematologic, biochemical and immune biomarker abnormalities associated with severe illness and mortality in coronavirus disease 2019 (COVID-19): a meta-analysis",
            "authors": [
                {
                    "first": "B",
                    "middle": [
                        "M"
                    ],
                    "last": "Henry",
                    "suffix": ""
                },
                {
                    "first": "Mhs",
                    "middle": [],
                    "last": "De Oliveira",
                    "suffix": ""
                },
                {
                    "first": "S",
                    "middle": [],
                    "last": "Benoit",
                    "suffix": ""
                },
                {
                    "first": "M",
                    "middle": [],
                    "last": "Plebani",
                    "suffix": ""
                },
                {
                    "first": "G",
                    "middle": [],
                    "last": "Lippi",
                    "suffix": ""
                }
            ],
            "year": 2020,
            "venue": "Clin Chem Lab Med",
            "volume": "58",
            "issn": "7",
            "pages": "1021--1028",
            "other_ids": {}
        },
        "BIBREF35": {
            "ref_id": "b35",
            "title": "Is albumin predictor of mortality in COVID-19? Antioxid Redox Signal",
            "authors": [
                {
                    "first": "F",
                    "middle": [],
                    "last": "Violi",
                    "suffix": ""
                },
                {
                    "first": "R",
                    "middle": [],
                    "last": "Cangemi",
                    "suffix": ""
                },
                {
                    "first": "G",
                    "middle": [
                        "F"
                    ],
                    "last": "Romiti",
                    "suffix": ""
                }
            ],
            "year": 2020,
            "venue": "",
            "volume": "",
            "issn": "",
            "pages": "",
            "other_ids": {
                "DOI": [
                    "10.1089/ars.2020.8142"
                ],
                "PMID": [
                    "32524832"
                ]
            }
        },
        "BIBREF36": {
            "ref_id": "b36",
            "title": "Longitudinal association between markers of liver injury and mortality in COVID-19 in China",
            "authors": [
                {
                    "first": "F",
                    "middle": [],
                    "last": "Lei",
                    "suffix": ""
                },
                {
                    "first": "Y",
                    "middle": [
                        "M"
                    ],
                    "last": "Liu",
                    "suffix": ""
                },
                {
                    "first": "F",
                    "middle": [],
                    "last": "Zhou",
                    "suffix": ""
                }
            ],
            "year": 2020,
            "venue": "Hepatology",
            "volume": "72",
            "issn": "2",
            "pages": "",
            "other_ids": {
                "DOI": [
                    "10.1002/hep.31301"
                ],
                "PMID": [
                    "32359177"
                ]
            }
        },
        "BIBREF37": {
            "ref_id": "b37",
            "title": "Higher mortality and intensive care unit admissions in COVID-19 patients with liver enzyme elevations. Microorganisms",
            "authors": [
                {
                    "first": "L",
                    "middle": [],
                    "last": "Taramasso",
                    "suffix": ""
                },
                {
                    "first": "A",
                    "middle": [],
                    "last": "Vena",
                    "suffix": ""
                },
                {
                    "first": "F",
                    "middle": [],
                    "last": "Bovis",
                    "suffix": ""
                }
            ],
            "year": 2020,
            "venue": "",
            "volume": "8",
            "issn": "",
            "pages": "",
            "other_ids": {
                "PMID": [
                    "33339330"
                ]
            }
        },
        "BIBREF38": {
            "ref_id": "b38",
            "title": "Lymphopenia in severe coronavirus disease-2019 (COVID-19): systematic review and meta-analysis",
            "authors": [
                {
                    "first": "I",
                    "middle": [],
                    "last": "Huang",
                    "suffix": ""
                },
                {
                    "first": "R",
                    "middle": [],
                    "last": "Pranata",
                    "suffix": ""
                }
            ],
            "year": 2020,
            "venue": "J Intensive Care",
            "volume": "8",
            "issn": "",
            "pages": "",
            "other_ids": {}
        },
        "BIBREF39": {
            "ref_id": "b39",
            "title": "The association between severe COVID-19 and low platelet count: evidence from 31 observational studies involving 7613 participants",
            "authors": [
                {
                    "first": "S",
                    "middle": [
                        "Q"
                    ],
                    "last": "Jiang",
                    "suffix": ""
                },
                {
                    "first": "Q",
                    "middle": [
                        "F"
                    ],
                    "last": "Huang",
                    "suffix": ""
                },
                {
                    "first": "W",
                    "middle": [
                        "M"
                    ],
                    "last": "Xie",
                    "suffix": ""
                },
                {
                    "first": "C",
                    "middle": [],
                    "last": "Lv",
                    "suffix": ""
                },
                {
                    "first": "X",
                    "middle": [
                        "Q"
                    ],
                    "last": "Quan",
                    "suffix": ""
                }
            ],
            "year": 2020,
            "venue": "Br J Haematol",
            "volume": "190",
            "issn": "1",
            "pages": "29--33",
            "other_ids": {
                "DOI": [
                    "10.1111/bjh.16817"
                ]
            }
        }
    },
    "ref_entries": {
        "TABREF1": {
            "text": "per L [SD] 8.6 [4.3] vs 7.5 [3.8]; P \u00bc 0.005), lower absolute lymphocyte counts (\u00c2 10 9 per L [SD] 1.0 [0.7] vs 1.2 [0.6]; P \u00bc 0.003), and increased C-reactive protein (CRP) levels (mean [SD] 130.0 [92.4] vs 88.1 [73.3]; P < 0.0001) compared with patients who survived. Patients who died had significantly elevated procalcitonin and troponin levels on admission; however, these patients also had acute renal injury on admission which may explain these findings. Patients who died were intubated sooner (Median [IQR] 22.3 [101.3] vs 45.2 [69.5] hours; P \u00bc 0.8) than who survived.",
            "latex": null,
            "type": "table"
        },
        "TABREF2": {
            "text": "Univariable Analysis of Predictors for Death From COVID-19 Infection.",
            "latex": null,
            "type": "table"
        },
        "TABREF3": {
            "text": "",
            "latex": null,
            "type": "table"
        },
        "TABREF4": {
            "text": "Outcome of COVID-19 Infected Patients.",
            "latex": null,
            "type": "table"
        },
        "TABREF5": {
            "text": "Multivariable Analysis of Predictors for Death From COVID-19 Infection.Abbreviations: OR, odds ratio; CI, confidence interval; CWIC, Charlson weighted index of comorbidity; qSOFA, quick sepsis related organ failure assessment; WBC, white blood cells; AST, aspartate aminotransferase.",
            "latex": null,
            "type": "table"
        }
    },
    "back_matter": []
}