{
    "paper_id": "005713b2e716f481ed84989a666e01446b549f5e",
    "metadata": {
        "title": "",
        "authors": [
            {
                "first": "Jeffrey",
                "middle": [
                    "E"
                ],
                "last": "Janis",
                "suffix": "",
                "affiliation": {
                    "laboratory": "",
                    "institution": "Ohio State University Wexner Medical Center",
                    "location": {
                        "settlement": "Columbus",
                        "region": "Ohio"
                    }
                },
                "email": "jeffrey.janis@osumc.edu"
            }
        ]
    },
    "abstract": [],
    "body_text": [
        {
            "text": "I t took amazing foresight in 2012 to understand how the world could change when the seeds for the idea of spinning off a sister journal to PRS were planted. It then took an incredible amount of fortitude (and a ton of collaboration) to launch PRS Global Open, plastic surgery's first open access journal, in 2013. Since then, openaccess publishing has progressed by leaps and bounds (see Fig. 1 ), and the world has become more familiar with all of the advantages of publishing in high-quality, open access journals-and the uncertainty prompted by requests from them. Now, I know we all get a ton of emails out of left field, with requests for us to review, publish, or serve on editorial boards for open access journals-most of which we never knew existed. Because of this, open access has garnered mixed optics at times, largely due to the unscrupulous practices employed by \"predatory journals\" that exploit open access author fees for profit, and publish papers with little to no peer review. 1, 2 It is safe to say, in no uncertain terms, however, that despite the challenges, legitimate open access is here to stay and truly is the future of medical publishing. 3 Although the traditional subscription model paradigm has certain advantages, it is disseminated only to those who have subscriptions-typically through annual dues and organizational membership, or access to institutional libraries that can provide reprints and downloads for free. However, the rest of the world that lacks that membership or access remains unable to benefit from the high-quality, peer-reviewed research generated on a daily basis. This is where open access comes in, providing a truly global reach that is important for several reasons. In plastic surgery, in particular, we tend to work as a multidisciplinary field, oftentimes in collaboration with other specialties. However, those specialists do not have access to our information unless they have a paid subscription or an institutional affiliation. With PRS Global Open, multidisciplinary teams can publish and all disciplines can benefit, thanks to free access. Most importantly, the public also has access to this information; so the readership is truly the world's population-not limited only to physicians and surgeons. This is a very powerful megaphone for one's scientific work, and a force multiplier beyond imagination.",
            "cite_spans": [
                {
                    "start": 998,
                    "end": 1000,
                    "text": "1,",
                    "ref_id": "BIBREF0"
                },
                {
                    "start": 1001,
                    "end": 1002,
                    "text": "2",
                    "ref_id": "BIBREF1"
                },
                {
                    "start": 1169,
                    "end": 1170,
                    "text": "3",
                    "ref_id": "BIBREF2"
                }
            ],
            "ref_spans": [
                {
                    "start": 389,
                    "end": 395,
                    "text": "Fig. 1",
                    "ref_id": null
                }
            ],
            "section": ""
        },
        {
            "text": "Another benefit of open access is that there are faster turnaround times within the publication and production cycle. Historically, it could take up to, or even over, a year between submission and publication in some traditional medical journals. Open access journals can eliminate much of that wait by omitting the print publication times to create, distribute, and ship hard copies. If there is a silver lining or lesson learned from the current COVID-19 pandemic, it is that information moves extremely quickly and there is a premium on high-integrity processes by which scientific publications can undergo the scrutiny of peer review and ultimately get in the hands of the reader. 4,5 Under traditional subscription model averages, most publications would be out-of-date, if not irrelevant, by the time they made it to readers' hands. PRS Global Open averages approximately 35 days from acceptance to publication. No wonder, then, that it has experienced 40% growth in submissions year over year (most of them directly to PRS Global Open) and continually proves itself an invaluable benefit to the specialty. This prime asset helps build the collective knowledge on which we act as clinicians, putting best practices into the hands of our doctors and subsequently impacting delivery of best care to our patients.",
            "cite_spans": [],
            "ref_spans": [],
            "section": ""
        },
        {
            "text": "As I take the reins as the Editor-in-Chief of PRS Global Open, I want to first acknowledge the shoulders on which we all stand, and wholeheartedly thank Rod Rohrich, MD, James Stuzin, MD, the amazing editorial board of PRS Global Open, and every one of the incredibly hard-working editorial staff under the direction of Aaron Weinstein, Senior Managing Editor. Acknowledgement is also due to the past and current leadership of the American Society of Plastic Surgeons, who have all been invaluable leaders for our specialty, and who put their faith in me as the next Editor-in-Chief to build upon the strong foundation established by my predecessors. In short, my pledge and mission is to bring this journal to the next level. We have assembled a truly allstar cast, with 2 officially appointed co-editors, Albert Losken, MD, from Emory University in Atlanta, Ga., and Amanda Gosman, Md., from the University of California San Diego, Calif. We will design a more robust editorial infrastructure to ensure that we provide lightning-fast turnarounds while maintaining the integrity of the peerreview process at all levels. We will prioritize articles that have clinical impact and improve patient safetyespecially those that have video associated with them, as that is increasingly how people learn. It's not just the description of technique, but the demonstration of technique, that will help crystallize and solidify understanding. We will promote increased podcasts through Damian Marucci, MD and others, to help disseminate this information and continue to expand the social footprint of our journal.",
            "cite_spans": [],
            "ref_spans": [],
            "section": ""
        },
        {
            "text": "You will see many changes in the future-whether that is as an author, reviewer, editor, or reader-but it will be clear, positive, and palpable. On behalf of the entire team, we look forward to serving the world as a true ambassador of plastic surgery. We have a bright future ahead of us!",
            "cite_spans": [],
            "ref_spans": [],
            "section": ""
        }
    ],
    "bib_entries": {
        "BIBREF0": {
            "ref_id": "b0",
            "title": "How is open access accused of being predatory? The impact of Beall's lists of predatory journals on academic publishing",
            "authors": [
                {
                    "first": "F",
                    "middle": [],
                    "last": "Krawczyk",
                    "suffix": ""
                },
                {
                    "first": "E",
                    "middle": [],
                    "last": "Kulczycki",
                    "suffix": ""
                }
            ],
            "year": 2020,
            "venue": "J Acad Librarianship",
            "volume": "",
            "issn": "",
            "pages": "",
            "other_ids": {
                "DOI": [
                    "10.1016/j.acalib.2020.102271"
                ]
            }
        },
        "BIBREF1": {
            "ref_id": "b1",
            "title": "Predatory' open access: a longitudinal study of article volumes and market characteristics",
            "authors": [
                {
                    "first": "C",
                    "middle": [],
                    "last": "Shen",
                    "suffix": ""
                },
                {
                    "first": "B",
                    "middle": [
                        "C"
                    ],
                    "last": "Bj\u00f6rk",
                    "suffix": ""
                }
            ],
            "year": 2015,
            "venue": "BMC Med",
            "volume": "13",
            "issn": "",
            "pages": "",
            "other_ids": {
                "DOI": [
                    "10.1186/s12916-015-0469-2"
                ]
            }
        },
        "BIBREF2": {
            "ref_id": "b2",
            "title": "The future of OA: a large-scale analysis projecting Open Access publication and readership",
            "authors": [
                {
                    "first": "H",
                    "middle": [],
                    "last": "Piwowar",
                    "suffix": ""
                },
                {
                    "first": "J",
                    "middle": [],
                    "last": "Priem",
                    "suffix": ""
                },
                {
                    "first": "R",
                    "middle": [],
                    "last": "Orr",
                    "suffix": ""
                }
            ],
            "year": 2021,
            "venue": "",
            "volume": "",
            "issn": "",
            "pages": "",
            "other_ids": {
                "DOI": [
                    "10.1101/795310"
                ]
            }
        },
        "BIBREF3": {
            "ref_id": "b3",
            "title": "COVID-19 could kill the for-profit science publishing model. That would be a good thing",
            "authors": [
                {
                    "first": "M",
                    "middle": [],
                    "last": "Hiltzig",
                    "suffix": ""
                }
            ],
            "year": 2020,
            "venue": "Los Angeles Times",
            "volume": "",
            "issn": "",
            "pages": "",
            "other_ids": {}
        },
        "BIBREF4": {
            "ref_id": "b4",
            "title": "A completely new culture of doing research': coronavirus outbreak changes how scientists communicate",
            "authors": [
                {
                    "first": "K",
                    "middle": [],
                    "last": "Kupferschmidt",
                    "suffix": ""
                }
            ],
            "year": 2020,
            "venue": "Science",
            "volume": "",
            "issn": "",
            "pages": "",
            "other_ids": {}
        },
        "BIBREF5": {
            "ref_id": "b5",
            "title": "Growth trends in the published content of PRS Global Open from 2013 to 2020. in 2020, PRS Global Open published 275% more studies than in its first full year of publication",
            "authors": [],
            "year": 2014,
            "venue": "",
            "volume": "",
            "issn": "",
            "pages": "",
            "other_ids": {}
        }
    },
    "ref_entries": {},
    "back_matter": []
}