{"paper_id": "005ee8f68c1e67e2ca954e9241cd2947c1a42533", "metadata": {"title": "Title: Preliminary Analysis of the Impact of COVID-19 Outbreak on Italian Liver Transplant Programs", "authors": [{"first": "Jean", "middle": [], "last": "De", "suffix": "", "affiliation": {}, "email": ""}, {"first": "Ville", "middle": [], "last": "De Goyet", "suffix": "", "affiliation": {}, "email": ""}, {"first": "Fabrizio", "middle": [], "last": "Di Benedetto", "suffix": "", "affiliation": {}, "email": ""}]}, "abstract": [], "body_text": [{"text": "We hereby certify that all the authors whose names are listed immediately below certify that they have NO affiliations with or involvement in any organization or entity with any financial interest (such as honoraria; educational grants; participation in speakers' bureaus; membership, employment, consultancies, stock ownership, or other equity interest; and expert testimony or patent-licensing arrangements), or non-financial interest (such as personal or professional relationships, affiliations, knowledge or beliefs) in the subject matter or materials discussed in this manuscript.", "cite_spans": [], "ref_spans": [], "section": "Grants and financial support:"}, {"text": "The authors of this manuscript have no competing interest to disclose as described by Liver Transplantation.", "cite_spans": [], "ref_spans": [], "section": "Competing interests:"}, {"text": "Not applicable. Our manuscript does not report on, or involve the use of any animal or human data or tissue, and does not contain data from any individual person, so this section is not applicable to our submission.", "cite_spans": [], "ref_spans": [], "section": "Ethics approval and consent to participate section:"}, {"text": "Not applicable. Our manuscript does not contain data from any individual person, so this section is not applicable to our submission.", "cite_spans": [], "ref_spans": [], "section": "Consent for publication section:"}, {"text": "Data sharing not applicable to this article as no datasets were generated or analyzed during the current study. The results of the survey are summarized in Table 1 .", "cite_spans": [], "ref_spans": [{"start": 156, "end": 163, "text": "Table 1", "ref_id": null}], "section": "Availability of data and material section:"}, {"text": "The analysis is presented dividing all centers into two macro-areas: north-central Italy and southcentral Italy. The reason for this is that the two areas had a different incidence of the infection and However, in the perspective of the exponentially increasing magnitude of the epidemic (Figure 1a ), other problems remain and more time will be required to appropriately manage them. A more detailed analysis will be performed shortly adding data of the second half of March and April, when the peak of the infection is expected.", "cite_spans": [], "ref_spans": [{"start": 288, "end": 298, "text": "(Figure 1a", "ref_id": "FIGREF3"}], "section": "ABSTRACT"}, {"text": "An increasingly complex management of sick patients waiting for an organ and an elevated risk of drop out and mortality on the waiting list are the two major concerns of the Italian Liver Transplant community. With the commitment of intensive care units to primarily provide care to COVID-19 patients, the rate of deceased donations is not expected to improve in the short term.", "cite_spans": [], "ref_spans": [], "section": "ABSTRACT"}, {"text": "In addition, the wrong perception of more stable clinical individuals on the waiting list, such as oncologic patients, may be the reason of some denies reported after a call for a potential transplant.", "cite_spans": [], "ref_spans": [], "section": "ABSTRACT"}, {"text": "This article is protected by copyright. All rights reserved Priorities include solving logistical problems such as defining safe pathways for transplant patients inside the hospitals, and identifying appropriate strategies to deliver informed consent and all information related the potential increased risk of infection to transplant patients.", "cite_spans": [], "ref_spans": [], "section": "Accepted Article"}, {"text": "In conclusion, while we are optimistic on the overall approach of the Italian Liver Transplant community to this violent outbreak, we are aware that additional critical data analysis and work are required to continue ensuring a lifesaving procedure such as Liver Transplant to many sick patients. This article is protected by copyright. All rights reserved Supplementary Table S1. .", "cite_spans": [], "ref_spans": [{"start": 357, "end": 380, "text": "Supplementary Table S1.", "ref_id": null}], "section": "Accepted Article"}, {"text": "This article is protected by copyright. All rights reserved ", "cite_spans": [], "ref_spans": [], "section": "Accepted Article"}], "bib_entries": {"BIBREF0": {"ref_id": "b0", "title": "Covid-19 -Navigating the Uncharted", "authors": [{"first": "A", "middle": ["S"], "last": "Fauci", "suffix": ""}, {"first": "Clifford", "middle": [], "last": "Lane", "suffix": ""}, {"first": "H", "middle": [], "last": "Redfield", "suffix": ""}, {"first": "R", "middle": ["R"], "last": "", "suffix": ""}], "year": 2020, "venue": "N Engl J Med", "volume": "382", "issn": "", "pages": "1268--1269", "other_ids": {}}, "BIBREF1": {"ref_id": "b1", "title": "Coronaviruses and immunosuppressed patients. The facts during the third epidemic", "authors": [{"first": "L", "middle": [], "last": "D&apos;antiga", "suffix": ""}], "year": 2020, "venue": "", "volume": "", "issn": "", "pages": "", "other_ids": {}}, "BIBREF3": {"ref_id": "b3", "title": "Coronavirus Disease 2019 and Transplantation: a view from the inside", "authors": [{"first": "A", "middle": [], "last": "Gori", "suffix": ""}, {"first": "D", "middle": [], "last": "Dondossola", "suffix": ""}, {"first": "B", "middle": [], "last": "Antonelli", "suffix": ""}], "year": 2020, "venue": "", "volume": "", "issn": "", "pages": "", "other_ids": {}}, "BIBREF5": {"ref_id": "b5", "title": "28 Febbraio", "authors": [{"first": "C", "middle": ["N"], "last": "Trapianti", "suffix": ""}], "year": 2020, "venue": "", "volume": "", "issn": "", "pages": "", "other_ids": {}}, "BIBREF6": {"ref_id": "b6", "title": "Critical Care Utilization for the COVID-19 Outbreak in", "authors": [{"first": "G", "middle": [], "last": "Grasselli", "suffix": ""}, {"first": "A", "middle": [], "last": "Pesenti", "suffix": ""}, {"first": "M", "middle": [], "last": "Cecconi", "suffix": ""}], "year": null, "venue": "", "volume": "", "issn": "", "pages": "", "other_ids": {}}, "BIBREF7": {"ref_id": "b7", "title": "Early Experience and Forecast During an Emergency Response", "authors": [{"first": "Italy", "middle": [], "last": "Lombardy", "suffix": ""}], "year": null, "venue": "JAMA", "volume": "13", "issn": "", "pages": "", "other_ids": {"DOI": ["10.1001/jama.2020.4031"]}}}, "ref_entries": {"FIGREF0": {"text": "Transplant Programs in Italy have faced a sequela of management and clinical decisionmaking problems due to the high incidence in some regions of the country of severe acute respiratory syndrome Coronavirus 2 (SARS-CoV-2). The Italian Society for Organ Transplantation (SITO) and the Board of Liver Transplant Program Directors issued a survey to assess the initial impact of this pandemic event on the routine activity of 22 Italian Liver Transplant Programs. One hundred percent of participants completed the survey within a few days. The analysis is presented dividing the centers in two macro-areas: north-central Italy and south-central Italy. The reason for this is that the two areas had a different incidence of the infection and because they have distinctive rates of cadaveric donation. Overall, all centers remained open although a reduction in the activity was noted. Transplant Programs reduced their outpatient activity both in terms of pre-transplant evaluation (68% of the centers) and transplant recipient follow-up (100%); a reduction in transplant activity was observed in the first two weeks of March only in the north-central macro area (23 LTs vs 39 in 2018 and 60 in 2019); overall, SARS-CoV-2 infection was registered for 24 liver transplant recipients and 37 health care providers in liver transplant units. In the perspective of the increasing magnitude of the epidemic, more data will be required to define appropriate strategies for the increasingly complex management of liver transplant patients. This article is protected by copyright. All rights reserved Since the first occurrence of the Coronavirus 2 (SARS-CoV-2) pandemic outbreak at the end of last year (1), it was immediately clear that immune compromised patients, such as transplant recipients, would be at a greater risk of death and developing serious respiratory complications (2). In a similar setting, Liver Transplant Programs in Italy had to face a sequela of management and clinical decisionmaking problems due to the extremely high incidence of Coronavirus in some regions of the country (Figure 1) (3). Moreover, while the Italian Transplant Authority (Centro Nazionale Trapianti) promptly released guidelines on donor management (4), the Liver Transplant Programs were left to pursue their own policies, even in the light of multiple logistic scenarios deriving from the different incidence of infection across the country (Figure 1b). Within a similar scenario, on March 16, 2020, the Italian Society for Organ Transplantation (SITO) and the Board of Liver Transplant Program Directors issued a survey to assess the initial impact of this pandemic event on the routine activity of 22 Italian Liver Transplant Programs. One hundred percent of participants completed the survey in a few days. The survey included nine questions mainly focusing on three aspects: 1) Analysis of the center's volume of activity in February and in the first two weeks of March 2020 compared with the same period in 2018 and 2019. 2) Assessment of COVID-19 infections in patients and health care providers in each center. 3) Similar evaluation in the setting of the individual Living-Related Liver Transplant Programs.", "latex": null, "type": "figure"}, "FIGREF1": {"text": "because they have distinctive rates of cadaveric donation. Overall, all centers remained open although a reduction in the activity was noted due to the donor shortage resulting from the different patient allocation needs in Italian intensive care units, now almost exclusively dedicated to the care of COVID-19 patients (5). In the period between February 15 and March 15, all Transplant Programs reduced their outpatient activity both in terms of pretransplant evaluation (64% 15 out of 22 centers, 68%) and transplant recipient follow-up (100%). In terms of transplant activity, in the north-central Italy macro-area only a reduction can be seen in the Accepted Article This article is protected by copyright. All rights reserved first two weeks of March compared with the same period in 2018 and 2019 (23 LTs vs 39 in 2018 and 60 in 2019), while activity in the south-central area has not been impacted. Up to March 15, 2020, in the north-central Italy macro-area only we registered 24 liver transplant recipients positive to COVID-19 infection, of which 3 (13%) were admitted in the intensive care unit and 5 (21%) died. Seventeen physicians among the 37 health care providers resulted positive to the infection, the majority of which (94%) was of course in the northern macro-area. Eighty-two percent of the Programs performed the nasopharyngeal swab evaluation on all potential recipients upon admission for transplant, regardless of the presence of clinical suspicion or respiratory symptoms. The final section of the survey focused on Living-Related Liver Transplants: of the 7 centers performing LRLT, three temporarily suspended their program while the remaining ones reduced their activity. The survey paints a picture of how Liver Transplant Programs are managing this pandemic event inItaly and how routine activity has been impacted. Some considerations can therefore be made based on this preliminary analysis: the Italian system, based on a network of relationship among centers and between centers and the Italian Transplant Authority, holds well despite the aggressiveness of this major event. Donor teams were provided by the Program nearest to the donor's hospital, regardless of where the organ was allocated, thus resulting in a limited exposure of surgeons to the epidemic widespread. Centers located in the red zone were able, with extraordinary efforts, to ensure liver transplants be performed for the sickest patients.", "latex": null, "type": "figure"}, "FIGREF2": {"text": "Figure legend", "latex": null, "type": "figure"}, "FIGREF3": {"text": "SARS-CoV-2 epidemic outbreak in Italy. A: Number of COVID-19 confirmed cases as reported by the Italian Government on March 15, 2020. B: Cartogram reporting total number of COVID-19 cases in each region and number of cases per 100,000 population at March 15, as reported by Italian Government and Superior Institute of Health Care (institutional organ of the Ministry of Health). Black dots represent all liver transplant centers across the country. The detailed list of contributing centers is available in", "latex": null, "type": "figure"}, "TABREF0": {"text": "Impact of the SARS-CoV-2 epidemic on the routine activity of 22 Italian Liver Transplant Programs.", "latex": null, "type": "table"}, "TABREF1": {"text": "North-Central South-Central Overall Center Policy on Liver Transplantation, no. (%) Center Policy on Nasopharyngeal Swab Evaluation for LT candidates, no (%) Center Volume of Activity from February 1 to March 15 Assessment of the COVID-19 Infection in Transplant Recipients Assessment of the COVID-19 Infection in Health Care Providers", "latex": null, "type": "table"}, "TABREF2": {"text": "Table S1.\n.\nA ccepted A rticle\nThis article is protected by copyright. All rights reserved", "latex": null, "type": "table", "html": "<html><body><table><tr><td>\u00a0</td><td>North- Central </td><td>South- Central </td><td>Overall </td></tr><tr><td>Number of LT Centers le\n</td><td>14 </td><td>8 </td><td>22 </td></tr><tr><td>Center Policy on Liver Transplantation, no. (%) Regular activity c</td><td>11 (79) </td><td>6 (75) </td><td>17 (77) </td></tr><tr><td>Reduced activity i</td><td>3 (21) </td><td>2 (25) </td><td>5 (23) </td></tr><tr><td>Center Policy on Transplant Recipient Follow-up, no (%) Reduced activity t</td><td>14 (100) </td><td>8 (100) </td><td>22 (100) </td></tr><tr><td>Center Policy on Pre-transplant Evaluation, no (%) Regular activity r</td><td>4 (29) </td><td>3 (38) </td><td>7 (32) </td></tr><tr><td>Reduced activity </td><td>9 (64) </td><td>5 (62) </td><td>14 (64) </td></tr><tr><td>Suspended activity </td><td>1 (7) </td><td>0 (0) </td><td>1 (5) </td></tr><tr><td>Center Policy on Nasopharyngeal Swab Evaluation for LT candidates, no (%) For all potential recipients A</td><td>12 (86) </td><td>6 (75) </td><td>18 (82) </td></tr><tr><td>In presence of clinical suspicion or respiratory symptoms Center Volume of Activity from February 1 to March 15 </td><td>2 (14) </td><td>2 (25) </td><td>4 (18) </td></tr><tr><td>Number of Liver Transplants 2018 d </td><td>128 </td><td>29 </td><td>157 </td></tr><tr><td>From February 1 to February 28 From M2019 From FFrom M2020 From FFrom Msment of the COVPositive to COVIDTransplanted Required hosRequired ICU Dead sment of the COVPositive to COVIDPhysicians Other health Accepte</td><td>68 </td><td>18 </td><td>86 </td></tr><tr><td>arch 1 to March 15 </td><td>60 </td><td>11 </td><td>71 </td></tr><tr><td>\u00a0</td><td>134 </td><td>34 </td><td>168 </td></tr><tr><td>ebruary 1 to February 28 </td><td>95 </td><td>22 </td><td>117 </td></tr><tr><td>arch 1 to March 15 </td><td>39 </td><td>12 </td><td>51 </td></tr><tr><td>\u00a0</td><td>121 </td><td>35 </td><td>156 </td></tr><tr><td>ebruary 1 to February 29 </td><td>98 </td><td>21 </td><td>119 </td></tr><tr><td>arch 1 to March 15 </td><td>23 </td><td>14 </td><td>37 </td></tr><tr><td>AssesID-19 Infection in Transplant Recipients Total -19, no (%) </td><td>24 </td><td>0 </td><td>24 </td></tr><tr><td>in 2020 </td><td>5 (21) </td><td>0 </td><td>5 (21) </td></tr><tr><td>pitalization </td><td>17 (71) </td><td>0 </td><td>17 (71) </td></tr><tr><td>admission </td><td>3 (13) </td><td>0 </td><td>3 (13) </td></tr><tr><td>\u00a0</td><td>5 (21) </td><td>0 </td><td>5 (21) </td></tr><tr><td>AssesID-19 Infection in Health Care Providers Total -19, no (%) </td><td>35 </td><td>2 </td><td>37 </td></tr><tr><td>\u00a0</td><td>16 (46) </td><td>1 (50) </td><td>17 (46) </td></tr><tr><td>care providers </td><td>19 (54) </td><td>1 (50) </td><td>20 (54) </td></tr></table></body></html>"}}, "back_matter": [{"text": "This article is protected by copyright. All rights reserved", "cite_spans": [], "ref_spans": [], "section": "Accepted Article"}, {"text": "This article is protected by copyright. All rights reserved ", "cite_spans": [], "ref_spans": [], "section": "Accepted Article"}]}