{
    "paper_id": "00714fa631538fc99a3a27e2b120efd140eb9f66",
    "metadata": {
        "title": "Surveillance and the Impossible Search for Ideal Behaviour",
        "authors": [
            {
                "first": "Toine",
                "middle": [],
                "last": "Spapens",
                "suffix": "",
                "affiliation": {},
                "email": ""
            }
        ]
    },
    "abstract": [
        {
            "text": "Information and communication technology and the internet created unprecedented opportunities for collecting \"big data\" and apply it to surveillance and influence the behaviour of citizens, for instance in their roles of voters, customers, partners and workers. There is a growing risk that data on these different roles is exchanged and combined for which it was not collected. Surveillance may be defended from the perspective of law and order, protection of safety and health, and economic development, but it may also impact negatively on several United Nations (UN) Sustainable Development Goals (SDGs) to be attained by 2030. Being one of the crucial issues in the world today, it comes as no surprise that the topic is being studied by lawyers, urbanists, sociologists, computer scientists, political scientists and others. However, criminologists have until now mainly looked at surveillance in the context of preventing and detecting crime and terrorism from a \"what happens and what works\" angle. This chapter will apply a broad perspective by taking the social construction of deviance as a starting point and addressing the consequences of the definition for those who do not live up to the ideal, in terms of criminalisation, social exclusion and other potential effects, keeping in mind the context of the UN's development goals.",
            "cite_spans": [],
            "ref_spans": [],
            "section": "Abstract"
        }
    ],
    "body_text": [
        {
            "text": "Today, we undoubtedly live in an era of mass surveillance, defined as the ability of State and private actors to monitor citizens' and customers' whereabouts, interests and behaviour. In this chapter, I will address this development from a criminological perspective. State actors foremost legitimise the gathering of such information by the fact that it helps to solve and prevent crimes, and terrorism in particular, and more recently since the COVID-19 crisis, to reduce the risk of infection. Dictators may use surveillance as an instrument to stay in power. Commercial operators primarily legitimise the gathering of customer data by stating that it helps them to improve their products and services. However, such data may also serve to prevent commercial risks, for instance by denying access to customers who are suspected of jeopardising a company's profits or reputation.",
            "cite_spans": [],
            "ref_spans": [],
            "section": "Introduction"
        },
        {
            "text": "From a broader sociological viewpoint, we may see surveillance as a form of social control and necessary for communities to function. Even the smallest social groups set and monitor norms and will correct or exclude deviants who are unwilling or unable to adhere to them. Norms are not determined objectively but result from a definition process. Although philosophers such as John Stuart Mill and Joel Feinberg have tried to formulate universal liberty limiting principles, these in the end all depend on how social groups define concepts such as harm, paternalism or offense. Of course, some norms, such as not killing other members of the group, are universal. Most, however, are not and differ substantially between social groups. We have no way to objectively determine which norms are \"better.\" Therefore, we are left with two options: either allowing socially, economically and politically dominant powers to set the rules, or accept a certain level of deviance. Democratic societies will generally choose the latter option, not in the least because diverting from existing norms is often essential for scientific, economic and cultural progress, and for the general well-being of large societal groups: nobody can be non-deviant at all times.",
            "cite_spans": [],
            "ref_spans": [],
            "section": "Introduction"
        },
        {
            "text": "When instruments of surveillance are applied in a targeted way, for instance to investigate crimes or to improve a product, in compliance with the Code of Criminal Procedure and data protection laws in general, there is no essential reason to be opposed against it. However, fundamental problems occur when instruments of mass surveillance are applied to search for deviance preventatively. No matter how sophisticated big data analysis will become, without an exact understanding of what constitutes deviant behaviour, such analysis will always be flawed and bound to produce large amounts of errors, particularly false positives, as well as undesired societal outcomes which may put several United Nations' Sustainable Development Goals at risk.",
            "cite_spans": [],
            "ref_spans": [],
            "section": "Introduction"
        },
        {
            "text": "Next, in Sect. 2, I will briefly outline the main drivers of mass-surveillance. Section 3 then addresses surveillance from a criminological viewpoint in more detail. Section 4 delves deeper into the question how social groups define deviance. Section 5 describes the problems of profiling and false positives. Section 6 concludes this chapter by looking at the impact of mass surveillance in the context of the UN's sustainability goals.",
            "cite_spans": [],
            "ref_spans": [],
            "section": "Introduction"
        },
        {
            "text": "Scholars have identified different and sometimes mutually reinforcing explanations for the increase of the need of surveillance. First, it has been associated with economic structures and modernisations. Others have emphasised the impact of shocking events, particularly the attacks on the World Trade Centre and the Pentagon on 9 September 2001, and the calls for protection that followed from it. Third, developments in information and communication technology have made mass surveillance much easier and encompassing.",
            "cite_spans": [],
            "ref_spans": [],
            "section": "The Growth of Surveillance"
        },
        {
            "text": "Michel Foucault pointed at the transitions caused by industrialisation and emphasised the need of disciplining the workforce for the emerging factory system (Foucault 1977) . This required keeping the working classes under surveillance, which did not just involve enforcement and prisons, but an entire array of corrections of deviant behaviour, for instance in schools, the workplace itself, hospitals, and the military. However, in the early 1990s, the concept of discipline seemed to have lost relevance, as societies became ever more diversified and complex. The factory model no longer dominates modern societies and disciplining citizens into this mould is now less necessary. In addition, because of individualisation and migration, the number of subcultures has massively increased. Therefore, in his essay \"Postscript on the Societies of Control\" French philosopher Gilles Deleuze argued that the need for control has replaced the need for discipline (Deleuze 1992) .",
            "cite_spans": [
                {
                    "start": 157,
                    "end": 172,
                    "text": "(Foucault 1977)",
                    "ref_id": "BIBREF19"
                },
                {
                    "start": 960,
                    "end": 974,
                    "text": "(Deleuze 1992)",
                    "ref_id": "BIBREF16"
                }
            ],
            "ref_spans": [],
            "section": "The Growth of Surveillance"
        },
        {
            "text": "Ulrich Beck has argued that the process of technical modernisation itself caused dramatic changes to western culture and has resulted in a wide range of humanly produced risks (Beck 1992) . This \"risk society\" too revolves around the need to control social, political, ecological and individual risks. More importantly, since in the early eighties the economic paradigm of neoliberalism became dominant in the Western world, policies based on it have vastly increased feelings of uncertainty regarding vital human needs such as a sustained source of income; affordable housing; that education will produce better chances in life; and a safe and unpolluted environment in general. Such uncertainties are reflected in a desire to minimise the risk of any sort of harm imaginable, either real or perceived (Ericson 2007) . Although advocates of neoliberalism have continuously called for deregulation, in fact the opposite has occurred (Ayres and Braithwaite 1992; Power 2004) . Indeed, the free market ideology calls for all sorts of control to keep markets fair and competitive, and to facilitate safety measures (Ericson 2007) . Boutellier (2003) defined this inherent paradox as a 'safety utopia': individuals and corporations at the same time wish to enjoy maximum freedom and maximum governmental protection against any potential harm that may result from it.",
            "cite_spans": [
                {
                    "start": 176,
                    "end": 187,
                    "text": "(Beck 1992)",
                    "ref_id": "BIBREF6"
                },
                {
                    "start": 803,
                    "end": 817,
                    "text": "(Ericson 2007)",
                    "ref_id": "BIBREF18"
                },
                {
                    "start": 933,
                    "end": 961,
                    "text": "(Ayres and Braithwaite 1992;",
                    "ref_id": "BIBREF2"
                },
                {
                    "start": 962,
                    "end": 973,
                    "text": "Power 2004)",
                    "ref_id": "BIBREF36"
                },
                {
                    "start": 1112,
                    "end": 1126,
                    "text": "(Ericson 2007)",
                    "ref_id": "BIBREF18"
                },
                {
                    "start": 1129,
                    "end": 1146,
                    "text": "Boutellier (2003)",
                    "ref_id": "BIBREF11"
                }
            ],
            "ref_spans": [],
            "section": "The Growth of Surveillance"
        },
        {
            "text": "Shocking events may accelerate this process. Societies have always responded to these with collective moral outrage and a passionate desire for vengeance (Garland 1991) . For enforcement agencies, their ability to catch and punish the offenders was for a long time sufficient to restore faith in the protective function of the government. In modern society however, emphasis has increasingly shifted to prevention and protection. Particularly acts of terrorism result in calls for better surveillance of those who might be a threat. Already in the 1970s, the German authorities replied to attacks by the Rote Armee Fraktion and other contemporary terrorists with Rasterfahndung, a concept to take data automatically from different databases to search for persons with specific risk profiles (Muller and Petit 2008) . However, Al Qaida's attacks on the United States in 2001, truly stimulated, and perhaps even more importantly, legitimated, the acceleration and expansion of surveillance trends (Ball and Webster 2003) . From Edward Snowden's revelations we first learned of the extent that domestic surveillance by the U.S. National Security Agency had grown into (Sherer et al. 2018) .",
            "cite_spans": [
                {
                    "start": 154,
                    "end": 168,
                    "text": "(Garland 1991)",
                    "ref_id": "BIBREF20"
                },
                {
                    "start": 791,
                    "end": 814,
                    "text": "(Muller and Petit 2008)",
                    "ref_id": "BIBREF32"
                },
                {
                    "start": 995,
                    "end": 1018,
                    "text": "(Ball and Webster 2003)",
                    "ref_id": "BIBREF5"
                },
                {
                    "start": 1165,
                    "end": 1185,
                    "text": "(Sherer et al. 2018)",
                    "ref_id": "BIBREF42"
                }
            ],
            "ref_spans": [],
            "section": "The Growth of Surveillance"
        },
        {
            "text": "In recent decades, rapid development of digital techniques has enabled to collect, store and analyse personal data on an unprecedented scale (Ball and Webster 2003) . Furthermore, the Internet promoted globalised surveillance (Ball and Murakami Wood 2013) . Digitalisation did not just widen the opportunities of States to collect data on their citizens. More importantly, it enabled private actors to gather massive amounts of personal and behavioural information on customers. Particularly \"Big tech\" corporations such as Google, Facebook and Amazon have become notorious in this respect, but nowadays almost every company that offers products and services which connect to the Internet will gather such data, and may apply it for other commercial purposes than \"improving customer experience.\" Corporations that once started with missions to connect people or to provide the best web search engine, quickly discovered that their most valuable asset was the information that they collected from those who used their services (Zuboff 2019) . Big tech companies have increasingly expanded their operations by buying up other platforms and combining different streams of data. Their ambitions do not stop there, which is illustrated by Amazon's plans to engage in for instance food distribution and healthcare, and Facebook led plans to launch the \"Libra\" as its own cryptocurrency (Rawnsley 2018; Paul 2019) .",
            "cite_spans": [
                {
                    "start": 141,
                    "end": 164,
                    "text": "(Ball and Webster 2003)",
                    "ref_id": "BIBREF5"
                },
                {
                    "start": 226,
                    "end": 255,
                    "text": "(Ball and Murakami Wood 2013)",
                    "ref_id": "BIBREF4"
                },
                {
                    "start": 1027,
                    "end": 1040,
                    "text": "(Zuboff 2019)",
                    "ref_id": "BIBREF49"
                },
                {
                    "start": 1381,
                    "end": 1396,
                    "text": "(Rawnsley 2018;",
                    "ref_id": "BIBREF38"
                },
                {
                    "start": 1397,
                    "end": 1407,
                    "text": "Paul 2019)",
                    "ref_id": "BIBREF34"
                }
            ],
            "ref_spans": [],
            "section": "The Growth of Surveillance"
        },
        {
            "text": "For a long time, corporations have done so in what is called 'ungoverned space' (Clunan and Trinkunas 2010) . This refers to a context in which few regulations exist, and when they do, for example, in the shape of data protection laws, enforcement is highly problematic (Zuboff 2019) . Shoshanna Zuboff introduced the term 'surveillance capitalism' to describe the effects of these developments, which she defined in a number of ways. At best it represents a new economic order that claims human experience as free raw material for hidden commercial practices of extraction, prediction, and sales. However, it can also be defined as a movement that aims to impose a new collective order based on total certainty. At its worst, surveillance capitalism will fundamentally change societies and the behaviour of people.",
            "cite_spans": [
                {
                    "start": 80,
                    "end": 107,
                    "text": "(Clunan and Trinkunas 2010)",
                    "ref_id": "BIBREF15"
                },
                {
                    "start": 270,
                    "end": 283,
                    "text": "(Zuboff 2019)",
                    "ref_id": "BIBREF49"
                }
            ],
            "ref_spans": [],
            "section": "The Growth of Surveillance"
        },
        {
            "text": "Surveillance researchers particularly worry about the blurring of the boundaries between public and private sector organisations (Haggerty and Ericson 2000; Ball et al. 2012) . Indeed, personal and behavioural data collected by private companies, has become increasingly important for intelligence and enforcement agencies, not just for solving crimes, but also for profiling and prevention.",
            "cite_spans": [
                {
                    "start": 129,
                    "end": 156,
                    "text": "(Haggerty and Ericson 2000;",
                    "ref_id": "BIBREF23"
                },
                {
                    "start": 157,
                    "end": 174,
                    "text": "Ball et al. 2012)",
                    "ref_id": "BIBREF3"
                }
            ],
            "ref_spans": [],
            "section": "The Growth of Surveillance"
        },
        {
            "text": "From a criminological perspective, we may look at surveillance in several ways. Mainstream criminologists may be interested in the motives and activities of persons and legal entities who are involved in illegal surveillance practices. \"Critical\" criminologists may also want to include behaviour that is as such lawful, but does cause blameworthy harm ('lawful but awful'). Criminologists also look at the process of surveillance, which data is collected, where it ends up, whether surveillance is an effective tool to curb crime, and at enforcement of regulations. Finally, criminologists may want to explore structural drivers of illicit and harmful surveillance practices, such as protecting the interests of economically and politically powerful actors. Here, I will look at how surveillance data may be used for specific purposes. This section addresses five main categories, although these may overlap to some extent. The first is the use of surveillance data to commit crimes or cause harm; second is its use to solve crimes; third its use to prevent crimes, including acts of terrorism; fourth, to protect the interests of the powerful; fifth for private actors to gain corporate economic advantages.",
            "cite_spans": [],
            "ref_spans": [],
            "section": "The Growth of Surveillance"
        },
        {
            "text": "To begin with, criminals and terrorists may acquire access to surveillance data and use it to facilitate illegal or otherwise harmful activities. Burglars might for instance gain access to data that 'smart' devices send to their manufacturer, and learn the times when nobody is present at specific addresses. Groups of car thieves would for instance be able to better target their operations if they can track vehicles of specific models and types. They may be able to hack into these data streams, but perhaps these are also for sale on the \"Dark net\" or from legitimate companies. Indeed, third parties may, in violation of contracts, use data for other purposes than for which it was originally made available, for instance not to provide specific commercial services, but for influencing the outcome of elections. In some cases, surveillance data which is potentially useful for criminals or terrorists, may be openly available. One example was fitness tracking app Strava, which collected GPS-data to allow runners to monitor their exercises, and unintentionally gave away the locations of secret U.S. military bases after tracking data had been published online (Hern 2018) . The newest technological developments known as \"deep fake\" are particularly disturbing. These allow for instance to mimic someone else's voice if one possesses just a few minutes of audio and to manipulate videos. Recently, criminals already used it to have a manager of a UK-based energy company transfer \u20ac 220,000 to their account, because he thought it was the German chief executive of the parent company who gave him the order by telephone (Stupp 2019) .",
            "cite_spans": [
                {
                    "start": 1168,
                    "end": 1179,
                    "text": "(Hern 2018)",
                    "ref_id": "BIBREF24"
                },
                {
                    "start": 1627,
                    "end": 1639,
                    "text": "(Stupp 2019)",
                    "ref_id": "BIBREF45"
                }
            ],
            "ref_spans": [],
            "section": "The Growth of Surveillance"
        },
        {
            "text": "Surveillance data may, second, be used to solve crimes after these have been committed, or to gather evidence in situations in which illegal activities are ongoing. This for instance refers to the use of listening devices in cars and private homes, interception of telephone conversations or tapping of IP-addresses, physical surveillance of suspects, installing of cameras to monitor specific premises, and controlled deliveries of shipments of for example narcotic drugs. Modern criminal law enforcement agencies will possess the necessary training and certified equipment to use these methods in confirmation with the Code of Criminal Procedure. However, law enforcement agencies also and increasingly rely on information gathered by private actors. An obvious example is the use of recordings of CCTV-cameras citizens and companies have installed to protect against burglary and theft. When some 25 years ago the use of mobile telephones started to become widespread, telephone operator's traffic and location data quickly became an important source of information for investigative authorities (Spapens 2006) . Since then, criminals have continuously sought for 'safe' means of communication, but usually without long-term success. For instance, Dutch criminals for a number of years sent text messages via Pretty Good Privacy (PGP) software installed on mobile phones. This worked until Dutch police seized and cracked the servers on which millions of messages were stored. Since then the information helped to solve a variety of cases, including underworld liquidations (Meeus 2017) . More recently, normal people's smartphones, combined with the data gathered by tech companies through installed apps and stored on their servers, have become an important tool to help solving crimes. In a recent murder case, a location app allowed the Dutch police to exactly reconstruct the victim's as well as the suspect's whereabouts and thereby solve the case. Finally, financial information kept by banks and other financial service providers has become hugely important for investigation agencies.",
            "cite_spans": [
                {
                    "start": 1099,
                    "end": 1113,
                    "text": "(Spapens 2006)",
                    "ref_id": "BIBREF44"
                },
                {
                    "start": 1577,
                    "end": 1589,
                    "text": "(Meeus 2017)",
                    "ref_id": "BIBREF30"
                }
            ],
            "ref_spans": [],
            "section": "The Growth of Surveillance"
        },
        {
            "text": "The third main purpose of surveillance is to prevent crime. To begin with, the fact that a person is aware of the chance of being watched, this may as such have a direct preventative effect because it increases the threshold for potential offenders. When CCTV-cameras in public areas were first introduced in the 1990s, it was expected that these would contribute to crime prevention. Analysis does indeed show a positive albeit modest effect, depending on the type of crime. CCTV-surveillance does reduce for instance vehicle crime, but has no effect on violence and assault (Bowers and Johnson 2016) . More indirectly, surveillance data may be used to identify potential criminals and terrorists. Intelligence agencies, such as the General Communication Headquarters (GCHQ) in the United Kingdom and the National Security Agency have collected signals intelligence for decades, although their focus was not on preventing ordinary crime. After the fall of the Iron Curtain in 1989, western intelligence agencies were starting to partly shift attention to organised crime, mainly because of the perceived emergence of 'organised crime multinationals' such as the Italian Mafia and Russian 'Mafiya' (Andreas and Nadelmann 2006) . However, organised crime researchers soon debunked the assumption that such syndicates were systematically setting up shop all over the world (van Dijk and Spapens 2013) . In the mid-1990s, intelligence agencies changed focus to terrorism, and particularly after the attacks on the World Trade Centre in 2001 crime largely dropped from their agendas.",
            "cite_spans": [
                {
                    "start": 576,
                    "end": 601,
                    "text": "(Bowers and Johnson 2016)",
                    "ref_id": "BIBREF12"
                },
                {
                    "start": 1198,
                    "end": 1226,
                    "text": "(Andreas and Nadelmann 2006)",
                    "ref_id": "BIBREF1"
                },
                {
                    "start": 1371,
                    "end": 1398,
                    "text": "(van Dijk and Spapens 2013)",
                    "ref_id": null
                }
            ],
            "ref_spans": [],
            "section": "The Growth of Surveillance"
        },
        {
            "text": "In the early 1990s, the police became aware of the potential added value of Intelligence Led Policing (ILP). Although the concept is not defined exactly, it generally reflects a shift from reactive to proactive ways of addressing crime problems. It involves collecting and analysing information about crime patterns to create intelligence products to assess potential problems (e.g. offenders, victims, contexts) and target resources to disrupt the most serious offenses and offenders (Carter 2009; Ratcliffe 2008; Gibbs 2016) . Although the concept is as such broader, it does encompass identifying unknown criminals and threats, based on personal and behavioural profiles. However, experiences in the Netherlands show that it is extremely difficult to draw up such profiles (see below).",
            "cite_spans": [
                {
                    "start": 485,
                    "end": 498,
                    "text": "(Carter 2009;",
                    "ref_id": "BIBREF13"
                },
                {
                    "start": 499,
                    "end": 514,
                    "text": "Ratcliffe 2008;",
                    "ref_id": "BIBREF37"
                },
                {
                    "start": 515,
                    "end": 526,
                    "text": "Gibbs 2016)",
                    "ref_id": "BIBREF21"
                }
            ],
            "ref_spans": [],
            "section": "The Growth of Surveillance"
        },
        {
            "text": "Fourth, surveillance may be conducted to serve the interests of the powerful. Traditionally, rulers, particularly of non-democratic states, have had a keen interest in spotting all sorts of suspicious behaviour that might pose a threat to their reign. There are many historical examples, such as Napoleon's France in the eighteenth century and Stalin's Soviet Union in the 1930s.",
            "cite_spans": [],
            "ref_spans": [],
            "section": "The Growth of Surveillance"
        },
        {
            "text": "Classical methods of information gathering such as the use of secret agents, informers and agents provocateurs, have over the years been supplemented with technical surveillance systems. Here too, recent developments in digitalisation have further expanded the toolbox of control. The use of facial recognition software and 'smart' cameras in public places, which may be further combined with all sorts of private sector data, illustrates this (Kobie 2019) . Surveillance is increasingly globalised and thus also allows foreign states to scrutinise citizens in other countries. For example, the Eritrean government allegedly keeps a close watch on nationals who have fled the country, to prevent them from engaging in activities which might pose a threat to the regime (Opas and McMurray 2015) . Criminologically, we may approach such use of surveillance data from the perspective of State crime (Chambliss 1989) . This approach refers to acts by actors within the state that results in violations of domestic and international law, human rights, or systematic or institutionalised harm of its or another state's population (Green 2004) .",
            "cite_spans": [
                {
                    "start": 444,
                    "end": 456,
                    "text": "(Kobie 2019)",
                    "ref_id": "BIBREF25"
                },
                {
                    "start": 769,
                    "end": 793,
                    "text": "(Opas and McMurray 2015)",
                    "ref_id": "BIBREF33"
                },
                {
                    "start": 896,
                    "end": 912,
                    "text": "(Chambliss 1989)",
                    "ref_id": "BIBREF14"
                },
                {
                    "start": 1124,
                    "end": 1136,
                    "text": "(Green 2004)",
                    "ref_id": "BIBREF22"
                }
            ],
            "ref_spans": [],
            "section": "The Growth of Surveillance"
        },
        {
            "text": "Fifth, surveillance serves corporate economic purposes. Here, I will focus on activities that cause blameworthy harm. To begin with, the data may result in social exclusion if it is used to detect potential risks, to the extent that it may become impossible for anyone with even the slightest perceived flaw to find a job, a house or a partner. Next, corporations may, like totalitarian states, engage in targeted surveillance of people they perceive as a threat. Recently it was revealed that agrochemical corporation Monsanto operated an intelligence center to monitor and discredit journalists and activists. Monsanto for instance targeted journalist Carey Gillam, who wrote a critical book on the company, and singer Neil Young, who released a critical album. The company allegedly paid Google to promote search results for 'Monsanto Glyphosate Carey Gillam' that criticised her work (Levin 2019 ). Finally, we may question whether data gathering for improving customer experience is necessary to the extent applied. Is it really essential that modern cars' systems collect and send information on your driving style and locations history to the manufacturer, as well as to third parties (Markey 2015) ? Do smart TVs constantly need to track what their owners are watching and relay it back to the TV maker and/or its business partners, to improve the product (Popken 2018) ?",
            "cite_spans": [
                {
                    "start": 888,
                    "end": 899,
                    "text": "(Levin 2019",
                    "ref_id": "BIBREF28"
                },
                {
                    "start": 1192,
                    "end": 1205,
                    "text": "(Markey 2015)",
                    "ref_id": "BIBREF29"
                },
                {
                    "start": 1364,
                    "end": 1377,
                    "text": "(Popken 2018)",
                    "ref_id": "BIBREF35"
                }
            ],
            "ref_spans": [],
            "section": "The Growth of Surveillance"
        },
        {
            "text": "This section has illustrated the different criminologically relevant issues of surveillance. The techniques may be helpful to commit different types of cybercrime, either by mainstream criminals or corporate offenders, to which enforcement agencies must respond. Conversely, surveillance data may also help to solve crimes, and the examples shown above underline the increased importance of data collected by private actors for targeted investigative purposes. Of course, private as well as state actors must safeguard against the leaking of surveillance data to criminals and terrorists, and in criminal investigations surveillance data must be gathered and used in accordance with adequate requirements set in the Code of Criminal Procedure. However, from a criminological viewpoint, problems with surveillance become fundamental when it is applied for predictive policing, in other words to identify and prevent potential threats, and from a broader perspective, deviance. In the next sections, I will address these problems.",
            "cite_spans": [],
            "ref_spans": [],
            "section": "The Growth of Surveillance"
        },
        {
            "text": "If one wants to scrutinise people to detect deviant behaviour, the premise is that one knows how to define it. For harnessed mainstream criminologists this would not be a topic of much debate: deviance is simply behaviour in violation of what is adopted in the nation's penal code. However, this narrow definition of the object of study of criminology poses problems when we look at modern day surveillance, because it goes far beyond of what is criminalised and also encompasses perceived violations of unwritten social norms. Deviance as such is roughly defined as behaviour that differs from a wide range of societal norms and rules. This raises the question how such norms are determined, and by whom.",
            "cite_spans": [],
            "ref_spans": [],
            "section": "The Problem of Defining Deviance"
        },
        {
            "text": "The first approach, known as absolutist, assumes that the basic norms of a society are clear and obvious to all members of society in all situations. At the end of the nineteenth century, Emile Durkheim introduced the term collective conscience to refer to widely held social values and beliefs (Durkheim 1964) . He reasoned that all behaviour which offends basic normative standards could be considered deviant, and thus be criminalised. Of course, general norms and values exist which are common to all societies, but these cover only a small part of what communities consider deviant behaviour. If we assume that a collective conscience exists, the norms which follow from it will reflect the moral values of the middle class and disregard the complexity of modern societies and the differences between a wide range of subcultures. This is illustrated by early attempts to survey people's opinions on what constitutes deviant behaviour. Theoretically, such an approach would render an objective picture, but in practice the results are very difficult to interpret. In a classic study, Simmons (1965) asked 180 people what they considered deviant behaviour. It resulted in 1100 different answers, falling into 250 categories. Of course, murder and theft were considered deviant behaviour, but also pacifists and working females. The problem is that almost all human behaviour will be considered deviant by someone and counting does not answer the question whether these opinions are morally defendable.",
            "cite_spans": [
                {
                    "start": 295,
                    "end": 310,
                    "text": "(Durkheim 1964)",
                    "ref_id": "BIBREF17"
                },
                {
                    "start": 1088,
                    "end": 1102,
                    "text": "Simmons (1965)",
                    "ref_id": "BIBREF43"
                }
            ],
            "ref_spans": [],
            "section": "The Problem of Defining Deviance"
        },
        {
            "text": "Howard Becker posed that acts become deviant if others respond to them as such (Becker 1963) . However, there cannot be a proper response if deviant behaviour remains unknown. Furthermore, massive expression of public disapproval of deviant behaviour is usually limited to shocking events, which are not necessarily the most harmful if we include long-term effects, for example, pollution. Another problem is that if communities do not respond to behaviour which is essentially deviant from a moral perspective, it will become normalised. In practice however, social groups will largely ignore what other subcultures consider deviant, as long as their behaviour does not harm or restrict them.",
            "cite_spans": [
                {
                    "start": 79,
                    "end": 92,
                    "text": "(Becker 1963)",
                    "ref_id": "BIBREF7"
                }
            ],
            "ref_spans": [],
            "section": "The Problem of Defining Deviance"
        },
        {
            "text": "These examples underline that deviance has no ontological reality, but is instead socially constructed. The idea of social construction is rooted in symbolic interactionism, an approach which focuses on the way language and other types of interaction structures how people experience, interpret and attribute meaning to everyday reality (Blumer 1969) . Communities thus also construct social norms. A social norm is 'any standard rule that states what human beings should or should not think, say or do under given circumstances' (Blake and Davis 1964) . These norms are continuously defined and redefined by the members of a given group.",
            "cite_spans": [
                {
                    "start": 337,
                    "end": 350,
                    "text": "(Blumer 1969)",
                    "ref_id": "BIBREF10"
                },
                {
                    "start": 530,
                    "end": 552,
                    "text": "(Blake and Davis 1964)",
                    "ref_id": "BIBREF9"
                }
            ],
            "ref_spans": [],
            "section": "The Problem of Defining Deviance"
        },
        {
            "text": "In larger communities it is impossible to constantly discuss and define norms in personal interactions, simply because not every member of a large social group can maintain contact with all the others. Instead, norms are \"informally codified\" in culture. Culture can be seen as norms that are commonly accepted without need of debate. Religion may also be viewed as a way of codifying cultural norms, in this case in the shape of religious texts and their interpretation, and rituals in which religious norms are learned and explained. Finally, laws can be viewed as formal codifications of societal norms.",
            "cite_spans": [],
            "ref_spans": [],
            "section": "The Problem of Defining Deviance"
        },
        {
            "text": "Norms are necessarily simplified representations of the complexities of everyday life. In specific situations, there may be many reasons why general norms would perhaps not apply. These are, in other words, the product of a process of simplification known as framing. Frames themselves are the result of a definition process, in which individuals, interest groups, institutions, political parties, religious actors, the media-increasingly also social media-as well as science, interact. The process takes place at different levels: local, national and international. Because the process is continuous, notions about deviance are not static, but change over time. Furthermore, they differ across and within societies. A fundamental problem is that the ability to engage in definition setting is spread unevenly. Economically powerful actors are inherently better placed to influence the process, for instance through the lobbying of politicians, funding of research, and feeding the media.",
            "cite_spans": [],
            "ref_spans": [],
            "section": "The Problem of Defining Deviance"
        },
        {
            "text": "Paradoxically, the Internet did make it easier for individuals to exert definition power. Think for instance about influencers with large followings on Facebook or YouTube. Another example is Greta Thunberg, a now 16-year old who was catapulted from being a schoolgirl who sat down in August 2018 in front of the Swedish parliament with a cardboard sign telling she was on strike because of the climate, to addressing the United Nations about the subject little more than a year later. The Internet, however, also further complicated the process of definition setting because the number of specialised communication channels has exploded, and 'bubbles' occur that distort the interactive process. Furthermore, the boundaries between the local and global have faded, and actors from all over the world may now try to influence local definition setting.",
            "cite_spans": [],
            "ref_spans": [],
            "section": "The Problem of Defining Deviance"
        },
        {
            "text": "As I have noted above, surveillance is an instrument of social control: communities use it to detect deviant behaviour and thus to uphold social norms. However, if we cannot objectively determine what deviant behaviour is, we are also unable to define what should become the target of surveillance.",
            "cite_spans": [],
            "ref_spans": [],
            "section": "The Problem of Defining Deviance"
        },
        {
            "text": "A fundamental question of assessing deviance and thereby the objectives of surveillance is how to avoid false positives. In this context false positives can be defined as behaviour which is not malicious, whereas this cannot be established correctly based on comparative data analysis.",
            "cite_spans": [],
            "ref_spans": [],
            "section": "The Problem of False Positives"
        },
        {
            "text": "Of course, for totalitarian regimes false positives are not much of a concern: even the slightest sign of discontent may be enough reason to be marked as a threat and carted off to prison or to an 'education and training centre' (Allen-Ebrahimian 2009). For example, how many of the millions who were sent to the Gulag or killed by the Stalinist regime in the 1930s, represented a real danger to communism?",
            "cite_spans": [],
            "ref_spans": [],
            "section": "The Problem of False Positives"
        },
        {
            "text": "For economic actors the problem of false positives is more ambiguous. On the one hand, better predictions allow for better sales. On the other, advertising companies may be less concerned if they spam someone who is not interested. People may indeed be annoyed about being false positives when they receive adds for paracetamol after tapping in 'headache' in a search engine, or maybe worse, an offer to get insurance for your funeral, but will usually not complain. However, false positives do become problematic when the result is denial of access to specific services.",
            "cite_spans": [],
            "ref_spans": [],
            "section": "The Problem of False Positives"
        },
        {
            "text": "By comparison, for democratic state actors, avoiding false positives is a key issue when it comes to preventing crime. Criminologists have addressed the errors problem extensively in the context of predicting recidivism. Although prediction methods were able to identify certain groups of offenders having a higher-thanaverage statistical probability of recidivism, these methods showed a disturbing incidence of false positives: for violent crimes, at least two false positives for every true positive (Monahan 1981) . Such mistaken forecasts could be gravely damaging to the individuals involved, for they could lead to their prolonged incarceration (Von Hirsch 1998).",
            "cite_spans": [
                {
                    "start": 503,
                    "end": 517,
                    "text": "(Monahan 1981)",
                    "ref_id": "BIBREF31"
                }
            ],
            "ref_spans": [],
            "section": "The Problem of False Positives"
        },
        {
            "text": "More recently, researchers have for instance looked at surveillance measures intended to prevent terrorist attacks. One example is the No Fly Lists, with thousands of names of people who should be denied to board flights into and out of the USA. A large number of false positives have mistakenly been denied access and missed their flights (Bj\u00f8rgo 2016) . Another example is programs to encourage the public to report suspicious behaviour. It will not come as a surprise that citizens consider a wide range of behaviour 'suspicious', especially when it concerns minorities. In 2006, for example, six Muslim imams were removed from a US Airways flight because passengers thought they were a threat to their safety (Larsen and Pich\u00e9 2009 ). The problem is not just confined to serious threats such as terrorism, as anyone who takes part in a neighbourhood WhatsApp group to report suspicious behaviour, will be able to confirm.",
            "cite_spans": [
                {
                    "start": 340,
                    "end": 353,
                    "text": "(Bj\u00f8rgo 2016)",
                    "ref_id": "BIBREF8"
                },
                {
                    "start": 713,
                    "end": 735,
                    "text": "(Larsen and Pich\u00e9 2009",
                    "ref_id": "BIBREF27"
                }
            ],
            "ref_spans": [],
            "section": "The Problem of False Positives"
        },
        {
            "text": "From a technical point of view, one might argue that the problem of false positives can be solved by developing better profiles to base surveillance on. Indeed, personal and behavioural data is often lacking in government databases. In 2012, I was involved in a project in which a profile was composed based on the characteristics of the most notorious criminals in the city of Amsterdam. It took a massive effort to integrate the different databases from which we took this information and be able to run the profiles. Government databases had mainly been developed further from mid-1990s software, and had not been set up with the aim of interchangeability. When we finally were able to run the parameters through the integrated database, a substantial number of persons matched the profile, but were hitherto unknown to the authorities. Were they indeed very smart criminals who had so far managed to completely stay under the radar? Of course not: all 'hits' turned out to be false positives.",
            "cite_spans": [],
            "ref_spans": [],
            "section": "The Problem of False Positives"
        },
        {
            "text": "Critics may argue that the attempt was primitive, considered the amount of information which private entities currently have available, such as search histories, financial transactions, movements, social networks, and postings on social media platforms. Using this information would indeed allow construction of highly detailed profiles, but we still would not know which variables would be relevant from the perspective of detecting deviance. The range of potentially deviant behaviour is simply far too wide to apply general profiles. However, narrowing down the profiles to very specific behaviour will inevitably be perceived as discriminatory and stigmatising to specific population groups (Bj\u00f8rgo 2016) .",
            "cite_spans": [
                {
                    "start": 695,
                    "end": 708,
                    "text": "(Bj\u00f8rgo 2016)",
                    "ref_id": "BIBREF8"
                }
            ],
            "ref_spans": [],
            "section": "The Problem of False Positives"
        },
        {
            "text": "More importantly, because the persons who build the profiles of deviance cannot refer to an objective list of what to include as 'suspicious' they have only three options, or combinations of these. The first is simply to follow Durkheim in his assumption that a collective conscience exists and draw up a list of deviant behaviour based on one's perception of it. The problem is that this will result in profiles which are highly biased to the perceptions of the persons who construct them. The second is to use 'self-learning' software which searches for inappropriate content which is similar to what was previously considered deviant, or characteristics of criminals. However, this too requires labelling specific behaviour as deviant before you can find something similar, or to be able to determine what constitutes a criminal, and therefore does not solve our problem. The third option is to search for anomalies. Unfortunately, this also requires that we must know which anomalies are to be considered risky or suspicious.",
            "cite_spans": [],
            "ref_spans": [],
            "section": "The Problem of False Positives"
        },
        {
            "text": "For all sorts of reasons, public and private surveillance operators have successfully created the impression that their profiling systems are infallible, objective, reliable and accurate in the assessments that they produce (Yeung 2018 ). They are not. Indeed, Netflix may have little difficulty in offering you content similar to what you watched before. This does not require much sophistication, and as argued above, getting it wrong does not cause much harm. And of course, it does not point you to what you are really interested in: something challenging and new that you did not think of before. Accurately predicting the threat someone represents to societal order, based on personal and behavioural characteristics is another matter. If we allow powerful economic or state actors to define what is deviance, this will inevitably result in biased and inaccurate profiles that generate large amounts of errors (Korff and Browne 2013) . The impact on society cannot be underestimated. In the next section, I will sum up the issues in the context of the United Nations' sustainability goals.",
            "cite_spans": [
                {
                    "start": 224,
                    "end": 235,
                    "text": "(Yeung 2018",
                    "ref_id": "BIBREF48"
                },
                {
                    "start": 916,
                    "end": 939,
                    "text": "(Korff and Browne 2013)",
                    "ref_id": "BIBREF26"
                }
            ],
            "ref_spans": [],
            "section": "The Problem of False Positives"
        },
        {
            "text": "Researchers in the field of surveillance studies have often referred to the negative impact of mass surveillance from the perspective of its panopticon effect (Haggerty and Ericson 2000) . The idea of the panopticon was originally defined by nineteenth century philosopher Jeremy Bentham as a prison design which would theoretically allow a single guard to keep all prisoners under surveillance, who at the same time were unable to either see each other, or know when they were watched. The intended effect was to discipline: the fact that one could be watched at any given time but not necessarily all the time, would be enough to encourage inmates to behave correctly. Although the panopticon prison was never built, the idea did exert substantial influence on prison design. In the 1970s, Michel Foucault transposed the panopticon idea to society as a whole (see above, Foucault 1977) . Whether or not one wants to use the panopticon metaphor, the impact of living in a society where everybody is kept under constant surveillance is substantial, particularly when it is hard to tell what will be considered deviant behaviour now or in the future, and by whom. The risk is a \"chilling effect\" in which citizens will be afraid to speak out or display any behaviour which might be considered inappropriate (Haggerty and Ericson 2000) . This may result in mistrust, and people hiding their true selves. Some of my students for instance explained that they maintain two accounts at Instagram: one in which they pose as virtue itself that they may present when a prospective employer or landlord demands access, and another where they post their real life.",
            "cite_spans": [
                {
                    "start": 159,
                    "end": 186,
                    "text": "(Haggerty and Ericson 2000)",
                    "ref_id": "BIBREF23"
                },
                {
                    "start": 873,
                    "end": 887,
                    "text": "Foucault 1977)",
                    "ref_id": "BIBREF19"
                },
                {
                    "start": 1306,
                    "end": 1333,
                    "text": "(Haggerty and Ericson 2000)",
                    "ref_id": "BIBREF23"
                }
            ],
            "ref_spans": [],
            "section": "Conclusion: The Impact of Mass Surveillance and the UN's Sustainability Goals"
        },
        {
            "text": "Not risking to be deviant will eventually also affect economical, scientific and cultural progress. Throughout history, many crucial innovations have been considered deviant at first, such as Copernicus's idea that the earth and the other planets revolve around the sun, instead of earth being the centre of our solar system. Large numbers of writers, painters and other artists we hold in high esteem today, have in their time been confronted with disapproval of their work, and may have even been prosecuted for it. The fact that democratic societies are able to allow a certain level of deviance, helps to explain their success, and why they attract so many people from nations which do not allow the same levels of freedom. In conclusion, the 'chilling effect' of mass surveillance may put at risk sustainable development goals related to ensuring good health and-mental-well-being (SDG 3) decent work and economic growth (SDG 8); and industry, innovation and infrastructure (SDG 9).",
            "cite_spans": [],
            "ref_spans": [],
            "section": "Conclusion: The Impact of Mass Surveillance and the UN's Sustainability Goals"
        },
        {
            "text": "The second problem I identified also follows from the fact that we cannot objectively define deviance, and causes that any attempt at profiling and finding threats through mass surveillance will result in large numbers of false positives. In practice, this problem is aggravated by the fact that powerful private actors increasingly determine what is to be considered deviant. This will inevitably result in bias and social inequalities. An employer may for instance impose surveillance on workers to find out whether they use drugs or regularly drink alcohol, to prevent safety hazards, but the company management will itself be undoubtedly exempt from such requirements although their decisions are potentially far more harmful to people's lives. As we have seen above, it is usually minorities and other lesspowerful groups in society who are considered to be a threat when it comes to for instance crime and terrorism. However, criminologists have underlined time and again that corporate deviance causes much more injury, death and financial harm, although it is often not seen as shocking criminal behaviour. Mass surveillance impacts unevenly on societal groups, and threatens the development goals of reducing inequalities (SDG 10) and promoting peace, justice and strong institutions (SDG 16).",
            "cite_spans": [],
            "ref_spans": [],
            "section": "Conclusion: The Impact of Mass Surveillance and the UN's Sustainability Goals"
        },
        {
            "text": "Although the public has become increasingly aware of the fact that mass surveillance exists, and because of hit series such as \"Black Mirror,\" so far not much seems to be changing in their daily practices. Perhaps the main reason is submission to the notion that being under constant surveillance cannot be avoided (Romele et al. 2017) . But maybe we do see some gradual changes. The big Tech companies are increasingly the object of governmental scrutiny, for instance because of misuse of their monopoly positions, problems with data protection, and tax avoidance. In 2017, the European Commission imposed a fine of \u20ac2.4 Billion on Google for unfairly favouring some of its own services over those of rivals (Scott 2017) . In September 2019, 50 U.S. states and territories announced to investigate Google's alleged monopolistic practices (Romm 2019) . So far, big Tech has been quite successful at fencing off effective regulation of its harvesting of user data (Zuboff 2019) . Whether this situation will continue remains to be seen. For the good of the global community, an approach similar to how the early twentieth century 'robber barons' were contained, through breaking up monopolies on the one hand and effective regulation on the other, should perhaps now be applied to the modern 'robbers of personal data', if we aspire to fulfil the UN's Sustainable Development Goals.",
            "cite_spans": [
                {
                    "start": 315,
                    "end": 335,
                    "text": "(Romele et al. 2017)",
                    "ref_id": "BIBREF39"
                },
                {
                    "start": 710,
                    "end": 722,
                    "text": "(Scott 2017)",
                    "ref_id": "BIBREF41"
                },
                {
                    "start": 840,
                    "end": 851,
                    "text": "(Romm 2019)",
                    "ref_id": "BIBREF40"
                },
                {
                    "start": 964,
                    "end": 977,
                    "text": "(Zuboff 2019)",
                    "ref_id": "BIBREF49"
                }
            ],
            "ref_spans": [],
            "section": "Conclusion: The Impact of Mass Surveillance and the UN's Sustainability Goals"
        }
    ],
    "bib_entries": {
        "BIBREF0": {
            "ref_id": "b0",
            "title": "Exposed: China's operating manuals for mass internment and arrest by algorithm",
            "authors": [
                {
                    "first": "B",
                    "middle": [],
                    "last": "Allen-Ebrahimian",
                    "suffix": ""
                }
            ],
            "year": 2009,
            "venue": "International Consortium of Investigative Journalists",
            "volume": "",
            "issn": "",
            "pages": "",
            "other_ids": {}
        },
        "BIBREF1": {
            "ref_id": "b1",
            "title": "Policing the globe: Criminalization and crime control in international relations",
            "authors": [
                {
                    "first": "P",
                    "middle": [],
                    "last": "Andreas",
                    "suffix": ""
                },
                {
                    "first": "E",
                    "middle": [],
                    "last": "Nadelmann",
                    "suffix": ""
                }
            ],
            "year": 2006,
            "venue": "",
            "volume": "",
            "issn": "",
            "pages": "",
            "other_ids": {}
        },
        "BIBREF2": {
            "ref_id": "b2",
            "title": "Responsive regulation: Transcending the deregulation debate",
            "authors": [
                {
                    "first": "I",
                    "middle": [],
                    "last": "Ayres",
                    "suffix": ""
                },
                {
                    "first": "J",
                    "middle": [],
                    "last": "Braithwaite",
                    "suffix": ""
                }
            ],
            "year": 1992,
            "venue": "",
            "volume": "",
            "issn": "",
            "pages": "",
            "other_ids": {}
        },
        "BIBREF3": {
            "ref_id": "b3",
            "title": "Routledge handbook of surveillance studies",
            "authors": [
                {
                    "first": "K",
                    "middle": [],
                    "last": "Ball",
                    "suffix": ""
                },
                {
                    "first": "K",
                    "middle": [],
                    "last": "Haggerty",
                    "suffix": ""
                }
            ],
            "year": 2012,
            "venue": "",
            "volume": "",
            "issn": "",
            "pages": "",
            "other_ids": {}
        },
        "BIBREF4": {
            "ref_id": "b4",
            "title": "Editorial. The political economy of surveillance",
            "authors": [
                {
                    "first": "K",
                    "middle": [],
                    "last": "Ball",
                    "suffix": ""
                },
                {
                    "first": "D",
                    "middle": [],
                    "last": "Wood",
                    "suffix": ""
                }
            ],
            "year": 2013,
            "venue": "",
            "volume": "11",
            "issn": "",
            "pages": "1--3",
            "other_ids": {}
        },
        "BIBREF5": {
            "ref_id": "b5",
            "title": "The intensification of surveillance. Crime, terrorism and surveillance in the information age",
            "authors": [
                {
                    "first": "K",
                    "middle": [],
                    "last": "Ball",
                    "suffix": ""
                },
                {
                    "first": "F",
                    "middle": [],
                    "last": "Webster",
                    "suffix": ""
                }
            ],
            "year": 2003,
            "venue": "",
            "volume": "",
            "issn": "",
            "pages": "1--15",
            "other_ids": {}
        },
        "BIBREF6": {
            "ref_id": "b6",
            "title": "Risk society: Towards a new modernity",
            "authors": [
                {
                    "first": "U",
                    "middle": [],
                    "last": "Beck",
                    "suffix": ""
                }
            ],
            "year": 1992,
            "venue": "",
            "volume": "",
            "issn": "",
            "pages": "",
            "other_ids": {}
        },
        "BIBREF7": {
            "ref_id": "b7",
            "title": "Outsiders: Studies in the sociology of deviance",
            "authors": [
                {
                    "first": "H",
                    "middle": [],
                    "last": "Becker",
                    "suffix": ""
                }
            ],
            "year": 1963,
            "venue": "",
            "volume": "",
            "issn": "",
            "pages": "",
            "other_ids": {}
        },
        "BIBREF8": {
            "ref_id": "b8",
            "title": "Preventing crime. A holistic approach",
            "authors": [
                {
                    "first": "T",
                    "middle": [],
                    "last": "Bj\u00f8rgo",
                    "suffix": ""
                }
            ],
            "year": 2016,
            "venue": "",
            "volume": "",
            "issn": "",
            "pages": "",
            "other_ids": {}
        },
        "BIBREF9": {
            "ref_id": "b9",
            "title": "Norms, values, and sanctions",
            "authors": [
                {
                    "first": "J",
                    "middle": [],
                    "last": "Blake",
                    "suffix": ""
                },
                {
                    "first": "K",
                    "middle": [],
                    "last": "Davis",
                    "suffix": ""
                }
            ],
            "year": 1964,
            "venue": "Handbook of modern sociology",
            "volume": "",
            "issn": "",
            "pages": "456--484",
            "other_ids": {}
        },
        "BIBREF10": {
            "ref_id": "b10",
            "title": "Symbolic interactionism: Perspective and method",
            "authors": [
                {
                    "first": "H",
                    "middle": [],
                    "last": "Blumer",
                    "suffix": ""
                }
            ],
            "year": 1969,
            "venue": "",
            "volume": "",
            "issn": "",
            "pages": "",
            "other_ids": {}
        },
        "BIBREF11": {
            "ref_id": "b11",
            "title": "De veiligheidsutopie. The Hague: Boom Juridische uitgevers",
            "authors": [
                {
                    "first": "H",
                    "middle": [],
                    "last": "Boutellier",
                    "suffix": ""
                }
            ],
            "year": 2003,
            "venue": "",
            "volume": "",
            "issn": "",
            "pages": "",
            "other_ids": {}
        },
        "BIBREF12": {
            "ref_id": "b12",
            "title": "Situational prevention",
            "authors": [
                {
                    "first": "K",
                    "middle": [],
                    "last": "Bowers",
                    "suffix": ""
                },
                {
                    "first": "S",
                    "middle": [],
                    "last": "Johnson",
                    "suffix": ""
                }
            ],
            "year": 2016,
            "venue": "What works in crime prevention and rehabilitation",
            "volume": "",
            "issn": "",
            "pages": "111--135",
            "other_ids": {}
        },
        "BIBREF13": {
            "ref_id": "b13",
            "title": "Law enforcement intelligence: A guide for state, local, and tribal law enforcement agencies",
            "authors": [
                {
                    "first": "D",
                    "middle": [],
                    "last": "Carter",
                    "suffix": ""
                }
            ],
            "year": 2009,
            "venue": "",
            "volume": "",
            "issn": "",
            "pages": "",
            "other_ids": {}
        },
        "BIBREF14": {
            "ref_id": "b14",
            "title": "State-organized crime",
            "authors": [
                {
                    "first": "W",
                    "middle": [],
                    "last": "Chambliss",
                    "suffix": ""
                }
            ],
            "year": 1989,
            "venue": "Criminology",
            "volume": "27",
            "issn": "2",
            "pages": "183--208",
            "other_ids": {}
        },
        "BIBREF15": {
            "ref_id": "b15",
            "title": "Ungoverned spaces",
            "authors": [
                {
                    "first": "A",
                    "middle": [],
                    "last": "Clunan",
                    "suffix": ""
                },
                {
                    "first": "H",
                    "middle": [],
                    "last": "Trinkunas",
                    "suffix": ""
                }
            ],
            "year": 2010,
            "venue": "",
            "volume": "",
            "issn": "",
            "pages": "",
            "other_ids": {}
        },
        "BIBREF16": {
            "ref_id": "b16",
            "title": "Postscript on the societies of control",
            "authors": [
                {
                    "first": "G",
                    "middle": [],
                    "last": "Deleuze",
                    "suffix": ""
                }
            ],
            "year": 1992,
            "venue": "",
            "volume": "",
            "issn": "",
            "pages": "3--7",
            "other_ids": {}
        },
        "BIBREF17": {
            "ref_id": "b17",
            "title": "The division of labor in society",
            "authors": [
                {
                    "first": "E",
                    "middle": [],
                    "last": "Durkheim",
                    "suffix": ""
                }
            ],
            "year": 1964,
            "venue": "",
            "volume": "",
            "issn": "",
            "pages": "",
            "other_ids": {}
        },
        "BIBREF18": {
            "ref_id": "b18",
            "title": "Crime in an insecure world",
            "authors": [
                {
                    "first": "R",
                    "middle": [],
                    "last": "Ericson",
                    "suffix": ""
                }
            ],
            "year": 2007,
            "venue": "",
            "volume": "",
            "issn": "",
            "pages": "",
            "other_ids": {}
        },
        "BIBREF19": {
            "ref_id": "b19",
            "title": "Discipline and punish: The birth of the prison",
            "authors": [
                {
                    "first": "M",
                    "middle": [],
                    "last": "Foucault",
                    "suffix": ""
                }
            ],
            "year": 1977,
            "venue": "",
            "volume": "",
            "issn": "",
            "pages": "",
            "other_ids": {}
        },
        "BIBREF20": {
            "ref_id": "b20",
            "title": "Sociological perspectives on punishment",
            "authors": [
                {
                    "first": "J",
                    "middle": [],
                    "last": "Garland",
                    "suffix": ""
                }
            ],
            "year": 1991,
            "venue": "Crime and Justice",
            "volume": "14",
            "issn": "",
            "pages": "115--165",
            "other_ids": {}
        },
        "BIBREF21": {
            "ref_id": "b21",
            "title": "Addressing transnational environmental crime: The role of intelligence led policing",
            "authors": [
                {
                    "first": "C",
                    "middle": [],
                    "last": "Gibbs",
                    "suffix": ""
                }
            ],
            "year": 2016,
            "venue": "",
            "volume": "",
            "issn": "",
            "pages": "85--100",
            "other_ids": {}
        },
        "BIBREF22": {
            "ref_id": "b22",
            "title": "State crime: Governments, violence and corruption",
            "authors": [
                {
                    "first": "P",
                    "middle": [],
                    "last": "Green",
                    "suffix": ""
                }
            ],
            "year": 2004,
            "venue": "",
            "volume": "",
            "issn": "",
            "pages": "",
            "other_ids": {}
        },
        "BIBREF23": {
            "ref_id": "b23",
            "title": "The surveillant assemblage",
            "authors": [
                {
                    "first": "K",
                    "middle": [],
                    "last": "Haggerty",
                    "suffix": ""
                },
                {
                    "first": "R",
                    "middle": [],
                    "last": "Ericson",
                    "suffix": ""
                }
            ],
            "year": 2000,
            "venue": "British Journal of Sociology",
            "volume": "51",
            "issn": "4",
            "pages": "605--622",
            "other_ids": {}
        },
        "BIBREF24": {
            "ref_id": "b24",
            "title": "Fitness tracking app Strava gives away location of secret US army bases. The Guardian",
            "authors": [
                {
                    "first": "A",
                    "middle": [],
                    "last": "Hern",
                    "suffix": ""
                }
            ],
            "year": 2018,
            "venue": "",
            "volume": "",
            "issn": "",
            "pages": "",
            "other_ids": {}
        },
        "BIBREF25": {
            "ref_id": "b25",
            "title": "The complicated truth about China's social credit system",
            "authors": [
                {
                    "first": "N",
                    "middle": [],
                    "last": "Kobie",
                    "suffix": ""
                }
            ],
            "year": 2019,
            "venue": "",
            "volume": "",
            "issn": "",
            "pages": "",
            "other_ids": {}
        },
        "BIBREF26": {
            "ref_id": "b26",
            "title": "The use of the Internet & related services, private life & data protection: Trends, technologies, threats and implications",
            "authors": [
                {
                    "first": "D",
                    "middle": [],
                    "last": "Korff",
                    "suffix": ""
                },
                {
                    "first": "I",
                    "middle": [],
                    "last": "Browne",
                    "suffix": ""
                }
            ],
            "year": 2013,
            "venue": "",
            "volume": "",
            "issn": "",
            "pages": "",
            "other_ids": {}
        },
        "BIBREF27": {
            "ref_id": "b27",
            "title": "Public vigilance campaigns and participatory surveillance after 11",
            "authors": [
                {
                    "first": "M",
                    "middle": [],
                    "last": "Larsen",
                    "suffix": ""
                },
                {
                    "first": "J",
                    "middle": [],
                    "last": "Pich\u00e9",
                    "suffix": ""
                }
            ],
            "year": 2001,
            "venue": "Surveillance: Power, problems, and politics",
            "volume": "",
            "issn": "",
            "pages": "187--202",
            "other_ids": {}
        },
        "BIBREF28": {
            "ref_id": "b28",
            "title": "Revealed: How Monsanto's 'intelligence center' targeted journalists and activists. The Guardian",
            "authors": [
                {
                    "first": "S",
                    "middle": [],
                    "last": "Levin",
                    "suffix": ""
                }
            ],
            "year": 2019,
            "venue": "",
            "volume": "",
            "issn": "",
            "pages": "",
            "other_ids": {}
        },
        "BIBREF29": {
            "ref_id": "b29",
            "title": "Tracking & hacking: Security & privacy gaps put American drivers at risk",
            "authors": [
                {
                    "first": "E",
                    "middle": [],
                    "last": "Markey",
                    "suffix": ""
                }
            ],
            "year": 2015,
            "venue": "",
            "volume": "",
            "issn": "",
            "pages": "",
            "other_ids": {}
        },
        "BIBREF30": {
            "ref_id": "b30",
            "title": "Hoe justitie 3,6 miljoen versleutelde berichten van criminelen ontcijfert",
            "authors": [
                {
                    "first": "J",
                    "middle": [],
                    "last": "Meeus",
                    "suffix": ""
                }
            ],
            "year": 2017,
            "venue": "",
            "volume": "",
            "issn": "",
            "pages": "",
            "other_ids": {}
        },
        "BIBREF31": {
            "ref_id": "b31",
            "title": "Predicting violent behavior: An assessment of clinical techniques",
            "authors": [
                {
                    "first": "J",
                    "middle": [],
                    "last": "Monahan",
                    "suffix": ""
                }
            ],
            "year": 1981,
            "venue": "",
            "volume": "",
            "issn": "",
            "pages": "",
            "other_ids": {}
        },
        "BIBREF32": {
            "ref_id": "b32",
            "title": "Strategie\u00ebn tegen Terrorisme",
            "authors": [
                {
                    "first": "E",
                    "middle": [],
                    "last": "Muller",
                    "suffix": ""
                },
                {
                    "first": "G",
                    "middle": [],
                    "last": "Petit",
                    "suffix": ""
                }
            ],
            "year": 2008,
            "venue": "Terrorisme: Studies over Terrorisme en terrorismebestrijding",
            "volume": "",
            "issn": "",
            "pages": "271--308",
            "other_ids": {}
        },
        "BIBREF33": {
            "ref_id": "b33",
            "title": "Under the gaze of the state: ICT use and state surveillance of Eritrean refugees in Italy",
            "authors": [
                {
                    "first": "M",
                    "middle": [],
                    "last": "Opas",
                    "suffix": ""
                },
                {
                    "first": "D",
                    "middle": [],
                    "last": "Mcmurray",
                    "suffix": ""
                }
            ],
            "year": 2015,
            "venue": "Refugee Survey Quarterly",
            "volume": "34",
            "issn": "4",
            "pages": "105--125",
            "other_ids": {}
        },
        "BIBREF34": {
            "ref_id": "b34",
            "title": "Libra: Facebook launches cryptocurrency in bid to shake up global finance. The Guardian",
            "authors": [
                {
                    "first": "K",
                    "middle": [],
                    "last": "Paul",
                    "suffix": ""
                }
            ],
            "year": 2019,
            "venue": "",
            "volume": "",
            "issn": "",
            "pages": "",
            "other_ids": {}
        },
        "BIBREF35": {
            "ref_id": "b35",
            "title": "Your smart TV is watching you watching TV",
            "authors": [
                {
                    "first": "B",
                    "middle": [],
                    "last": "Popken",
                    "suffix": ""
                }
            ],
            "year": 2018,
            "venue": "Consumer Reports finds",
            "volume": "",
            "issn": "",
            "pages": "",
            "other_ids": {}
        },
        "BIBREF36": {
            "ref_id": "b36",
            "title": "The risk management of everything: Rethinking the politics of uncertainty",
            "authors": [
                {
                    "first": "M",
                    "middle": [],
                    "last": "Power",
                    "suffix": ""
                }
            ],
            "year": 2004,
            "venue": "",
            "volume": "",
            "issn": "",
            "pages": "",
            "other_ids": {}
        },
        "BIBREF37": {
            "ref_id": "b37",
            "title": "Intelligence-led policing",
            "authors": [
                {
                    "first": "J",
                    "middle": [],
                    "last": "Ratcliffe",
                    "suffix": ""
                }
            ],
            "year": 2008,
            "venue": "",
            "volume": "",
            "issn": "",
            "pages": "",
            "other_ids": {}
        },
        "BIBREF38": {
            "ref_id": "b38",
            "title": "Politicians can't control the digital giants with rules drawn up in the analogue era",
            "authors": [
                {
                    "first": "A",
                    "middle": [],
                    "last": "Rawnsley",
                    "suffix": ""
                }
            ],
            "year": 2018,
            "venue": "",
            "volume": "",
            "issn": "",
            "pages": "",
            "other_ids": {}
        },
        "BIBREF39": {
            "ref_id": "b39",
            "title": "Panopticism is not enough: Social media as technologies of voluntary servitude",
            "authors": [
                {
                    "first": "A",
                    "middle": [],
                    "last": "Romele",
                    "suffix": ""
                },
                {
                    "first": "F",
                    "middle": [],
                    "last": "Gallino",
                    "suffix": ""
                },
                {
                    "first": "C",
                    "middle": [],
                    "last": "Emmenegger",
                    "suffix": ""
                },
                {
                    "first": "D",
                    "middle": [],
                    "last": "Gorgone",
                    "suffix": ""
                }
            ],
            "year": 2017,
            "venue": "Surveillance & Society",
            "volume": "15",
            "issn": "2",
            "pages": "204--221",
            "other_ids": {}
        },
        "BIBREF40": {
            "ref_id": "b40",
            "title": "Google target of antitrust investigation led by 50 U.S. states and territories",
            "authors": [
                {
                    "first": "T",
                    "middle": [],
                    "last": "Romm",
                    "suffix": ""
                }
            ],
            "year": 2019,
            "venue": "Nationalpost.com",
            "volume": "",
            "issn": "",
            "pages": "",
            "other_ids": {}
        },
        "BIBREF41": {
            "ref_id": "b41",
            "title": "Google Fined Record $2.7 Billion in E.U. Antitrust Ruling. The New York Times",
            "authors": [
                {
                    "first": "M",
                    "middle": [],
                    "last": "Scott",
                    "suffix": ""
                }
            ],
            "year": 2017,
            "venue": "",
            "volume": "",
            "issn": "",
            "pages": "",
            "other_ids": {}
        },
        "BIBREF42": {
            "ref_id": "b42",
            "title": "An Investigator's Christmas Carol: Past, present, and future law enforcement agency data mining practices",
            "authors": [
                {
                    "first": "J",
                    "middle": [],
                    "last": "Sherer",
                    "suffix": ""
                },
                {
                    "first": "N",
                    "middle": [],
                    "last": "Sterling",
                    "suffix": ""
                },
                {
                    "first": "L",
                    "middle": [],
                    "last": "Burger",
                    "suffix": ""
                },
                {
                    "first": "M",
                    "middle": [],
                    "last": "Banaschik",
                    "suffix": ""
                },
                {
                    "first": "A",
                    "middle": [],
                    "last": "Taal",
                    "suffix": ""
                }
            ],
            "year": 2018,
            "venue": "Cyber criminology, advanced sciences and technologies for security applications",
            "volume": "",
            "issn": "",
            "pages": "251--273",
            "other_ids": {}
        },
        "BIBREF43": {
            "ref_id": "b43",
            "title": "Public stereotypes of deviants",
            "authors": [
                {
                    "first": "J",
                    "middle": [],
                    "last": "Simmons",
                    "suffix": ""
                }
            ],
            "year": 1965,
            "venue": "Social Problems",
            "volume": "13",
            "issn": "2",
            "pages": "223--232",
            "other_ids": {}
        },
        "BIBREF44": {
            "ref_id": "b44",
            "title": "Interactie tussen criminaliteit en opsporing",
            "authors": [
                {
                    "first": "T",
                    "middle": [],
                    "last": "Spapens",
                    "suffix": ""
                }
            ],
            "year": 2006,
            "venue": "",
            "volume": "",
            "issn": "",
            "pages": "",
            "other_ids": {}
        },
        "BIBREF45": {
            "ref_id": "b45",
            "title": "Fraudsters used AI to mimic CEO's voice in unusual cybercrime case",
            "authors": [
                {
                    "first": "C",
                    "middle": [],
                    "last": "Stupp",
                    "suffix": ""
                }
            ],
            "year": 2019,
            "venue": "The Wall Street Journal",
            "volume": "",
            "issn": "",
            "pages": "",
            "other_ids": {}
        },
        "BIBREF46": {
            "ref_id": "b46",
            "title": "Transnational organized crime networks across the world",
            "authors": [
                {
                    "first": "J",
                    "middle": [],
                    "last": "Dijk",
                    "suffix": ""
                },
                {
                    "first": "T",
                    "middle": [],
                    "last": "Spapens",
                    "suffix": ""
                }
            ],
            "year": 2013,
            "venue": "Transnational organized crime. An overview from six continents",
            "volume": "",
            "issn": "",
            "pages": "7--27",
            "other_ids": {}
        },
        "BIBREF47": {
            "ref_id": "b47",
            "title": "The handbook of crime and punishment",
            "authors": [
                {
                    "first": "A",
                    "middle": [],
                    "last": "Von Hirsch",
                    "suffix": ""
                }
            ],
            "year": 1998,
            "venue": "",
            "volume": "",
            "issn": "",
            "pages": "659--682",
            "other_ids": {}
        },
        "BIBREF48": {
            "ref_id": "b48",
            "title": "A study of the implications of advanced digital technologies (including AI systems) for the concept of responsibility within a human rights framework",
            "authors": [
                {
                    "first": "K",
                    "middle": [],
                    "last": "Yeung",
                    "suffix": ""
                }
            ],
            "year": 2018,
            "venue": "Council of Europe. MSI-AUT",
            "volume": "",
            "issn": "",
            "pages": "",
            "other_ids": {}
        },
        "BIBREF49": {
            "ref_id": "b49",
            "title": "The age of surveillance capitalism",
            "authors": [
                {
                    "first": "S",
                    "middle": [],
                    "last": "Zuboff",
                    "suffix": ""
                }
            ],
            "year": 2019,
            "venue": "",
            "volume": "",
            "issn": "",
            "pages": "",
            "other_ids": {}
        },
        "BIBREF50": {
            "ref_id": "b50",
            "title": "His PhD focused on the question how criminals adapt to special investigative techniques used by enforcement agencies, such as surveillance and interception of communication. His recent projects concerned the use of administrative law, and powers to maintain public order, for the prevention and disruption of crime (2015); prevention of intergenerational transmission of delinquent behavior in families involved in organized crime (2017, 2020); and criminals who engage in philanthropic activities, through sponsoring of sports clubs and good causes",
            "authors": [],
            "year": 2014,
            "venue": "",
            "volume": "",
            "issn": "",
            "pages": "",
            "other_ids": {}
        },
        "BIBREF51": {
            "ref_id": "b51",
            "title": "Environmental Crimes in Transnational Context (2016) and Green Crimes and Dirty Money",
            "authors": [],
            "year": 2018,
            "venue": "",
            "volume": "",
            "issn": "",
            "pages": "",
            "other_ids": {}
        }
    },
    "ref_entries": {},
    "back_matter": []
}