{
    "paper_id": "007b0718b7fa24d93de07dcab13fe5245faa9862",
    "metadata": {
        "title": "Lassa fever response team of The Netherlands",
        "authors": [
            {
                "first": "Femke",
                "middle": [],
                "last": "Overbosch\u00b9",
                "suffix": "",
                "affiliation": {},
                "email": ""
            },
            {
                "first": "Mark",
                "middle": [],
                "last": "De Boer\u00b2",
                "suffix": "",
                "affiliation": {},
                "email": ""
            },
            {
                "first": "Karin",
                "middle": [
                    "Ellen"
                ],
                "last": "Veldkamp\u00b3",
                "suffix": "",
                "affiliation": {},
                "email": ""
            },
            {
                "first": "Pauline",
                "middle": [],
                "last": "Ellerbroek\u2074",
                "suffix": "",
                "affiliation": {},
                "email": ""
            },
            {
                "first": "Chantal",
                "middle": [
                    "P"
                ],
                "last": "Bleeker-Rovers\u2075",
                "suffix": "",
                "affiliation": {},
                "email": ""
            },
            {
                "first": "Bram",
                "middle": [],
                "last": "Goorhuis\u2076",
                "suffix": "",
                "affiliation": {},
                "email": ""
            },
            {
                "first": "Michele",
                "middle": [],
                "last": "Van Vugt\u2076",
                "suffix": "",
                "affiliation": {},
                "email": ""
            },
            {
                "first": "Annemiek",
                "middle": [],
                "last": "Van Der Eijk\u2077",
                "suffix": "",
                "affiliation": {},
                "email": ""
            },
            {
                "first": "Tjalling",
                "middle": [],
                "last": "Leenstra\u2078",
                "suffix": "",
                "affiliation": {},
                "email": ""
            },
            {
                "first": "Martin",
                "middle": [],
                "last": "Khargi\u2079",
                "suffix": "",
                "affiliation": {},
                "email": ""
            },
            {
                "first": "Jeanette",
                "middle": [],
                "last": "Ros",
                "suffix": "",
                "affiliation": {},
                "email": ""
            },
            {
                "first": "Diederik",
                "middle": [],
                "last": "Brandwagt",
                "suffix": "",
                "affiliation": {},
                "email": ""
            },
            {
                "first": "Manon",
                "middle": [],
                "last": "Haverkate",
                "suffix": "",
                "affiliation": {},
                "email": ""
            },
            {
                "first": "Corien",
                "middle": [],
                "last": "Swaan",
                "suffix": "",
                "affiliation": {},
                "email": ""
            },
            {
                "first": "Chantal",
                "middle": [],
                "last": "Reusken",
                "suffix": "",
                "affiliation": {},
                "email": ""
            },
            {
                "first": "Aura",
                "middle": [],
                "last": "Timen",
                "suffix": "",
                "affiliation": {},
                "email": ""
            },
            {
                "first": "Marion",
                "middle": [],
                "last": "Koopmans\u2077",
                "suffix": "",
                "affiliation": {},
                "email": ""
            },
            {
                "first": "Jaap",
                "middle": [],
                "last": "Van Dissel",
                "suffix": "",
                "affiliation": {
                    "laboratory": "",
                    "institution": "Leiden University Medical Center",
                    "location": {
                        "settlement": "Leiden",
                        "country": "the Netherlands"
                    }
                },
                "email": ""
            },
            {
                "first": "Overbosch",
                "middle": [],
                "last": "Femke",
                "suffix": "",
                "affiliation": {},
                "email": ""
            },
            {
                "first": "Boer",
                "middle": [],
                "last": "Mark",
                "suffix": "",
                "affiliation": {},
                "email": ""
            },
            {
                "first": "Karin",
                "middle": [],
                "last": "Ellen",
                "suffix": "",
                "affiliation": {},
                "email": ""
            },
            {
                "first": "Ellerbroek",
                "middle": [],
                "last": "Pauline",
                "suffix": "",
                "affiliation": {},
                "email": ""
            },
            {
                "first": "Bleeker-Rovers",
                "middle": [],
                "last": "Chantal",
                "suffix": "",
                "affiliation": {},
                "email": ""
            },
            {
                "first": "P",
                "middle": [],
                "last": "",
                "suffix": "",
                "affiliation": {},
                "email": ""
            },
            {
                "first": "Goorhuis",
                "middle": [],
                "last": "Bram",
                "suffix": "",
                "affiliation": {},
                "email": ""
            },
            {
                "first": "Vugt",
                "middle": [],
                "last": "Michele",
                "suffix": "",
                "affiliation": {},
                "email": ""
            },
            {
                "first": "Leenstra",
                "middle": [],
                "last": "Van Der Eijk Annemiek",
                "suffix": "",
                "affiliation": {},
                "email": ""
            },
            {
                "first": "Khargi",
                "middle": [],
                "last": "Tjalling",
                "suffix": "",
                "affiliation": {},
                "email": ""
            },
            {
                "first": "Ros",
                "middle": [],
                "last": "Martin",
                "suffix": "",
                "affiliation": {},
                "email": ""
            },
            {
                "first": "Brandwagt",
                "middle": [],
                "last": "Jeanette",
                "suffix": "",
                "affiliation": {},
                "email": ""
            },
            {
                "first": "Haverkate",
                "middle": [],
                "last": "Diederik",
                "suffix": "",
                "affiliation": {},
                "email": ""
            },
            {
                "first": "Swaan",
                "middle": [],
                "last": "Manon",
                "suffix": "",
                "affiliation": {},
                "email": ""
            },
            {
                "first": "Reusken",
                "middle": [],
                "last": "Corien",
                "suffix": "",
                "affiliation": {},
                "email": ""
            },
            {
                "first": "Timen",
                "middle": [],
                "last": "Chantal",
                "suffix": "",
                "affiliation": {},
                "email": ""
            },
            {
                "first": "Koopmans",
                "middle": [],
                "last": "Aura",
                "suffix": "",
                "affiliation": {},
                "email": ""
            },
            {
                "first": "",
                "middle": [],
                "last": "Marion",
                "suffix": "",
                "affiliation": {},
                "email": ""
            },
            {
                "first": "Dissel",
                "middle": [],
                "last": "Jaap",
                "suffix": "",
                "affiliation": {},
                "email": ""
            }
        ]
    },
    "abstract": [],
    "body_text": [
        {
            "text": "On 20 November 2019, Lassa fever was diagnosed in a physician repatriated from Sierra Leone to the Netherlands. A second physician with suspected Lassa fever, repatriated a few days later from the same healthcare facility, was confirmed infected with Lassa virus on 21 November. Comprehensive contact monitoring involving high-and low-risk contacts proved to be feasible and follow-up of the contacts did not reveal any case of secondary transmission in the Netherlands.",
            "cite_spans": [],
            "ref_spans": [],
            "section": ""
        },
        {
            "text": "Two patients with Lassa haemorrhagic fever were diagnosed following nosocomial exposure in a hospital in the district Tonkolili in Sierra Leone. We aimed to reconstruct the measures undertaken regarding the patients and their contacts, identify the lessons learned and formulate recommendations for future cases of importation of patients with haemorrhagic fever.",
            "cite_spans": [],
            "ref_spans": [],
            "section": ""
        },
        {
            "text": "Both cases -Case 1 (C1) and Case 2 (C2) -had been working in a rural hospital in the Tonkolili district in Sierra Leone. On 4 November 2019, two Dutch healthcare workers (C1 and C2) and one local (C3) participated in obstetric surgical procedures in two local patients who were later presumed to be the source of Lassa virus (LASV) infection. One patient died on the day of surgery after resuscitation during which C1 was not wearing optimal personal protective equipment (PPE). The other patient died 2 weeks later. Haemorrhage was reported in both patients.",
            "cite_spans": [],
            "ref_spans": [],
            "section": "Epidemiological description of the case patients"
        },
        {
            "text": "On 11 November, while attending an international course in Freetown, C1 started to develop non-specific symptoms (headache, muscle ache, arthralgia, fever, diarrhoea, vomiting and cough). C1 was treated locally for the most probable tropical diseases (such as malaria and typhoid fever).",
            "cite_spans": [],
            "ref_spans": [],
            "section": "Epidemiological description of the case patients"
        },
        {
            "text": "After 8 days of persisting symptoms, C1 was medically evacuated to the Netherlands on 19 November on a commercially run private plane with a German flight crew, with a transit in Morocco. No specific infection precautions were taken on the flight. C1 was initially transferred by ambulance (Ambulance 1) to the Amsterdam University Medical Center (location AMC, Hospital 1), also without specific infection precautions. Staff in the hospital used MRSA (meticillin-resistant Staphylococcus aureus) airborne strict isolation measures and PPE (gloves, FFP2 masks and gowns). Upon suspicion of Lassa fever, C1 was relocated in a dedicated ambulance (Ambulance 2) to the Leiden University Medical Center (LUMC, Hospital 2) dedicated facility for treatment of highly contagious infections. The diagnosis of Lassa fever was confirmed on 20 November by RT-PCR and genome sequencing performed at Erasmus Medical Center (EMC) in Rotterdam. After rapid clinical deterioration, the patient died on 23 November. Stringent hygienic precautions were taken for management of the corpse.",
            "cite_spans": [],
            "ref_spans": [],
            "section": "Epidemiological description of the case patients"
        },
        {
            "text": "C2 also started to develop non-specific symptoms (fever, vomiting and anorexia) on 11 November and was unsuccessfully treated in Sierra Leone for the most probable tropical diseases. RT-PCR on plasma samples of C2, sent to the EMC, tested positive for LASV on 21 November at and the decision was made for medical evacuation to the Netherlands. In a clinically stable condition, C2 was airlifted on 23 November under strict isolation measures by a French flight crew of Airlec Medical. C2 was transported in a dedicated ambulance (Ambulance 3) to the Major Incident Hospital at the University Medical Centre Utrecht (UMCU, Hospital 3), and admitted to a facility for highly contagious infections. C2 was discharged on 12 December, after two negative results within an interval of 48 h in serum tests for presence of LASV RNA. The patient was discharged into home isolation; as LASV RNA remained positive in the urine, strict instructions regarding hygiene were enforced until urine tested negative after 12 days.",
            "cite_spans": [],
            "ref_spans": [],
            "section": "Epidemiological description of the case patients"
        },
        {
            "text": "C3 was a local healthcare worker who was confirmed with Lassa fever infection by the authorities in Sierra Leone. The case history and contact tracing around this case are not part of this report.",
            "cite_spans": [],
            "ref_spans": [],
            "section": "Epidemiological description of the case patients"
        },
        {
            "text": "Contact tracing was initiated upon confirmation of the diagnosis in C1 as viral haemorrhagic fevers are mandatorily notifiable according to Dutch law [1] . Immediately, a response team convened at the Centre for Communicable Diseases (CIb), consisting of representatives of the hospitals, the reference laboratory (EMC), involved public health services (PHS 1-5), ambulance services and experts from the CIb. The response team provided scientific advice on the risk assessment, risk classification and control measures regarding contacts and coordinated the risk communication [2, 3] .",
            "cite_spans": [
                {
                    "start": 150,
                    "end": 153,
                    "text": "[1]",
                    "ref_id": "BIBREF1"
                },
                {
                    "start": 577,
                    "end": 580,
                    "text": "[2,",
                    "ref_id": "BIBREF2"
                },
                {
                    "start": 581,
                    "end": 583,
                    "text": "3]",
                    "ref_id": "BIBREF3"
                }
            ],
            "ref_spans": [],
            "section": "Contact tracing"
        },
        {
            "text": "The contacts of C1 and C2 (including all transportation and hospital staff) were interviewed to assess the intensity of exposure to the cases. All Dutch healthcare workers repatriated from Sierra Leone and the ones who were contacts of the presumed source patients were listed. Contacts were classified into three risk groups according to the nature of their exposure (Table) . The control measures were targeted to each risk level, a procedure validated in a previous case [4, 5] .",
            "cite_spans": [
                {
                    "start": 474,
                    "end": 477,
                    "text": "[4,",
                    "ref_id": "BIBREF4"
                },
                {
                    "start": 478,
                    "end": 480,
                    "text": "5]",
                    "ref_id": "BIBREF5"
                }
            ],
            "ref_spans": [
                {
                    "start": 368,
                    "end": 375,
                    "text": "(Table)",
                    "ref_id": null
                }
            ],
            "section": "Contact tracing"
        },
        {
            "text": "In total, 164 contacts who (temporarily) resided in the Netherlands were identified for follow-up. Nineteen were classified as high-risk contacts [6] (Figure) . Monitoring of high-and low-risk contacts, respectively, ended on 15 December and 2 January 2020, 21 days after the last exposure (Table) . Post-exposure prophylaxis (PEP) was not prescribed to contacts in the Netherlands. Two contacts (one high-and one low-risk) developed a fever, but an acute LASV infection was excluded in EDTA-plasma with RT-PCR. All high-risk contacts were considered as non-infected as paired serum samples taken at the beginning and at the end of the tracing of high risk contacts revealed no seroconversion for LASV-specific IgM and IgG by both immunofluorescence assay and ELISA (Bernhard Nocht Institute, Hamburg, Germany). The figure displays the confirmed cases (C1, C2, C3), the presumed source patients and those contacts that were followed up in the Netherlands. The figure does therefore not display: the 14 sporadic cases identified in the Netherlands, the high-and low-risk contacts identified elsewhere in the European Union, the German and French flight crews, the local and Dutch contacts of C1 and C2 who resided in Sierra Leone and the local contacts and secondary cases of the presumed source patients who resided in Sierra Leone.",
            "cite_spans": [
                {
                    "start": 146,
                    "end": 149,
                    "text": "[6]",
                    "ref_id": "BIBREF6"
                }
            ],
            "ref_spans": [
                {
                    "start": 150,
                    "end": 158,
                    "text": "(Figure)",
                    "ref_id": null
                },
                {
                    "start": 290,
                    "end": 297,
                    "text": "(Table)",
                    "ref_id": null
                }
            ],
            "section": "Contact monitoring"
        },
        {
            "text": "Contact tree representing the high-and low-risk contacts in the Netherlands of the assumed source patients in Sierra Leone and of two Dutch healthcare workers diagnosed with confirmed Lassa fever, the Netherlands, December 2019 (n = 150) Hosp: hospital; PHS: Public Health Service.",
            "cite_spans": [],
            "ref_spans": [],
            "section": "Figure"
        },
        {
            "text": "Dedicated air transportation was arranged for five Dutch high-risk contacts and British contacts who still resided in Sierra Leone. Other contacts in Europe were identified, according to the stepwise backwards contact tracing starting with the air ambulance, in Germany (n = 5), the United Kingdom (UK) (n = 18), Denmark (n = 5) and Norway (n = 2).These contacts have been followed up by the corresponding national authorities, but further spread has not been reported.",
            "cite_spans": [],
            "ref_spans": [],
            "section": "Figure"
        },
        {
            "text": "Communication with a representative of the hospital in Sierra Leone was established and criteria were exchanged for the identification and monitoring of persons who had potentially been exposed locally. As the contact investigation had revealed contacts from other countries, authorities in Germany, the UK, Denmark and Norway were informed between 20 and 27 November using the Early Warning and Response System (EWRS) of the European Union (EU). On 20 November, an official notification was issued through the EWRS and the World Health Organization Event Information Site. The International Health Regulations National Focal Points of Sierra Leone and Morocco were officially informed by the Dutch authorities.",
            "cite_spans": [],
            "ref_spans": [],
            "section": "Figure"
        },
        {
            "text": "Lassa virus is a single-stranded RNA virus belonging to the family Arenaviridae. It is endemic in several West African countries, in particular Sierra Leone, Liberia, Guinea and Nigeria, although cases had been reported only sporadically in the Tonkolili region [7, 8] . Rodents act as a reservoir and shed the virus in urine and droppings. Humans become infected through contact with contaminated rodent excreta, e.g. via objects or inhalation of aerosols. Human-to-human transmission is primarily nosocomial through patients' body fluids or contaminated fomites when PPE is not in place [5] .",
            "cite_spans": [
                {
                    "start": 262,
                    "end": 265,
                    "text": "[7,",
                    "ref_id": "BIBREF7"
                },
                {
                    "start": 266,
                    "end": 268,
                    "text": "8]",
                    "ref_id": "BIBREF8"
                },
                {
                    "start": 589,
                    "end": 592,
                    "text": "[5]",
                    "ref_id": "BIBREF5"
                }
            ],
            "ref_spans": [],
            "section": "Discussion"
        },
        {
            "text": "Lassa virus causes an estimated 300,000 infections per year worldwide with, in 80% of the cases, no or very mild symptoms and, in 20% of cases, severe disease (haemorrhages and multi-organ failure) [6, 9] . The case fatality is 15-20% in hospitalised cases [10] . There is no evidence of human-to-human transmission from asymptomatic carriers, but well-designed studies to address this question are lacking [9, 11] .",
            "cite_spans": [
                {
                    "start": 198,
                    "end": 201,
                    "text": "[6,",
                    "ref_id": "BIBREF6"
                },
                {
                    "start": 202,
                    "end": 204,
                    "text": "9]",
                    "ref_id": "BIBREF9"
                },
                {
                    "start": 257,
                    "end": 261,
                    "text": "[10]",
                    "ref_id": "BIBREF10"
                },
                {
                    "start": 407,
                    "end": 410,
                    "text": "[9,",
                    "ref_id": "BIBREF9"
                },
                {
                    "start": 411,
                    "end": 414,
                    "text": "11]",
                    "ref_id": "BIBREF11"
                }
            ],
            "ref_spans": [],
            "section": "Discussion"
        },
        {
            "text": "This report shows that LASV can pose an infection risk during routine invasive hospital procedures involving patients in endemic areas, in particular on maternity wards as LASV has a high affinity for placenta and vascular tissues [7, 12] . Awareness of the local risks and implementation of standard precautions to reduce the risk of transmission of blood-borne pathogens are essential to prevent nosocomial transmission [8, 13] . As LASV infection is initially difficult to diagnose clinically, rapid and accurate differential laboratory diagnostics are crucial to initiate appropriate supporting care and to set up measures to prevent human-to-human transmission [9, 10] . PEP with ribavirin was not advised for contacts in the Netherlands because the evidence on effectiveness is inconclusive while potential side effects can be severe [14, 15] . Favipiravir and experimental monoclonal antibodies (which have shown encouraging results in animal models) were procured, to be used upon clinical indication [16] .",
            "cite_spans": [
                {
                    "start": 231,
                    "end": 234,
                    "text": "[7,",
                    "ref_id": "BIBREF7"
                },
                {
                    "start": 235,
                    "end": 238,
                    "text": "12]",
                    "ref_id": "BIBREF12"
                },
                {
                    "start": 422,
                    "end": 425,
                    "text": "[8,",
                    "ref_id": "BIBREF8"
                },
                {
                    "start": 426,
                    "end": 429,
                    "text": "13]",
                    "ref_id": "BIBREF13"
                },
                {
                    "start": 666,
                    "end": 669,
                    "text": "[9,",
                    "ref_id": "BIBREF9"
                },
                {
                    "start": 670,
                    "end": 673,
                    "text": "10]",
                    "ref_id": "BIBREF10"
                },
                {
                    "start": 840,
                    "end": 844,
                    "text": "[14,",
                    "ref_id": "BIBREF14"
                },
                {
                    "start": 845,
                    "end": 848,
                    "text": "15]",
                    "ref_id": "BIBREF15"
                },
                {
                    "start": 1009,
                    "end": 1013,
                    "text": "[16]",
                    "ref_id": "BIBREF16"
                }
            ],
            "ref_spans": [],
            "section": "Discussion"
        },
        {
            "text": "The psychosocial burden of the death of the Dutch healthcare worker and of the measures on the patients, contacts and their families was reported as considerable. Protocols are required that adequately balance the necessary containment measures and the psychosocial burden on patients, contacts and care providers [10] . The response teams in the involved countries in the EU and European Economic Area appeared to use different Lassa fever protocols regarding PEP and testing of asymptomatic contacts (personal communication, UK EWRS team, 23 November 2019). There is a clear need for evidence-based practices implemented in standardised policies across countries.",
            "cite_spans": [
                {
                    "start": 314,
                    "end": 318,
                    "text": "[10]",
                    "ref_id": "BIBREF10"
                }
            ],
            "ref_spans": [],
            "section": "Discussion"
        }
    ],
    "bib_entries": {
        "BIBREF0": {
            "ref_id": "b0",
            "title": "Martin Grobusch (AUMC location AMC)",
            "authors": [],
            "year": null,
            "venue": "Gini van Rijckevorsel (RIVM), Dorothee Rosskamp (RIVM), Janke Schinkel (AUMC, location AMC), Anja Schreijer (PHS Amsterdam), Loes Soetens (RIVM), Marloes Stradmeijer (PHS Hollands Midden), Marieke Timmer (RIVM), Jans Velzing (Erasmus MC), Leo Visser (LUMC), Jolanda Voermans (Erasmus MC)",
            "volume": "",
            "issn": "",
            "pages": "",
            "other_ids": {}
        },
        "BIBREF1": {
            "ref_id": "b1",
            "title": "National Coordination Centre for Communicable Disease Control (LCI)",
            "authors": [],
            "year": null,
            "venue": "",
            "volume": "",
            "issn": "",
            "pages": "",
            "other_ids": {}
        },
        "BIBREF2": {
            "ref_id": "b2",
            "title": "Middle East respiratory syndrome coronavirus (MERS-CoV) infections in two returning travellers in the Netherlands",
            "authors": [
                {
                    "first": "M",
                    "middle": [],
                    "last": "Kraaij-Dirkzwager",
                    "suffix": ""
                },
                {
                    "first": "A",
                    "middle": [],
                    "last": "Timen",
                    "suffix": ""
                },
                {
                    "first": "K",
                    "middle": [],
                    "last": "Dirksen",
                    "suffix": ""
                },
                {
                    "first": "L",
                    "middle": [],
                    "last": "Gelinck",
                    "suffix": ""
                },
                {
                    "first": "E",
                    "middle": [],
                    "last": "Leyten",
                    "suffix": ""
                },
                {
                    "first": "P",
                    "middle": [],
                    "last": "Groeneveld",
                    "suffix": ""
                }
            ],
            "year": 2014,
            "venue": "Euro Surveill",
            "volume": "19",
            "issn": "21",
            "pages": "",
            "other_ids": {
                "DOI": [
                    "10.2807/1560-7917.ES2014.19.21.20817"
                ],
                "PMID": [
                    "24906375"
                ]
            }
        },
        "BIBREF3": {
            "ref_id": "b3",
            "title": "Response to imported case of Marburg hemorrhagic fever, the Netherland",
            "authors": [
                {
                    "first": "A",
                    "middle": [],
                    "last": "Timen",
                    "suffix": ""
                },
                {
                    "first": "M",
                    "middle": [
                        "P"
                    ],
                    "last": "Koopmans",
                    "suffix": ""
                },
                {
                    "first": "A",
                    "middle": [
                        "C"
                    ],
                    "last": "Vossen",
                    "suffix": ""
                },
                {
                    "first": "G",
                    "middle": [
                        "J"
                    ],
                    "last": "Van Doornum",
                    "suffix": ""
                },
                {
                    "first": "S",
                    "middle": [],
                    "last": "G\u00fcnther",
                    "suffix": ""
                },
                {
                    "first": "F",
                    "middle": [],
                    "last": "Van Den Berkmortel",
                    "suffix": ""
                }
            ],
            "year": 2009,
            "venue": "Emerg Infect Dis",
            "volume": "15",
            "issn": "8",
            "pages": "1171--1176",
            "other_ids": {
                "DOI": [
                    "10.3201/eid1508.090015"
                ],
                "PMID": [
                    "19751577"
                ]
            }
        },
        "BIBREF4": {
            "ref_id": "b4",
            "title": "Public health management of fatal case of Lassa fever in the Netherlands",
            "authors": [
                {
                    "first": "J",
                    "middle": [],
                    "last": "Van Steenbergen",
                    "suffix": ""
                },
                {
                    "first": "S",
                    "middle": [],
                    "last": "Wijnands",
                    "suffix": ""
                }
            ],
            "year": 2000,
            "venue": "Euro Surveill",
            "volume": "4",
            "issn": "31",
            "pages": "",
            "other_ids": {}
        },
        "BIBREF5": {
            "ref_id": "b5",
            "title": "Een man met fatale Lassa-koorts na een verblijf in Sierra Leone. [A man with fatal Lassa fever following a stay in Sierra Leone",
            "authors": [
                {
                    "first": "P",
                    "middle": [
                        "J"
                    ],
                    "last": "Veldkamp",
                    "suffix": ""
                },
                {
                    "first": "E",
                    "middle": [
                        "F"
                    ],
                    "last": "Schippers",
                    "suffix": ""
                }
            ],
            "year": 2002,
            "venue": "Ned Tijdschr Geneeskd",
            "volume": "146",
            "issn": "46",
            "pages": "2201--2205",
            "other_ids": {
                "PMID": [
                    "12467165"
                ]
            }
        },
        "BIBREF6": {
            "ref_id": "b6",
            "title": "Lassa fever. Fact sheet. Geneva: WHO",
            "authors": [],
            "year": 2017,
            "venue": "",
            "volume": "",
            "issn": "",
            "pages": "",
            "other_ids": {}
        },
        "BIBREF7": {
            "ref_id": "b7",
            "title": "Retrospective cohort study of Lassa fever in pregnancy, Southern Nigeria",
            "authors": [
                {
                    "first": "S",
                    "middle": [],
                    "last": "Okogbenin",
                    "suffix": ""
                },
                {
                    "first": "J",
                    "middle": [],
                    "last": "Okoeguale",
                    "suffix": ""
                },
                {
                    "first": "G",
                    "middle": [],
                    "last": "Akpede",
                    "suffix": ""
                },
                {
                    "first": "A",
                    "middle": [],
                    "last": "Colubri",
                    "suffix": ""
                },
                {
                    "first": "K",
                    "middle": [
                        "G"
                    ],
                    "last": "Barnes",
                    "suffix": ""
                },
                {
                    "first": "S",
                    "middle": [],
                    "last": "Mehta",
                    "suffix": ""
                }
            ],
            "year": 2019,
            "venue": "Emerg Infect Dis",
            "volume": "25",
            "issn": "8",
            "pages": "1494--500",
            "other_ids": {
                "DOI": [
                    "10.3201/eid2508.181299"
                ],
                "PMID": [
                    "31310586"
                ]
            }
        },
        "BIBREF8": {
            "ref_id": "b8",
            "title": "Lassa fever -the Netherlands (ex -Sierra Leone)",
            "authors": [],
            "year": 2019,
            "venue": "",
            "volume": "",
            "issn": "",
            "pages": "",
            "other_ids": {}
        },
        "BIBREF9": {
            "ref_id": "b9",
            "title": "Lassa fever: With 50 years of study, hundreds of thousands of patients and an extremely high disease burden, what have we learned?",
            "authors": [
                {
                    "first": "L",
                    "middle": [
                        "E"
                    ],
                    "last": "Garnett",
                    "suffix": ""
                },
                {
                    "first": "J",
                    "middle": [
                        "E"
                    ],
                    "last": "Strong",
                    "suffix": ""
                }
            ],
            "year": 2019,
            "venue": "Curr Opin Virol",
            "volume": "37",
            "issn": "",
            "pages": "123--154",
            "other_ids": {
                "DOI": [
                    "10.1016/j.coviro.2019.07.009"
                ],
                "PMID": [
                    "31479990"
                ]
            }
        },
        "BIBREF10": {
            "ref_id": "b10",
            "title": "Lassa fever in travelers from West Africa",
            "authors": [
                {
                    "first": "A",
                    "middle": [],
                    "last": "Kofman",
                    "suffix": ""
                },
                {
                    "first": "M",
                    "middle": [
                        "J"
                    ],
                    "last": "Choi",
                    "suffix": ""
                },
                {
                    "first": "P",
                    "middle": [
                        "E"
                    ],
                    "last": "Rollin",
                    "suffix": ""
                }
            ],
            "year": 2019,
            "venue": "Emerg Infect Dis",
            "volume": "25",
            "issn": "2",
            "pages": "245--253",
            "other_ids": {
                "DOI": [
                    "10.3201/eid2502.180836"
                ],
                "PMID": [
                    "30666924"
                ]
            }
        },
        "BIBREF11": {
            "ref_id": "b11",
            "title": "Lassa fever: A clinical and epidemiological review",
            "authors": [
                {
                    "first": "D",
                    "middle": [],
                    "last": "Ogoina",
                    "suffix": ""
                }
            ],
            "year": 2013,
            "venue": "Niger Delta J Med Med Res",
            "volume": "1",
            "issn": "1",
            "pages": "1--10",
            "other_ids": {}
        },
        "BIBREF12": {
            "ref_id": "b12",
            "title": "Lassa fever in pregnancy with a positive maternal and fetal outcome: A case report",
            "authors": [
                {
                    "first": "J",
                    "middle": [],
                    "last": "Agboeze",
                    "suffix": ""
                },
                {
                    "first": "M",
                    "middle": [
                        "I"
                    ],
                    "last": "Nwali",
                    "suffix": ""
                },
                {
                    "first": "E",
                    "middle": [],
                    "last": "Nwakpakpa",
                    "suffix": ""
                },
                {
                    "first": "O",
                    "middle": [
                        "E"
                    ],
                    "last": "Ogah",
                    "suffix": ""
                },
                {
                    "first": "R",
                    "middle": [],
                    "last": "Onoh",
                    "suffix": ""
                },
                {
                    "first": "J",
                    "middle": [],
                    "last": "Eze",
                    "suffix": ""
                }
            ],
            "year": 2019,
            "venue": "Int J Infect Dis",
            "volume": "89",
            "issn": "",
            "pages": "84--90",
            "other_ids": {
                "DOI": [
                    "10.1016/j.ijid.2019.08.023"
                ],
                "PMID": [
                    "31465848"
                ]
            }
        },
        "BIBREF13": {
            "ref_id": "b13",
            "title": "Interim infection prevention and control guidance for care of patients with suspected or confirmed filovirus haemorrhagic fever in health-care settings, with focus on Ebola. Geneva: WHO",
            "authors": [],
            "year": 2014,
            "venue": "",
            "volume": "",
            "issn": "",
            "pages": "",
            "other_ids": {}
        },
        "BIBREF14": {
            "ref_id": "b14",
            "title": "Review of the literature and proposed guidelines for the use of oral ribavirin as postexposure prophylaxis for Lassa fever",
            "authors": [
                {
                    "first": "D",
                    "middle": [
                        "G"
                    ],
                    "last": "Bausch",
                    "suffix": ""
                },
                {
                    "first": "C",
                    "middle": [
                        "M"
                    ],
                    "last": "Hadi",
                    "suffix": ""
                },
                {
                    "first": "S",
                    "middle": [
                        "H"
                    ],
                    "last": "Khan",
                    "suffix": ""
                },
                {
                    "first": "J",
                    "middle": [
                        "J"
                    ],
                    "last": "Lertora",
                    "suffix": ""
                }
            ],
            "year": 2010,
            "venue": "Clin Infect Dis",
            "volume": "51",
            "issn": "12",
            "pages": "1435--1476",
            "other_ids": {
                "DOI": [
                    "10.1086/657315"
                ],
                "PMID": [
                    "21058912"
                ]
            }
        },
        "BIBREF15": {
            "ref_id": "b15",
            "title": "Ribavirin for the treatment of Lassa fever: A systematic review and meta-analysis",
            "authors": [
                {
                    "first": "K",
                    "middle": [
                        "A"
                    ],
                    "last": "Eberhardt",
                    "suffix": ""
                },
                {
                    "first": "J",
                    "middle": [],
                    "last": "Mischlinger",
                    "suffix": ""
                },
                {
                    "first": "S",
                    "middle": [],
                    "last": "Jordan",
                    "suffix": ""
                },
                {
                    "first": "M",
                    "middle": [],
                    "last": "Groger",
                    "suffix": ""
                },
                {
                    "first": "S",
                    "middle": [],
                    "last": "G\u00fcnther",
                    "suffix": ""
                },
                {
                    "first": "M",
                    "middle": [],
                    "last": "Ramharter",
                    "suffix": ""
                }
            ],
            "year": 2019,
            "venue": "Int J Infect Dis",
            "volume": "87",
            "issn": "",
            "pages": "15--20",
            "other_ids": {
                "DOI": [
                    "10.1016/j.ijid.2019.07.015"
                ],
                "PMID": [
                    "31357056"
                ]
            }
        },
        "BIBREF16": {
            "ref_id": "b16",
            "title": "Antibody therapy for Lassa fever",
            "authors": [
                {
                    "first": "R",
                    "middle": [
                        "W"
                    ],
                    "last": "Cross",
                    "suffix": ""
                },
                {
                    "first": "K",
                    "middle": [
                        "M"
                    ],
                    "last": "Hastie",
                    "suffix": ""
                },
                {
                    "first": "C",
                    "middle": [
                        "E"
                    ],
                    "last": "Mire",
                    "suffix": ""
                },
                {
                    "first": "J",
                    "middle": [
                        "E"
                    ],
                    "last": "Robinson",
                    "suffix": ""
                },
                {
                    "first": "T",
                    "middle": [
                        "W"
                    ],
                    "last": "Geisbert",
                    "suffix": ""
                },
                {
                    "first": "L",
                    "middle": [
                        "M"
                    ],
                    "last": "Branco",
                    "suffix": ""
                }
            ],
            "year": 2019,
            "venue": "Curr Opin Virol",
            "volume": "37",
            "issn": "",
            "pages": "97--104",
            "other_ids": {
                "DOI": [
                    "10.1016/j.coviro.2019.07.003"
                ],
                "PMID": [
                    "31401518"
                ]
            }
        }
    },
    "ref_entries": {
        "FIGREF0": {
            "text": "Large grey spheres: assumed source patients with Lassa fever in the local hospital, Sierra Leone. Large white spheres: confirmed secondary cases (C1, C2 and another healthcare worker (C3) involved in the surgical procedures of the assumed source patients). Small spheres: contacts. Red line: high-risk contact, blue line: low-risk contact, no line: contact without direct contact, but followed up as low-risk as they have been working in and around the hospital in SierraLeone. Red outer line of sphere: contact returned from Sierra Leone, black outer line of sphere: contact in the Netherlands. Dutch hospitals involved: AUMC location AMC (Hosp 1), LUMC (Hosp 2), UMCU (Hosp 3) and EMC (Hosp 4). Dutch Public Health Services involved: Public Health Service Hollands Midden (PHS 1), Amsterdam (PHS 2), Rotterdam-Rijnmond (PHS 3), Kennemerland (PHS 4), and region Utrecht (PHS 5).",
            "latex": null,
            "type": "figure"
        },
        "TABREF0": {
            "text": "classification of contacts exposed to healthcare workers with RT-PCR-confirmed Lassa fever contracted in Sierra Leone, including numbers of contacts inventoried in the Netherlands, December 2019 Including contacts without direct contact, but who have been working in and around the hospital in Sierra Leone.",
            "latex": null,
            "type": "table"
        }
    },
    "back_matter": [
        {
            "text": "This is an open-access article distributed under the terms of the Creative Commons Attribution (CC BY 4.0) Licence. You may share and adapt the material, but must give appropriate credit to the source, provide a link to the licence and indicate if changes were made.Any supplementary material referenced in the article can be found in the online version.",
            "cite_spans": [],
            "ref_spans": [],
            "section": "License, supplementary material and copyright"
        }
    ]
}