{
    "paper_id": "0084996a1e3abac3d7bccd962a950fc0a412a6c4",
    "metadata": {
        "title": "Journal Pre-proof Extension of Furopyrimidine Nucleosides with 5-Alkynyl Substituent: Synthesis, High Fluorescence, and Antiviral Effect in the Absence of Free Ribose Hydroxyl Groups",
        "authors": [
            {
                "first": "Renata",
                "middle": [],
                "last": "Kaczmarek",
                "suffix": "",
                "affiliation": {},
                "email": ""
            },
            {
                "first": "Dylan",
                "middle": [],
                "last": "Twardy",
                "suffix": "",
                "affiliation": {},
                "email": ""
            },
            {
                "first": "Trevor",
                "middle": [],
                "last": "Olson",
                "suffix": "",
                "affiliation": {},
                "email": ""
            },
            {
                "first": "Dariusz",
                "middle": [],
                "last": "Korczy\u0144ski",
                "suffix": "",
                "affiliation": {},
                "email": ""
            },
            {
                "first": "Graciela",
                "middle": [],
                "last": "Andrei",
                "suffix": "",
                "affiliation": {},
                "email": ""
            },
            {
                "first": "Robert",
                "middle": [],
                "last": "Snoeck",
                "suffix": "",
                "affiliation": {},
                "email": ""
            },
            {
                "first": "Rafa\u0142",
                "middle": [],
                "last": "Dolot",
                "suffix": "",
                "affiliation": {},
                "email": ""
            },
            {
                "first": "Kraig",
                "middle": [
                    "A"
                ],
                "last": "Wheeler",
                "suffix": "",
                "affiliation": {},
                "email": ""
            },
            {
                "first": "Roman",
                "middle": [],
                "last": "Dembinski",
                "suffix": "",
                "affiliation": {},
                "email": ""
            }
        ]
    },
    "abstract": [
        {
            "text": "Abstract. A novel methodology to access alkynyl nucleoside analogs was elaborated. Highly fluorescent 5-alkynylfuropyrimidines were synthesized (97-46%) and their antiviral properties investigated in vitro. Regiochemistry of the functionalization was achieved with the aid of 5endo-dig electrophilic halocyclization of acetyl 5-p-tolyl-or 5-p-pentylphenyl-2'-deoxyuridine. Structure of one of the resulting nucleosides, 6-p-tolyl-5-iodo-2'-deoxyribofuranosyl-furo[2,3d]pyrimidin-2-one, was confirmed by X-ray crystallography, and its conformation was compared to related nucleosides. Diverse alkynyl substituents were introduced at the heterobicyclic base C-5 position via Sonogashira coupling of 5-iodo-2'-deoxyribofuranosyl-furo[2,3-d]pyrimidin-2ones. The resulting compounds had fluorescence emissions of 452 to 481 nm. High quantum yields of 0.53-0.60 were observed for 9-ethynyl-9-fluorenol and propargyl alcohol/methyl ethermodified furopyrimidines. These modified nucleosides, designed in the form of ribose acetyl esters, represent potential tools for fluorescent tagging, studying nucleoside metabolism, 2\u2032deoxyribonucleoside kinase activity, and antiviral activity. Antiviral assays against a broad spectrum of DNA and RNA viruses showed that in human embryonic lung (HEL) cell cultures some of the compounds showed antiviral activity (EC 50 1.3-13.2 \u00b5M) against varicella-zoster virus (VZV). The alkynyl furopyrimidine with two p-pentylphenyl substituents emerged as the best compound with reasonable and selective anti-VZV activity, confirming p-pentylphenyl potency as a pharmacophore. O AcO AcO Pd(PPh 3 ) 4 , CuI Et 3 N, DMF R = C 5 H 11 , R = C 6 CH 4 C-p-C 5 H 11 EC 50 = 1.5+/-0.7 \u00b5M (TK + VZV) J o u r n a l P r e -p r o o f",
            "cite_spans": [],
            "ref_spans": [],
            "section": "Abstract"
        },
        {
            "text": "Table of Contents Entry Novel fluorescent nucleoside analogs, 5-alkynylfuropyrimidines show high quantum yields (0.53-0.60). Assays in VZV cell cultures are presented.",
            "cite_spans": [],
            "ref_spans": [],
            "section": "Abstract"
        }
    ],
    "body_text": [
        {
            "text": "Nucleoside analogues are a cornerstone for the treatment of cancer and viral diseases. 1, 2, 3, 4, 5, 6, 7, 8 Among the most active analogues, furopyrimidine nucleosides stand out as potent and selective antiviral agents with a high specific activity against varicella-zoster virus (VZV). 9,10,11 p-Alkylphenyl, particularly p-pentylphenyl, substituents attached to C-6 give rise to the most effective structures (1a,b; Figure 1 ). 12, 13, 14 In parallel, significant biological activity can be imposed by appending an alkyne, an example includes 5-alkynyluridines. 15, 16, 17 Alkynyl modifications also provide a synthetic handle for further functionalization and modification of nucleosides. 18, 19, 20, 21 J o u r n a l P r e -p r o o f has described C-4 attached alkyne, introduced to the pyrimidine ring before cycloisomerization to furopyrimidine. 22 C-6 alkynyl analogues have been prepared by direct bromination of the furopyrimidine ring and subsequent coupling with terminal alkynes. 23, 24, 25, 26 However, introduction of an alkyne at C-5 lacks a general method thus far. Formerly, compounds containing an alkyne group attached at the C-5 position were detected. These byproducts were isolated with meager yields (3-9%) in reactions that targeted other structures. 27, 28, 29 Recently, an interesting synthetic approach towards triazole conjugates of alkynyl-modified furopyrimidine base has been reported. 30 This methodology leads to compounds with desirable biological activity but synthetically renders mixtures containing alkyne-free furopyrimidine. Additionally, it lacks diversity, since both, C-6 substituent and C-5 alkyne endgroup, originate from the same terminal alkyne reaction component.",
            "cite_spans": [
                {
                    "start": 87,
                    "end": 89,
                    "text": "1,",
                    "ref_id": null
                },
                {
                    "start": 90,
                    "end": 92,
                    "text": "2,",
                    "ref_id": "BIBREF10"
                },
                {
                    "start": 93,
                    "end": 95,
                    "text": "3,",
                    "ref_id": null
                },
                {
                    "start": 96,
                    "end": 98,
                    "text": "4,",
                    "ref_id": "BIBREF12"
                },
                {
                    "start": 99,
                    "end": 101,
                    "text": "5,",
                    "ref_id": "BIBREF13"
                },
                {
                    "start": 102,
                    "end": 104,
                    "text": "6,",
                    "ref_id": null
                },
                {
                    "start": 105,
                    "end": 107,
                    "text": "7,",
                    "ref_id": null
                },
                {
                    "start": 108,
                    "end": 109,
                    "text": "8",
                    "ref_id": null
                },
                {
                    "start": 432,
                    "end": 435,
                    "text": "12,",
                    "ref_id": null
                },
                {
                    "start": 436,
                    "end": 439,
                    "text": "13,",
                    "ref_id": null
                },
                {
                    "start": 440,
                    "end": 442,
                    "text": "14",
                    "ref_id": null
                },
                {
                    "start": 566,
                    "end": 569,
                    "text": "15,",
                    "ref_id": null
                },
                {
                    "start": 570,
                    "end": 573,
                    "text": "16,",
                    "ref_id": "BIBREF24"
                },
                {
                    "start": 574,
                    "end": 576,
                    "text": "17",
                    "ref_id": "BIBREF25"
                },
                {
                    "start": 694,
                    "end": 697,
                    "text": "18,",
                    "ref_id": null
                },
                {
                    "start": 698,
                    "end": 701,
                    "text": "19,",
                    "ref_id": null
                },
                {
                    "start": 702,
                    "end": 705,
                    "text": "20,",
                    "ref_id": null
                },
                {
                    "start": 706,
                    "end": 708,
                    "text": "21",
                    "ref_id": null
                },
                {
                    "start": 854,
                    "end": 856,
                    "text": "22",
                    "ref_id": null
                },
                {
                    "start": 994,
                    "end": 997,
                    "text": "23,",
                    "ref_id": null
                },
                {
                    "start": 998,
                    "end": 1001,
                    "text": "24,",
                    "ref_id": null
                },
                {
                    "start": 1002,
                    "end": 1005,
                    "text": "25,",
                    "ref_id": null
                },
                {
                    "start": 1006,
                    "end": 1008,
                    "text": "26",
                    "ref_id": null
                },
                {
                    "start": 1225,
                    "end": 1231,
                    "text": "(3-9%)",
                    "ref_id": null
                },
                {
                    "start": 1277,
                    "end": 1280,
                    "text": "27,",
                    "ref_id": null
                },
                {
                    "start": 1281,
                    "end": 1284,
                    "text": "28,",
                    "ref_id": null
                },
                {
                    "start": 1285,
                    "end": 1287,
                    "text": "29",
                    "ref_id": null
                },
                {
                    "start": 1419,
                    "end": 1421,
                    "text": "30",
                    "ref_id": null
                }
            ],
            "ref_spans": [
                {
                    "start": 420,
                    "end": 428,
                    "text": "Figure 1",
                    "ref_id": "FIGREF1"
                }
            ],
            "section": "INTRODUCTION"
        },
        {
            "text": "An electrophilic cyclization reaction leading to the formation of \u03b2-halofuran rings offers a significant synthetic opportunity. 31, 32 An analogous protocol leads to the formation of 5halofuropyrimidine nucleosides, which introduces the halogen in a fully regioselective manner. 33 Addressing this so far unresolved synthetic shortcoming in nucleoside chemistry, the extension of the heterocyclic base conjugated system by appending an alkyne at C-5 was sought by combining iodofuropyrimidines with various terminal acetylenes. Considering the antiviral activity of furopyrimidine nucleosides 1, synthesis of a series of derivatives containing a palkylphenyl group positioned at C-6 scaffold was attempted.",
            "cite_spans": [
                {
                    "start": 128,
                    "end": 131,
                    "text": "31,",
                    "ref_id": null
                },
                {
                    "start": 132,
                    "end": 134,
                    "text": "32",
                    "ref_id": null
                },
                {
                    "start": 279,
                    "end": 281,
                    "text": "33",
                    "ref_id": null
                }
            ],
            "ref_spans": [],
            "section": "INTRODUCTION"
        },
        {
            "text": "Interestingly, acyl-substituted nucleosides are becoming effective prodrugs due to increased lipophilicity. The isobutyryl group is installed at the 5'-hydroxyl end of N-4-hydroxycytidine derivative EIDD-2801, which is an oral experimental antiviral drug. 34 This synthetic nucleoside is one of only two highly effective active compounds against coronaviruses to come out of 6 years of screening. 35 Other groups, including 5'-L-valyl ester, were investigated to increase oral bioavailability. 36, 37 We decided to investigate a series of compounds with the acetyl group installed on the ribose unit as its 3'-and 5'-ester.",
            "cite_spans": [
                {
                    "start": 256,
                    "end": 258,
                    "text": "34",
                    "ref_id": null
                },
                {
                    "start": 397,
                    "end": 399,
                    "text": "35",
                    "ref_id": "BIBREF43"
                },
                {
                    "start": 494,
                    "end": 497,
                    "text": "36,",
                    "ref_id": null
                },
                {
                    "start": 498,
                    "end": 500,
                    "text": "37",
                    "ref_id": null
                }
            ],
            "ref_spans": [],
            "section": "INTRODUCTION"
        },
        {
            "text": "J o u r n a l P r e -p r o o f RESULTS AND DISCUSSION Synthesis. Starting compounds containing 4-methylphenyl (p-tolyl) and 4-pentylphenyl substituents at C-6 were selected. p-Alkylphenyl substitutents are participants of the most potent antiviral active structures. 12 Preparative syntheses of a starting material 2'-deoxy-5alkynyluridines 2 and 3 were carried out from 2'-deoxy-5-iodouridine (Ac-IdU) and the appropriate terminal alkyne (Pd-and Cu-catalyzed Sonogashira coupling, Scheme 1). 38 The next steps combine cycloisomerization and halofunctionalization reactions. Halogens such as iodine, bromine, and chlorine can be introduced via electrophilic cyclization of 5-alkynyluridines. 33, 39 Among the halogens, iodo derivatives are most convenient to prepare, since they are more prone to crystallize, which often satisfies the isolation protocol. Additionally, iodo derivatives are expected to be the most reactive toward functionalization. 5-Endo-dig electrophilic cyclization of 5-alkynyl-2'-deoxyuridine (2 or 3) with N-iodosuccinimide in acetone at 23\u00b0C furnished corresponding 5-iodofuropyrimidines (4 or 5). Following this procedure iodo-functionalized nucleosides 4 and 5 were obtained with a good yield (92% and 76%, respectively; Scheme 1).",
            "cite_spans": [
                {
                    "start": 267,
                    "end": 269,
                    "text": "12",
                    "ref_id": null
                },
                {
                    "start": 493,
                    "end": 495,
                    "text": "38",
                    "ref_id": null
                },
                {
                    "start": 692,
                    "end": 695,
                    "text": "33,",
                    "ref_id": null
                },
                {
                    "start": 696,
                    "end": 698,
                    "text": "39",
                    "ref_id": null
                }
            ],
            "ref_spans": [],
            "section": "INTRODUCTION"
        },
        {
            "text": "Structure of the acylated nucleoside 4 and 5 were confirmed by 1 H and 13 C NMR, IR spectroscopy, and HRMS. The 13 C NMR spectra feature characteristic iodofuro resonances C(5)-I at 53.88 and 53.95 ppm (CDCl 3 ), which differ from non-iodinated derivatives. 40 To explore the structure-reactivity relationship for the appended alkyne fragment, novel nucleosides were prepared (Scheme 1). Alkynyl substituents include an oxypropynyl unit (propargyl alcohol, 6a/7a, R' = CH 2 OH; 76/81% yield), its one carbon extended homologue (6b/7b, R' = CH 2 CH 2 OH; 95/81%), tertiary aryl alcohol (6c, R' = 9-fluorenol-9-yl; 83%), methyl containing combinations of 4-methylphenyl (p-tolyl) and 4-pentylphenyl (antiviral active substituents, cf. Figure 1 ) were also obtained (6h/7h, R' = C 6 H 4 -p-CH 3 and 6i/7i, R' = C 6 H 4 -p-n- Crystallography. To gain more molecular information, crystallographical analysis of furopyrimidine was attempted. Despite the persistent synthetic pursuit of furopyrimidine nucleosides, so far only a few and only C-6 substituted have been crystallographically characterized. 20, 25, 38, 40, 42, 43, 44, 45, 46 Although nucleosides are often resistant to crystallization, efforts to obtain diffraction quality crystals were successful for compound 4, using methanol at room temperature. X-Ray crystallography confirmed the structure of the 3',5'-di-O-acetyl-5iodo-6-(p-tolyl)furopyrimidine (4, Figure 2 ). 47 J o u r n a l P r e -p r o o f In the solid state, the C2 carbonyl group of planar furanopyrimidine ring 4 adopted an anti orientation toward the ribose, with a glycosidic bond torsion angle \u03c7 (C2-N3-C1\u2032-O4\u2032) of -167.5(2)\u00b0, a conformation similar to previously crystallographically characterized furanopyrimidine nucleosides (-120.8(5) to -172.81(18), average -155.8; Table 1 ). In the molecule of 4, the N-glycosidic bond (ribose-base distance), C1\u2032-N3 1.488(3)\u00c5, was comparable to previously crystallographically characterized furanopyrimidine nucleosides (1.468(7) to 1.502(6), average 1.487; Table 1 ). Ribose geometrical parameters, such as the pseudorotation phase angle (P) were determined for 4 to be C3'-exo with P = 209.73\u00b0 (puckering amplitude of 27.38).",
            "cite_spans": [
                {
                    "start": 258,
                    "end": 260,
                    "text": "40",
                    "ref_id": null
                },
                {
                    "start": 1097,
                    "end": 1100,
                    "text": "20,",
                    "ref_id": null
                },
                {
                    "start": 1101,
                    "end": 1104,
                    "text": "25,",
                    "ref_id": null
                },
                {
                    "start": 1105,
                    "end": 1108,
                    "text": "38,",
                    "ref_id": null
                },
                {
                    "start": 1109,
                    "end": 1112,
                    "text": "40,",
                    "ref_id": null
                },
                {
                    "start": 1113,
                    "end": 1116,
                    "text": "42,",
                    "ref_id": null
                },
                {
                    "start": 1117,
                    "end": 1120,
                    "text": "43,",
                    "ref_id": null
                },
                {
                    "start": 1121,
                    "end": 1124,
                    "text": "44,",
                    "ref_id": null
                },
                {
                    "start": 1125,
                    "end": 1128,
                    "text": "45,",
                    "ref_id": null
                },
                {
                    "start": 1129,
                    "end": 1131,
                    "text": "46",
                    "ref_id": "BIBREF54"
                }
            ],
            "ref_spans": [
                {
                    "start": 733,
                    "end": 741,
                    "text": "Figure 1",
                    "ref_id": "FIGREF1"
                },
                {
                    "start": 1415,
                    "end": 1423,
                    "text": "Figure 2",
                    "ref_id": "FIGREF3"
                },
                {
                    "start": 1798,
                    "end": 1805,
                    "text": "Table 1",
                    "ref_id": "TABREF1"
                },
                {
                    "start": 2026,
                    "end": 2033,
                    "text": "Table 1",
                    "ref_id": "TABREF1"
                }
            ],
            "section": "INTRODUCTION"
        },
        {
            "text": "The same parameters calculated for other crystallographically characterized furopyrimidines indicate the presence of both C2'-endo and C3'-exo conformation ( Table 1) .",
            "cite_spans": [],
            "ref_spans": [
                {
                    "start": 158,
                    "end": 166,
                    "text": "Table 1)",
                    "ref_id": "TABREF1"
                }
            ],
            "section": "INTRODUCTION"
        },
        {
            "text": "Results of this analysis indicates that appending an alkyne at the C-5 position did not meaningfully affect the base conformational positioning, which is consistent across these characterized compounds; this effect was not correlated to the ribose ring puckering since it varies in all of the above reviewed furopyrimidine structures in the solid state, and is likely determined by packing forces.",
            "cite_spans": [],
            "ref_spans": [],
            "section": "INTRODUCTION"
        },
        {
            "text": "J o u r n a l P r e -p r o o f In addition, X-ray crystallographic analysis determined the iodine atom position at C-5 in the furopyrimidine frame, confirming the regiochemistry of the iodocyclization reaction. If a cycloisomerization were to precede the halogenation, then other available sp 2 carbons in the bicyclic core could potentially compete for the iodination reagent.",
            "cite_spans": [],
            "ref_spans": [],
            "section": "INTRODUCTION"
        },
        {
            "text": "Fluorescence. The fact that furopyrimidine nucleosides display a strong optical response has been known for a while now; these bicyclic structures have been heralded as \"fluorescent\", featured in publication titles. 48 , 49 Surprisingly, we were not able to find any quantitative measurements in the literature beyond recent descriptions of empirical and theoretical optical parameters attending only the furopyrimidine base. 50, 51 In contrast, a number of fluorescence studies of pyrrolopyrimidines have been reported. 52, 53 Considering the importance of fluorescent nucleic acid components, 54 J o u r n a l P r e -p r o o f The nucleosides' fluorescence quantum yields \u03a6 showed trends towards a slight increase with the presence of pentyl vs a methyl substituent (7a vs 6a, and 7h vs 6h, Table 1 (Table 3) . In particular, compounds 6c, 6g, 6h, 7a, 7b , and 7i were inhibitory against VZV/TK-competent 1 for 6c, 6g, 6h, 7a and 7b . In contrast, specific antiviral effects (i. e. SI's of 67 and 11, respectively for VZV TK + and TKstrains) were observed for 7i, the compound with duplicate p-pentylphenyl pharmacophore. Even though, 7i proved active against the wild-type and TK-VZV viruses, the activity was 6-fold lower against the mutant virus than the wild-type virus. The in vitro assays against several DNA and RNA viruses indicate that some of the compounds showed antiviral activity only against VZV despite protected ribose hydroxyl groups. However, inhibition for the growth of HEL cells was also observed, and overall, the investigated nucleosides exhibited cytotoxicity, except for the compound with a duplicate p-pentylphenyl pharmacophore (7i). Compound 7i with two p-pentylphenyl groups exhibited reasonable anti-VZV activity and was not inhibitory to HEL cells growth up to a concentration of 100 \u00b5M.",
            "cite_spans": [
                {
                    "start": 216,
                    "end": 218,
                    "text": "48",
                    "ref_id": null
                },
                {
                    "start": 426,
                    "end": 429,
                    "text": "50,",
                    "ref_id": null
                },
                {
                    "start": 430,
                    "end": 432,
                    "text": "51",
                    "ref_id": null
                },
                {
                    "start": 521,
                    "end": 524,
                    "text": "52,",
                    "ref_id": null
                },
                {
                    "start": 525,
                    "end": 527,
                    "text": "53",
                    "ref_id": "BIBREF61"
                },
                {
                    "start": 595,
                    "end": 597,
                    "text": "54",
                    "ref_id": "BIBREF62"
                }
            ],
            "ref_spans": [
                {
                    "start": 793,
                    "end": 800,
                    "text": "Table 1",
                    "ref_id": "TABREF1"
                },
                {
                    "start": 801,
                    "end": 810,
                    "text": "(Table 3)",
                    "ref_id": "TABREF5"
                },
                {
                    "start": 816,
                    "end": 856,
                    "text": "particular, compounds 6c, 6g, 6h, 7a, 7b",
                    "ref_id": null
                },
                {
                    "start": 907,
                    "end": 934,
                    "text": "1 for 6c, 6g, 6h, 7a and 7b",
                    "ref_id": "FIGREF1"
                }
            ],
            "section": "J o u r n a l P r e -p r o o f"
        },
        {
            "text": "General Instrumentation. NMR measurements were carried out on a Bruker Avance III 500 spectrometer, operating at 500.13 MHz for 1 H and 125.75 MHz for 13 C, at 20 \u00baC. Mass spectra were recorded on an Agilent 6520 Q-TOF LCMS (HRMS). FT-IR spectra were recorded on Varian 3100 Excalibur, ThermoScientific Nicolet 6700 ATR, and Bruker Alpha-P ATR spectrometers. All products were stored in a refrigerator (4 \u00b0C).",
            "cite_spans": [],
            "ref_spans": [],
            "section": "Materials and Methods (Experimental)"
        },
        {
            "text": "2'-Deoxy-3',5'-di-O-acetyl-5-iodouridine (Ac-IdU), 38 2'-deoxy-3',5'-di-O-acetyl-5-ptolylethynyluridine (2), 40,62 and 2'-deoxy-3',5'-di-O-acetyl-5-(4-pentylphenyl)ethynyluridine (3) 19 were prepared by literature protocols. 63 ",
            "cite_spans": [
                {
                    "start": 51,
                    "end": 53,
                    "text": "38",
                    "ref_id": null
                },
                {
                    "start": 183,
                    "end": 185,
                    "text": "19",
                    "ref_id": null
                },
                {
                    "start": 225,
                    "end": 227,
                    "text": "63",
                    "ref_id": "BIBREF71"
                }
            ],
            "ref_spans": [],
            "section": "Materials and Methods (Experimental)"
        },
        {
            "text": "A round bottom flask was charged with 2'-deoxy-3',5'-di-O-acetyl-5-palkylphenylethynyluridine 2 or 3 (1.88 mmol), N-iodosuccinimide (0.508 g, 2.26 mmol), and acetone (15 mL). The reaction mixture was stirred at room temperature for 2 h under argon. Solvent was removed and the residue was dissolved in chloroform (10 mL). Silica gel column chromatography (230-400 mesh, chloroform) gave a colorless fraction. The product was dried by oil pump vacuum for 2 h. -1-yn-1-yl) 50 or the concentration required for reducing virus-induced cytopathogenicity or viral plaque (VZV) plaque formation by 50%. The minimal cytotoxic concentration (MCC) of the compounds was defined as the compound concentration that caused a microscopically visible alteration of cell morphology. Alternatively, cytotoxicity of the test compounds was measured based on inhibition of cell growth. HEL cells were seeded at a rate of 5 \u00d7 10 3 cells/well into 96-well microtiter plates and allowed to proliferate for 24 h. Then, the medium containing different concentrations of the test compounds was added. After 3 days of incubation at 37 \u00b0C, the cell number was determined with a Coulter counter. The cytostatic concentration was calculated as the CC 50 , or the compound concentration required for reducing cell proliferation by 50% relative to the number of cells in the untreated controls.",
            "cite_spans": [
                {
                    "start": 471,
                    "end": 473,
                    "text": "50",
                    "ref_id": null
                }
            ],
            "ref_spans": [
                {
                    "start": 459,
                    "end": 470,
                    "text": "-1-yn-1-yl)",
                    "ref_id": "FIGREF1"
                }
            ],
            "section": "Iodocyclization of 2'-deoxy-3',5'-di-O-acetyl-5-p-alkylphenylethynyluridines 2 and 3. General procedure."
        }
    ],
    "bib_entries": {
        "BIBREF0": {
            "ref_id": "b0",
            "title": "7.22 (d, J = 7.9 Hz, 2H, C 6 H 4 ), 6.41 (dd, J = 7.6, 5.7 Hz, 1H, H-1')",
            "authors": [],
            "year": null,
            "venue": "",
            "volume": "5",
            "issn": "",
            "pages": "",
            "other_ids": {}
        },
        "BIBREF2": {
            "ref_id": "b2",
            "title": "05. IR (\u03bd, cm -1 , ATR) 2975 m, 2927 m, 1740 s, 1671 vs, 1403 s, 1226 vs, 1058 vs. UV-vis (MeOH, 19.9 \u00d7 10 -6 M) \u03bb max 370 nm (\u03b5 20,800 M -1 cm -1 ). Fluorescence (MeOH, ca. 3.55 \u00d7 10 -6 M) \u03bb ex 360 nm",
            "authors": [],
            "year": null,
            "venue": "",
            "volume": "",
            "issn": "",
            "pages": "",
            "other_ids": {}
        },
        "BIBREF3": {
            "ref_id": "b3",
            "title": "Di-O-acetyl-2'-deoxy-\u03b2 \u03b2 \u03b2 \u03b2-D-ribofuranosyl)-5-(4-pentylphenyl)-6-(4-pentylphenyl)-2,3-dihydrofuro",
            "authors": [],
            "year": null,
            "venue": "",
            "volume": "",
            "issn": "",
            "pages": "",
            "other_ids": {}
        },
        "BIBREF4": {
            "ref_id": "b4",
            "title": "From 4-n-pentylphenylacetylene (0.243 mL, 1.25 mmol)",
            "authors": [],
            "year": null,
            "venue": "",
            "volume": "3",
            "issn": "",
            "pages": "",
            "other_ids": {}
        },
        "BIBREF5": {
            "ref_id": "b5",
            "title": "2H, C 6 H 4 ), 6.39 (dd, J = 7.3, 6.1 Hz, 1H, H-1')",
            "authors": [],
            "year": null,
            "venue": "",
            "volume": "5",
            "issn": "",
            "pages": "",
            "other_ids": {}
        },
        "BIBREF7": {
            "ref_id": "b7",
            "title": "Absorbance was measured using a Cary-100 UV-vis spectrophotometer (Agilent, USA) in double-beam mode (sample and solvent blank) using a 10 mm path quartz cuvette",
            "authors": [
                {
                    "first": "",
                    "middle": [],
                    "last": "Fluorescence",
                    "suffix": ""
                }
            ],
            "year": null,
            "venue": "",
            "volume": "",
            "issn": "",
            "pages": "",
            "other_ids": {}
        },
        "BIBREF10": {
            "ref_id": "b10",
            "title": "This is a state-of-the-art review of the development of antiviral compounds",
            "authors": [
                {
                    "first": "E",
                    "middle": [],
                    "last": "De Clercq",
                    "suffix": ""
                }
            ],
            "year": 2011,
            "venue": "Annu. Rev. Pharmacol. Toxicol",
            "volume": "51",
            "issn": "",
            "pages": "1--24",
            "other_ids": {
                "DOI": [
                    "doi.org/10.1146/annurev-pharmtox-010510-100228"
                ]
            }
        },
        "BIBREF11": {
            "ref_id": "b11",
            "title": "Modified Nucleosides in Biochemistry",
            "authors": [
                {
                    "first": "P",
                    "middle": [],
                    "last": "Herdewijn",
                    "suffix": ""
                }
            ],
            "year": 2008,
            "venue": "Biotechnology and Medicine",
            "volume": "",
            "issn": "",
            "pages": "",
            "other_ids": {}
        },
        "BIBREF12": {
            "ref_id": "b12",
            "title": "Deoxynucleoside Analogs in Cancer Therapy",
            "authors": [],
            "year": 2006,
            "venue": "J. P. Godefridus",
            "volume": "",
            "issn": "",
            "pages": "",
            "other_ids": {}
        },
        "BIBREF13": {
            "ref_id": "b13",
            "title": "Chemical Synthesis of Nucleoside Analogues",
            "authors": [],
            "year": 2013,
            "venue": "",
            "volume": "",
            "issn": "",
            "pages": "",
            "other_ids": {
                "DOI": [
                    "doi.org/10.1002/9781118498088"
                ]
            }
        },
        "BIBREF24": {
            "ref_id": "b24",
            "title": "For optimized synthesis of 5-alkynyl-2\u2032-deoxyuridines see",
            "authors": [
                {
                    "first": "S",
                    "middle": [],
                    "last": "Meneni",
                    "suffix": ""
                },
                {
                    "first": "I",
                    "middle": [],
                    "last": "Ott",
                    "suffix": ""
                },
                {
                    "first": "C",
                    "middle": [
                        "D"
                    ],
                    "last": "Sergeant",
                    "suffix": ""
                },
                {
                    "first": "A",
                    "middle": [],
                    "last": "Sniady",
                    "suffix": ""
                },
                {
                    "first": "R",
                    "middle": [],
                    "last": "Gust",
                    "suffix": ""
                },
                {
                    "first": "R",
                    "middle": [],
                    "last": "Dembinski",
                    "suffix": ""
                }
            ],
            "year": 2007,
            "venue": "Bioorg. Med. Chem",
            "volume": "15",
            "issn": "",
            "pages": "3082--3088",
            "other_ids": {
                "DOI": [
                    "doi.org/10.1016/j.bmc.2007.01.048"
                ]
            }
        },
        "BIBREF25": {
            "ref_id": "b25",
            "title": "Palladium-Catalyzed Modification of Nucleosides, Nucleotides and Oligonucleotides",
            "authors": [
                {
                    "first": "S",
                    "middle": [
                        "S"
                    ],
                    "last": "Bag",
                    "suffix": ""
                },
                {
                    "first": "S",
                    "middle": [],
                    "last": "Jana",
                    "suffix": ""
                },
                {
                    "first": "M",
                    "middle": [],
                    "last": "Kasula",
                    "suffix": ""
                }
            ],
            "year": 2018,
            "venue": "",
            "volume": "",
            "issn": "",
            "pages": "",
            "other_ids": {}
        },
        "BIBREF43": {
            "ref_id": "b43",
            "title": "The other drug is remdesivir, see: L. M. Jarvis",
            "authors": [],
            "year": null,
            "venue": "",
            "volume": "2020",
            "issn": "",
            "pages": "26--27",
            "other_ids": {
                "DOI": [
                    "doi.org/10.1021/cen-09813-feature4"
                ]
            }
        },
        "BIBREF54": {
            "ref_id": "b54",
            "title": "Conformational analysis using NMR spectroscopy is also available, see ref",
            "authors": [],
            "year": null,
            "venue": "",
            "volume": "38",
            "issn": "",
            "pages": "",
            "other_ids": {}
        },
        "BIBREF55": {
            "ref_id": "b55",
            "title": "1864088 contains the supplementary crystallographic data for this paper. These data can be obtained free of charge from The Cambridge Crystallographic Data Centre via www",
            "authors": [
                {
                    "first": "",
                    "middle": [],
                    "last": "\u00b0c",
                    "suffix": ""
                },
                {
                    "first": "",
                    "middle": [],
                    "last": "Ccdc",
                    "suffix": ""
                }
            ],
            "year": null,
            "venue": "",
            "volume": "",
            "issn": "",
            "pages": "",
            "other_ids": {}
        },
        "BIBREF61": {
            "ref_id": "b61",
            "title": "Photonic Applications in Biosensing and Imaging",
            "authors": [
                {
                    "first": "R",
                    "middle": [
                        "H E"
                    ],
                    "last": "Hudson",
                    "suffix": ""
                },
                {
                    "first": "A",
                    "middle": [
                        "K"
                    ],
                    "last": "Dambenieks",
                    "suffix": ""
                },
                {
                    "first": "J",
                    "middle": [
                        "M"
                    ],
                    "last": "Moszynski",
                    "suffix": ""
                },
                {
                    "first": ";",
                    "middle": [],
                    "last": "",
                    "suffix": ""
                },
                {
                    "first": "W",
                    "middle": [
                        "C W"
                    ],
                    "last": "Chan",
                    "suffix": ""
                },
                {
                    "first": "K",
                    "middle": [],
                    "last": "Yu",
                    "suffix": ""
                },
                {
                    "first": "U",
                    "middle": [
                        "J"
                    ],
                    "last": "Krull",
                    "suffix": ""
                },
                {
                    "first": "R",
                    "middle": [],
                    "last": "",
                    "suffix": ""
                }
            ],
            "year": null,
            "venue": "",
            "volume": "5969",
            "issn": "",
            "pages": "",
            "other_ids": {
                "DOI": [
                    "doi.org/10.1117/12.629808"
                ]
            }
        },
        "BIBREF62": {
            "ref_id": "b62",
            "title": "Nucleic acid fluorescent probes for biological sensing",
            "authors": [
                {
                    "first": "X",
                    "middle": [],
                    "last": "Su",
                    "suffix": ""
                },
                {
                    "first": "X",
                    "middle": [],
                    "last": "Xiao",
                    "suffix": ""
                },
                {
                    "first": "C",
                    "middle": [],
                    "last": "Zhang",
                    "suffix": ""
                },
                {
                    "first": "M",
                    "middle": [],
                    "last": "Zhao",
                    "suffix": ""
                }
            ],
            "year": null,
            "venue": "Appl. Spectrosc",
            "volume": "66",
            "issn": "",
            "pages": "",
            "other_ids": {
                "DOI": [
                    "doi.org/10.1366/12-06803"
                ]
            }
        },
        "BIBREF64": {
            "ref_id": "b64",
            "title": "Fluorescent Analogs of Biomolecular Building Blocks: Design, Properties and Applications",
            "authors": [
                {
                    "first": "R",
                    "middle": [
                        "W"
                    ],
                    "last": "Sinkeldam",
                    "suffix": ""
                },
                {
                    "first": "N",
                    "middle": [
                        "J"
                    ],
                    "last": "Greco",
                    "suffix": ""
                },
                {
                    "first": "Y",
                    "middle": [],
                    "last": "Tor",
                    "suffix": ""
                }
            ],
            "year": 2010,
            "venue": "Chem. Rev",
            "volume": "110",
            "issn": "",
            "pages": "2579--2619",
            "other_ids": {
                "DOI": [
                    "doi.org/10.1021/cr900301e"
                ]
            }
        },
        "BIBREF65": {
            "ref_id": "b65",
            "title": "Intrinsically Fluorescent Base-Discriminating Nucleoside Analogs",
            "authors": [
                {
                    "first": "D",
                    "middle": [
                        "W"
                    ],
                    "last": "Dodd",
                    "suffix": ""
                },
                {
                    "first": "R",
                    "middle": [
                        "H"
                    ],
                    "last": "Hudson",
                    "suffix": ""
                }
            ],
            "year": 2009,
            "venue": "Mini-Rev. Org. Chem",
            "volume": "6",
            "issn": "",
            "pages": "378--391",
            "other_ids": {
                "DOI": [
                    "doi.org/10.2174/157019309789371659"
                ]
            }
        },
        "BIBREF66": {
            "ref_id": "b66",
            "title": "Principles of Fluorescence Spectroscopy",
            "authors": [
                {
                    "first": "J",
                    "middle": [
                        "R"
                    ],
                    "last": "Lakowicz",
                    "suffix": ""
                }
            ],
            "year": 2006,
            "venue": "",
            "volume": "",
            "issn": "",
            "pages": "",
            "other_ids": {}
        },
        "BIBREF71": {
            "ref_id": "b71",
            "title": "The Supporting Materials contains the preparative procedures",
            "authors": [],
            "year": null,
            "venue": "",
            "volume": "",
            "issn": "",
            "pages": "",
            "other_ids": {}
        },
        "BIBREF74": {
            "ref_id": "b74",
            "title": "CRC Handbook of Chemistry and Physics",
            "authors": [
                {
                    "first": "D",
                    "middle": [
                        "R"
                    ],
                    "last": "Lide",
                    "suffix": ""
                },
                {
                    "first": "",
                    "middle": [],
                    "last": "Ed",
                    "suffix": ""
                }
            ],
            "year": 1999,
            "venue": "",
            "volume": "",
            "issn": "",
            "pages": "3--157",
            "other_ids": {}
        },
        "BIBREF75": {
            "ref_id": "b75",
            "title": "Dembinski \u2022 A new synthetic protocol was established to access novel class of nucleosides, 6-alkynyl furopyrimidines \u2022 Antiviral activity (EC 50 1.3-13.2 \u00b5M) in human embryonic lung (HEL) cell cultures against varicella-zoster virus (VZV)",
            "authors": [],
            "year": null,
            "venue": "",
            "volume": "",
            "issn": "",
            "pages": "",
            "other_ids": {}
        }
    },
    "ref_entries": {
        "FIGREF1": {
            "text": "Structures of selected 6-(p-alkylphenyl) furopyrimidine nucleosides 1.Intrigued by the combination of two active units, a synthesis of alkynyl-substituted furopyrimidines was envisioned. Despite extensive modification efforts, synthetic chemists have rarely described a furopyrimidine ring with directly attached alkynes. To this point, one report",
            "latex": null,
            "type": "figure"
        },
        "FIGREF2": {
            "text": "11 70/64% and 97/72% yield). The protocol involved Sonogashira coupling in the presence of tetrakis(triphenyl phosphine)palladium(0), copper(I) iodide, and triethylamine (DMF, 23\u00b0C). R = Me, R' = Me (70%) 6i, R = Me, R' = n-C 5 H 11 (64%) 7h, R = n-C 5 H 11 , R' = Me (97%) 7i, R = n-C 5 H 11 , R' = n-ppm). Two signals characteristic for an alkyne were observed in13  C NMR for 6 and 7 (99.19-94.50 and 95.40-94.28 ppm). In the 13 C NMR spectrum for 6c, an excess of five signals was observed beyond the number of expected equivalent carbons. It is likely that the conformation with C-2 carbonyl group anti with respect to the ribose, alike the one observed in the crystal structure of 4 (vide infra), exists in solution. The resulting hindered rotation of fluorenol, enhanced by potential interactions of the quaternary and O5' acetyloxy group, may lead to a magnetic nonequivalency. This effect was observed for most (five out of six per ring) of the fluorenol aromatic carbons. Similarly, in the 1 H NMR propargyl protons of CH 2 OH groups in compounds 6a and 7a appeared as nonequivalent dAB (coupling with OH proton). A DEPT spectrum for the phthalimide-derived compound 6g, which was applied to the entire series of 13 C NMR assignments, is provided in the Supplementary Materials. HRMS spectra for both 6 and 7 exhibited an m/z peak with an accurate mass [M + H] + for the molecular ion.",
            "latex": null,
            "type": "figure"
        },
        "FIGREF3": {
            "text": "An ORTEP view of the 4 with the crystallographical atom-labeling scheme. Thermal ellipsoids are drawn at the 50% probability level. Selected interatomic distances [",
            "latex": null,
            "type": "figure"
        },
        "FIGREF4": {
            "text": ",55,56,57 quantitative optical properties of selected furopyrimidine nucleosides (6a,c,d,f,h and 7a,h, as well as 4) were determined in methanol (UV-visible and emission spectra; Figures 3 and 4, respectively). Almost identical UV-vis and fluorescence traces were observed for 6h and 7h homologues.",
            "latex": null,
            "type": "figure"
        },
        "FIGREF5": {
            "text": "UV-visible spectra of selected furopyrimidine nucleosides (methanol, 24\u00b0C).",
            "latex": null,
            "type": "figure"
        },
        "FIGREF7": {
            "text": "Emission (\u03bb ex = 360 nm) spectra of selected furopyrimidine nucleosides (methanol, 24\u00b0C).An examination of UV-visible spectra indicates molar absorptivity \u03b5 ranging from 8,700 to 19,600 M -1 cm -1 (",
            "latex": null,
            "type": "figure"
        },
        "FIGREF8": {
            "text": "). The highest quantum yields were observed for the fluorenol containing, propargyl alcohol containing, and propargyl methyl ether containing nucleosides 6c, 7a and 6d (\u03a6 = 0.60, 0.59, and 0.53, respectively). The iodine attached to the furopyrimidine core quenched the emission of fluorescence almost completely for iodonucleoside 4 (\u03a6 = 0.04), in line with identified halogen effect. 58 Overall, the quantum yields of alkynyl furopyrimidines are competitive with those of recently reported alkynyl fluorescent nucleosides, 59,60 and are even comparable with values for nucleosides labeled with auxiliary chromophores. 61 Biological activity. Considering the antiviral activity of furopyrimidine nucleosides, the biological activity of compounds 6 and 7 was investigated. Antiviral properties were determined using in vitro assays against several DNA and RNA viruses, including herpes simplex virus 1 (HSV-1), herpes simplex virus 2 (HSV-2), thymidine kinase deficient (TK -) HSV-1, adenovirus-",
            "latex": null,
            "type": "figure"
        },
        "FIGREF9": {
            "text": "wild-type; EC 50 in the range of 1.295-7.575 \u00b5M) as well as VZV/TK-deficient (mutant; EC 50 in the range of 7.61-13 \u00b5M). Although these compounds did not alter cell morphology up to a concentration of 100 \u00b5M, they affected HEL cells growth, except for 7i. Hence, the selectivity indices (SI) [ratio CC 50 (50% cytostatic concentration for HEL cells) / EC 50 (50% effective J o u r n a l P r e -p r o o f antiviral concentration) were \u2264",
            "latex": null,
            "type": "figure"
        },
        "FIGREF10": {
            "text": "The methodology of introducing alkynes at C-5 of the furopyrimidine ring was elaborated. Novel 5-alkynylfuropyrimidine derivatives, with biologically active substituents at C-6 (p-tolyl and p-pentylphenyl), were synthesized. Diverse substituents at the propargyl carbon atom, including alkyl, aryl, hydroxy, methoxy, and acetoxy groups, were introduced. It has been demonstrated that the presence of an alkyne significantly increases the fluorescence quantum yield compared to the iodo precursor. Also, X-ray crystallographic analysis of the iododerivative 4 determined the nucleoside conformation (sugar puckering and base positioning) in the solid state (anti and C3'-exo). Accordingly, the characterization of the formed fused furan ring and the regiochemistry of the iodocyclization reaction were confirmed. Synthesis of free hydroxy groups homologues is currently in progress.",
            "latex": null,
            "type": "figure"
        },
        "FIGREF11": {
            "text": "-deoxy-3',5'-di-O-acetyl-5-(4-tolyl)ethynyluridine (2, 0.800 g). White solid of 4 (0.955 g, 1.73 mmol, 92%), mp 60-63\u00baC. NMR (CDCl 3 , \u03b4): 1 H 8.11 (s, 1H, H-4), 7.97 (d, J = 8.1 Hz, 2H, C 6 H 4 ), 7.28 (d, J = 8.1 Hz, 2H, C 6 H 4 ), 6.36 (dd, J = 7.6, 6.0 Hz, 1H, H-1'), 5.26 (td, J = 6.2, 2.0 Hz, 1H, H-3'), 4.48 (dd, J = 12.0, 2.7 Hz, 1H, H-5'), 4.45 (dd, J = 5.4, 2.6 Hz, 1H, H-4'), 4.41 (dd, J = 11.4, 3.3 Hz, 1H, H-5'), 2.97 (ddd, J = 14.5, 5",
            "latex": null,
            "type": "figure"
        },
        "FIGREF12": {
            "text": "-deoxy-3',5'-di-O-acetyl-5-(4-pentylphenyl)ethynyluridine (3, 0.906 g). White solid of 5 (0.869 g, 1.43 mmol, 76%). NMR (CDCl 3 , \u03b4): 1 H 8.10 (s, 1H, H-4), 7.97 (d, J = 8.4 Hz, 2H, C 6 H 4 ), 7.26 (d, J = 8.1 Hz, 2H, C 6 H 4 ), 6.35 (dd, J = 7.8, 5.8 Hz, 1H, H-1'), 5.24 (td, J = 6.1, 1.9 Hz, 1H, H-3'), 4.47 (dd, J = 11.9, 2.9 Hz, 1H, H-5'), 4.44 (dd, J = 5.0, 2.3 Hz, 1H, H-4'), 4.39 (dd, J = 11.5, 3.0 Hz, 1H, H-5'), 2.95 (ddd, J = 14.6, 5.6, 1.3 Hz, 1H, H-2\"), 2.61 (t, 2H, J = 7.8",
            "latex": null,
            "type": "figure"
        },
        "FIGREF13": {
            "text": "From 2-propyn-1-ol (propargyl alcohol; 0.072 mL, 1.2 mmol). Light yellow solid: 0.182 g, 0.379 mmol, 76%. NMR (CDCl 3 , \u03b4): 1 H 8.26 (s, 1H, H-4), 8.00 (d, J = 8.4 Hz, 2H, C 6 H 4 ), 7.27 (d, J = 8.8 Hz, 2H, C 6 H 4 ), 6.34 (dd, J = 8.1, 5.5 Hz, 1H, H-1'), 5.27 (td, J = 6.5, 2.1 Hz, 1H, H-3'), 4.71 (dd, J = 11.8, 1.9 Hz, 1H, H-5'), 4.61 and 4.58 (dAB, J = 16.0, 5.6 Hz, 2H, CH 2 O), 4.47-4.44 (m, 1H, H-4'), 4.42 (dd, J = 11.9, 4.6 Hz, 1H, H-5'), 3.46 (t, J = 6.3 Hz, 1H, OH), 3.01 (ddd, J = 14.5, 5.5, 1.",
            "latex": null,
            "type": "figure"
        },
        "FIGREF14": {
            "text": ",5'-Di-O-acetyl-2'-deoxy-\u03b2 \u03b2 \u03b2 \u03b2-D-ribofuranosyl)-5-((9-hydroxy-9H-fluoren-9-yl)ethynyl)-6-(4-methylphenyl)-2,3-dihydrofuro[2,3-d]pyrimidin-2-one (6c). From 9-ethynyl-9-fluorenol (0.259 mg, 1.25 mmol). Yellow solid: 0.261 g, 0.415 mmol, 83%, NMR (CDCl 3 , \u03b4): 1 H 8.37 (s, 1H, H-4), 7.82 (d, J = 8.3 Hz, 2H, p-C 6 H 4 ), 7.81 (dd, J = 11.5, 7.4 Hz, 2H, o-C 6 H 4 ), 7.69 (dd, J = 7.5, 3.3 Hz, 2H, o-C 6 H 4 ), 7.46 (virtual quartet, J = 7.4 Hz, 2H, o-C 6 H 4 ), 7.41 (virtual triplet, J = 7.4 Hz, 2H, o-C 6 H 4 ), 7.07 (d, J = 8.4 Hz, 2H, p-C 6 H 4 ), 6.36 (dd, J = 7.6, 5.5 Hz, 1H, H-1'), 5.28 (td, J = 6.4, 2.0 Hz, 1H, H-3'), 4.66 (dd, J = 12.2, 2.5 Hz, 1H, H-5'), 4.55 (dd, J = 12.2, 4.4 Hz, 1H, H-5'), 4.51-4.48 (m, 1H, H-4'), 4.32 (s, 1H, OH), 3.02 (ddd, J = 14.6, 5.6, 1.7 Hz, 1H, H-2\"), 2.",
            "latex": null,
            "type": "figure"
        },
        "FIGREF15": {
            "text": ",5'-Di-O-acetyl-2'-deoxy-\u03b2 \u03b2 \u03b2 \u03b2-D-ribofuranosyl)-5-(3-methoxyprop-1-yn-1-yl)-6-(4methylphenyl)-2,3-dihydrofuro[2,3-d]pyrimidin-2-one (6d). From methyl propargyl ether (0.105 mL, 1.25 mmol). Light yellow solid: 0.141 g, 0.285 mmol, 66%. NMR (CDCl 3 , \u03b4): 1 H 8.31 (s, 1H, H-4), 8.03 (d, J = 8.3 Hz, 2H, C 6 H 4 ), 7.27 (d, J = 7.9 Hz, 2H, C 6 H 4 ), 6.36 (dd, J = 7.7, 5.9 Hz, 1H, H-1'), 5.25 (td, J = 6.5, 2.2 Hz, 1H, H-3'), 4.47 (dd, J = 11.6, 2.5 Hz, 1H, H-5'), 4.44-4.41 (m, 1H, H-4'), 4.41 (s, 2H, CH 2 ), 4.39 (dd, J = 11.5, 3.5 Hz, 1H, H-5'), 3.46 (s, 3H, CH 3 ), 2.94 (ddd, J = 14.5, 5.6, 2.",
            "latex": null,
            "type": "figure"
        },
        "FIGREF16": {
            "text": ",5'-di-O-acetyl-2'-deoxy-\u03b2 \u03b2 \u03b2 \u03b2-D-ribofuranosyl)-6-(4methylphenyl)-2,3-dihydrofuro[2,3-d]pyrimidin-2-one (6e). From propargyl acetate (0.124 mL, 1.25 mmol). Light yellow solid: 0.206 g, 0.395 mmol, 79%. NMR (CDCl 3 , \u03b4):",
            "latex": null,
            "type": "figure"
        },
        "FIGREF17": {
            "text": "From N-(3-butynyl)phthalimide (0.249 mg, 1.25 mmol). Light yellow solid: 0.290 g, 0.465 mmol, 93%. NMR (CDCl 3 , \u03b4): 1 H 8.51 (s, 1H, H-4), 7.92 (d, J = 8.3 Hz, 2H, p-C 6 H 4 ), 7.81 (AA'XX', J = 5.5, 3.1 Hz, 2H, o-C 6 H 4 ), 7.69 (AA'XX', J = 5.5, 3.1 Hz, 2H, o-C 6 H 4 ), 7.15 (d, J = 8.3 Hz, 2H, p-C 6 H 4 ), 6.42 (dd, J = 7.7, 5.8 Hz, 1H, H-1'), 5.31 (td, J = 6.6, 2.1 Hz, 1H, H-3'), 4.57 (dd, J = 11.3, 2.8 Hz, 1H, H-5'), 4.48-4.46 (m, 1H, H-4'), 4.44 (dd, J = 11.5, 4.0 Hz, 1H, H-5'), 4.01 (dp, J = 10.3, 4.9 Hz, 2H, CH 2 ), 3.03-2.91 (m, 1H, H-2\"), 2.98 and 2.96 (AB, J = 5.",
            "latex": null,
            "type": "figure"
        },
        "FIGREF18": {
            "text": ",5'-Di-O-acetyl-2'-deoxy-\u03b2 \u03b2 \u03b2 \u03b2-D-ribofuranosyl)-5-(4-(1,3-dioxoisoindolin-2-yl)hex-1-yn-1yl)-6-(4-methylphenyl)-2,3-dihydrofuro[2,3-d]pyrimidin-2-one (6g). From N-(5-hexynyl)phthalimide (0.284 mg, 1.25 mmol). Light brown oil: 0.267 g, 0.410 mmol, 82%. NMR (CDCl 3 , \u03b4): 1 H 8.25 (s, 1H, H-4), 7.97 (d, J = 8.2 Hz, 2H, p-C 6 H 4 ), 7.78 (AA'XX', J = 5.4, 3.2 Hz, 2H, o-C 6 H 4 ), 7.67 (AA'XX', J = 5.5, 3.2 Hz, 2H, o-C 6 H 4 ), 7.21 (d, J = 8.2 Hz, 2H, p-C 6 H 4 ), 6.35 (dd, J = 7.7, 5.7 Hz, 1H, H-1'), 5.24 (td, J = 6.6, 2.1 Hz, 1H, H-3'), 4.46 (dd,",
            "latex": null,
            "type": "figure"
        },
        "FIGREF19": {
            "text": ",5'-Di-O-acetyl-2'-deoxy-\u03b2 \u03b2 \u03b2 \u03b2-D-ribofuranosyl)-6-(4-methylphenyl)-5-((4pentylphenyl)ethynyl)-2,3-dihydrofuro[2,3-d]pyrimidin-2-one (6i",
            "latex": null,
            "type": "figure"
        },
        "FIGREF20": {
            "text": ",5'-Di-O-acetyl-2'-deoxy-\u03b2 \u03b2 \u03b2 \u03b2-D-ribofuranosyl)-5-(4-hydroxybut-1-yn-1-yl)-6-(4pentylphenyl)-2,3-dihydrofuro[2,3-d]pyrimidin-2-one (7b).From 3-butyn-1-ol (0.095 mL, 1.25 mmol). Light yellow solid: 0.223 g, 0.405 mmol, 81%. NMR (CDCl 3 , \u03b4): 1 H 8.27 (s, 1H, H-4), 8.04 (d, J = 8.2 Hz, 2H, C 6 H 4 ), 7.25 (d, J = 8.0 Hz, 2H, C 6 H 4 ), 6.31 (dd, J = 7.4, 5.9 Hz, 1H, H-1'), 5.24 (td, J = 6.6, 1.5 Hz, 1H, H-3'), 4.57 (dd, J = 11.9, 2.2 Hz, 1H, H-5'), 4.44-4.41 (m, 1H, H-4'), 4.38 (dd, J = 11.9, 4.2 Hz, 1H, H-5'), 3.89 (AB, J = 6.0 Hz, 2H, CH 2 ), 3.03-3.00 (br s, 1H, OH), 2.97 (ddd, J = 14.9, 5.8, 1.0 Hz, 1H, H-2\"), 2.81 (t, J = 6.0, 2H, CH 2 ), 2.62 (t, J = 7.",
            "latex": null,
            "type": "figure"
        },
        "FIGREF21": {
            "text": ",5'-Di-O-acetyl-2'-deoxy-\u03b2 \u03b2 \u03b2 \u03b2-D-ribofuranosyl)-5-(4-methylphenyl)-6-(4-pentylphenyl)-2,3-dihydrofuro[2,3-d]pyrimidin-2-one (7h",
            "latex": null,
            "type": "figure"
        },
        "TABREF1": {
            "text": "Comparison of selected conformational parameters for crystallographically characterized furopyrimidine nucleosides and 4.",
            "latex": null,
            "type": "table"
        },
        "TABREF2": {
            "text": ". The pentyl substituent slightly increases \u03b5, as compared to the corresponding methyl-substituted homologues (7a vs 6a, and 7h vs 6h). By comparison, furopyrimidine without an alkyne substituent (reference compound 1b) absorbs at \u03bb max 280 and 352 nm (\u03b5 23,200 and 17,300 M -1 cm -1 , respectively). Emission wavelength (\u03bb em ) values were observed for alkynyl furopyrimidines 6a,c,d,f,h and 7a,h in the range of 453-481 nm (\u03bb ex = 360 nm,Table 1), and were red-shifted compared to the alkyne-free 1b (\u03bb em = 434 nm). Slightly lower values were determined for the iododerivative 4 (\u03bb em = 445 nm).",
            "latex": null,
            "type": "table"
        },
        "TABREF3": {
            "text": "Optical properties of selected furopyrimidine nucleosides 6,7, and 4 (\u03bb ex = 360 nm).",
            "latex": null,
            "type": "table"
        },
        "TABREF4": {
            "text": "2, human coronavirus (229E), human cytomegalovirus (AD-169 and Davis strains), varicellazoster virus (VZV, TK + Oka strain and TK -07-1 strain), vesicular stomatitis virus, coxsackie virus B4 respiratory syncytial virus, para-influenza-3 virus, reovirus-1, sindbis virus, coxsackie J o u r n a l P r e -p r o o f virus B4, punta toro virus, yellow fever virus, influenza A virus (H1N1 and H3N2 subtypes) and influenza B virus. Results from these in vitro assays indicate that some of the derivatives showed activity exclusively against VZV in human embryonic lung (HEL) fibroblasts",
            "latex": null,
            "type": "table"
        },
        "TABREF5": {
            "text": "Antiviral activity of furopyrimidines 6 and 7 against varicella-zoster virus (VZV) in human embryonic lung (HEL) cells.",
            "latex": null,
            "type": "table"
        },
        "TABREF15": {
            "text": "J = 14.5, 5.7, 2.1 Hz, 1H, H-2\"), 2.38 (s, 6H, CH 3 ), 2.15 (ddd, J = 14.5, 7.6, 6.8 Hz, 1H, H-2'), 2.10 (s, 3H, Ac), 2.00 (s, 3H, Ac); 13 C 170.31, 170.09(2C), 156.cm -1 ). Fluorescence (MeOH, ca. 3.57 \u00d7 10 -6 M) \u03bb ex 360 nm, \u03bb em 481 nm, \u03a6 = 0.19. HRMS (ESI-TOF) [M + H] + calcd for C 31 H 29 N 2 O 7 541.1969, found: 541.1969.",
            "latex": null,
            "type": "table"
        },
        "TABREF16": {
            "text": "2H, C 6 H 4 ), 7.26 (d, J = 8.2 Hz, 2H, C 6 H 4 ), 7.21 (d, J = 8.0 Hz, 2H, C 6 H 4 ), 6.39 (dd, J = 7.6, 5.8 Hz, 1H, H-1'), 5.25 (td, J = 6.4, 2.0 Hz, 1H, H-3'), 4.50 (dd, J = 14.7, 5.1 Hz, 1H, H-5'), 4.44-4.38 (m, 2H, H-4',5'), 2.94 (ddd, J = 14.5, 5.6, 2.1 Hz, 1H, H-2\"), 2.63 (t, J = 7.8 Hz, 2H, CH 2 ), 2.39 (s, 3H, CH 3 ), 2.16 (ddd, J = 14.4, 7.5, 6.9 Hz, 1H, H-2'), 2.11 (s, 3H, Ac), 2.00 (s, 3H, Ac), 1.62 (p, J = 7.5 Hz, 2H, CH 2 ), 1.36-1.28 (m, 4H, 2CH 2 ), 0.89 (t, J = 6.8 Hz, 3H, CH 3 ); 21.18, 20.95, 14.05. IR (\u03bd, cm -1 , ATR) 3350 br w, 2968 m, 2928 m, 1739 s, 1665 vs, 1599 s, 1219 vs, 1066 vs. UV-vis (MeOH, 22.2 \u00d7 10 -6 M) \u03bb max 362 nm (\u03b5 19,600 M -1 cm -1 ). Fluorescence (MeOH, ca. 3.73 \u00d7 10 -6 M) \u03bb ex 360 nm, \u03bb em 452 nm, \u03a6 = 0.59. HRMS (ESI-TOF) [M + H] + calcd for C 29 H 33 N 2 O 8 537.2231, found: 537.2231.",
            "latex": null,
            "type": "table"
        },
        "TABREF17": {
            "text": "8, 2H, CH 2 ), 2.12 (s, 3H, Ac), 2.08 (s, 3H, Ac), 2.06 (ddd, J = 14.5, 7.8, 6.5 Hz, 1H, H-2'), 1.61 (p, J = 7.4, 2H, CH 2 ), 1.36-1.28 (m, 4H, 2CH 2 ), 0.88 (t, J = 7.0 Hz, 3H, CH 3 ); 13 C 171.08, 170.54, 170.16, 156.25, 154.63, 145.72, 134.69, 128.90(2C), 125.90(2C), 125.71, 109.41, 97.24, 95.34, 88.88, 83.79, 74.53, 71.21, 63.86, 60.75, 39.48, 35.95, 31.45, 30.89, 20.45, 22.54, 20.95(2C), 14.04. IR (\u03bd, cm -1 , ATR) 3380 br w, 2958 m, 2927 m, 1739 s, 1665 vs, 1572 m, 1399 m, 1219 vs, 1044 vs. UV-vis (MeOH, 21.6 \u00d7 10 -6 M) \u03bb max 360 nm (\u03b5 17,400 M -1 cm -1 ). Fluorescence (MeOH, ca. 3.63 \u00d7 10 -6 M) \u03bb ex 360 nm, \u03bb em 461, \u03a6 = 0.50. HRMS (ESI-TOF) [M + H] + calcd for C 30 H 35 N 2 O 8 551.2388, found: 551.2388.",
            "latex": null,
            "type": "table"
        },
        "TABREF18": {
            "text": "). From 4-ethynyltoluene (0.158 mL, 1.25 mmol). Light brown solid: 0.289 g, 0.485 mmol, 97%. NMR (CDCl 3 , \u03b4): 1 H 8.41 (s, 1H, H-4), 8.15 (d, J = 8.4 Hz, 2H, C 6 H 4 ), 7.47 (d, J = 8.0 Hz, 2H, yield \u03a6 D = 0.82. 65 Sample preparation and measurement were conducted at 24\u00b0C. Solvent correction was carried out using refractive index values. 66 Biological Studies. The antiviral assays were based on inhibition of virus-induced cytopathicity or plaque formation in HEL [herpes simplex virus 1 (HSV-1) (KOS), HSV-2 (G), vaccinia virus, vesicular stomatitis virus, human cytomegalovirus (HCMV), varicella-zoster virus (VZV), adenovirus-2 and human corona virus (299E)], Vero (parainfluenza-3, reovirus-1, Sindbis virus and Coxsackie B4), HeLa (vesicular stomatitis virus, Coxsackie virus B4, and respiratory syncytial virus) or MDCK [influenza A (H1N1, H3N2) and influenza B] cell cultures. Confluent cell cultures (or nearly confluent for MDCK cells) in microtiter 96-well plates were inoculated with 100 CCID 50 of virus (1 CCID50 being the virus dose to infect 50% of the cell cultures) or with 20 plaque forming units (PFU). After 1 -2 h virus adsorption period, residual virus was removed, and the cell cultures were incubated in the presence of varying concentrations of the test compounds in duplicate. Viral cytopathicity was recorded as soon as it reached completion in the control virus-infected cell cultures that were not treated with the test compounds. Antiviral activity was expressed as the EC",
            "latex": null,
            "type": "table"
        }
    },
    "back_matter": [
        {
            "text": "We thank the National Institutes of Health (NIH, CA111329), the Statutory Funds of CMMS PAS, for support of this research. We are also thankful to Dr. Hiroyuki Hayakawa (Yamasa Corporation, Biochemicals Division) and Dr. Bruno Fran\u00e7ois (Simafex, France), for a generous supply of nucleosides and N-iodosuccinimide, respectively. The NSF",
            "cite_spans": [],
            "ref_spans": [],
            "section": "Acknowledgments."
        }
    ]
}