{"paper_id": "0089aa4b17549b9774f13a9e2e12a84fc827d60b", "metadata": {"title": "The Domain-Specific and Temperature-Dependent Protein Misfolding Phenotype of Variant Medium-Chain acyl-CoA Dehydrogenase", "authors": [{"first": "Marietta", "middle": ["S"], "last": "Truger", "suffix": "", "affiliation": {"laboratory": "", "institution": "Ludwig-Maximilians-University", "location": {"settlement": "Munich, Germany"}}, "email": ""}, {"first": "Christian", "middle": ["P"], "last": "Sommerhoff", "suffix": "", "affiliation": {"laboratory": "", "institution": "Ludwig-Maximilians-University", "location": {"settlement": "Munich, Germany"}}, "email": ""}, {"first": "Sacha", "middle": [], "last": "Ferdinandusse", "suffix": "", "affiliation": {"laboratory": "Laboratory Genetic Metabolic Diseases", "institution": "University of Amsterdam", "location": {"settlement": "Amsterdam", "country": "The Netherlands"}}, "email": ""}, {"first": "Ronald", "middle": ["J"], "last": "Wanders", "suffix": "", "affiliation": {"laboratory": "Laboratory Genetic Metabolic Diseases", "institution": "University of Amsterdam", "location": {"settlement": "Amsterdam", "country": "The Netherlands"}}, "email": ""}, {"first": "S\u00f8ren", "middle": ["W"], "last": "Gersting", "suffix": "", "affiliation": {"laboratory": "", "institution": "Ludwig-Maximilians-University", "location": {"settlement": "Munich, Germany"}}, "email": ""}, {"first": "Ania", "middle": ["C"], "last": "Muntau", "suffix": "", "affiliation": {"laboratory": "", "institution": "Ludwig-Maximilians-University", "location": {"settlement": "Munich, Germany"}}, "email": ""}]}, "abstract": [{"text": "The implementation of expanded newborn screening programs reduced mortality and morbidity in medium-chain acyl-CoA dehydrogenase deficiency (MCADD) caused by mutations in the ACADM gene. However, the disease is still potentially fatal. Missense induced MCADD is a protein misfolding disease with a molecular loss-of-function phenotype. Here we established a comprehensive experimental setup to analyze the structural consequences of eight ACADM missense mutations (p.Ala52Val, p.Tyr67His, p.Tyr158His, p.Arg206Cys, p.Asp266Gly, p.Lys329Glu, p.Arg334Lys, p.Arg413Ser) identified after newborn screening and linked the corresponding protein misfolding phenotype to the site of side-chain replacement with respect to the domain. With fever being the crucial risk factor for metabolic decompensation of patients with MCADD, special emphasis was put on the analysis of structural and functional derangements related to thermal stress. Based on protein conformation, thermal stability and kinetic stability, the molecular phenotype in MCADD depends on the structural region that is affected by missense-induced conformational changes with the central b-domain being particularly prone to structural derangement and destabilization. Since systematic classification of conformational derangements induced by ACADM mutations may be a helpful tool in assessing the clinical risk of patients, we scored the misfolding phenotype of the variants in comparison to p.Lys329Glu (K304E), the classical severe mutation, and p.Tyr67His (Y42H), discussed to be mild. Experiments assessing the impact of thermal stress revealed that mutations in the ACADM gene lower the temperature threshold at which MCAD loss-of-function occurs. Consequently, increased temperature as it occurs during intercurrent infections, significantly increases the risk of further conformational derangement and loss of function of the MCAD enzyme explaining the life-threatening clinical courses observed during fever episodes. Early and aggressive antipyretic treatment thus may be life-saving in patients suffering from MCADD.", "cite_spans": [], "ref_spans": [], "section": "Abstract"}, {"text": "Variant Medium-Chain acyl-CoA Dehydrogenase. PLoS ONE 9(4): e93852.", "cite_spans": [], "ref_spans": [], "section": "Abstract"}], "body_text": [{"text": "Medium-chain acyl-CoA dehydrogenase deficiency (MCADD; MIM #201450) is the most common fatty acid disorder arising from mutations in the ACADM gene (MIM #607008). In the absence of catabolic stress individuals with MCADD are mostly asymptomatic, but intercurrent illness or prolonged fasting may lead to episodes of coma with hypoketotic hypoglycemia and hepatic dysfunction [1, 2] . In the absence of newborn screening (NBS) for MCADD, premature death or serious disability occurs in 20% to 25% of children with the disorder [3] . If MCADD is identified by NBS, families are instructed to avoid prolonged fasting and to have their children hospitalized for glucose infusion during acute illness. These measures reduce the frequency of sudden death in MCADD, but unfortunately, some patients die in spite of early diagnosis and implementation of emergency procedures [4] . Still occurring fatal courses may be due to the incomplete understanding of the underlying molecular phenotype linked to the mutations found in these patients.", "cite_spans": [{"start": 375, "end": 378, "text": "[1,", "ref_id": "BIBREF0"}, {"start": 379, "end": 381, "text": "2]", "ref_id": "BIBREF1"}, {"start": 526, "end": 529, "text": "[3]", "ref_id": "BIBREF2"}, {"start": 867, "end": 870, "text": "[4]", "ref_id": "BIBREF3"}], "ref_spans": [], "section": "Introduction"}, {"text": "Eighty percent of symptomatic patients diagnosed before the establishment of expanded NBS programs in Europe and in the US are homozygous for the mutation p.Lys329Glu (c.985A.G), 18% carry this allelic variant in the heterozygous state [5, 6] with an allele frequency of 90% in this group. Thus, this mutation is tightly linked to the risk of clinical disease manifestation. MCADD patients identified by expanded NBS show a considerably wider genetic heterogeneity with the p.Lys329Glu mutation present only on 47% to 63% of defective alleles [3, [7] [8] [9] [10] . p.Tyr67His (c.199C.T) is the second most prevalent mutation identified in newborns with MCADD and is discussed to be less severe [7, [9] [10] [11] [12] . In addition, numerous novel mutations have been identified in the NBS cohort, leading to the current number of 81 different ACADM mutations with 80% of these being missense or small insertions/deletions (www.hgmd.org). The clinical relevance of the majority of these mutations is so far unknown. Notably, novel genotypes identified in NBS are associated with risk of sudden death [4] . Clinical observation may support the hypothesis that the two most common mutations in the ACADM gene causing the amino acid substitutions p.Lys329Glu, the predominant variant in symptomatic patients, and p.Tyr67His, a biochemically mild variant solely found in presymptomatic infants in NBS, form the two ends of a phenotypic spectrum in MCADD.", "cite_spans": [{"start": 236, "end": 239, "text": "[5,", "ref_id": "BIBREF4"}, {"start": 240, "end": 242, "text": "6]", "ref_id": "BIBREF5"}, {"start": 543, "end": 546, "text": "[3,", "ref_id": "BIBREF2"}, {"start": 547, "end": 550, "text": "[7]", "ref_id": "BIBREF6"}, {"start": 551, "end": 554, "text": "[8]", "ref_id": "BIBREF7"}, {"start": 555, "end": 558, "text": "[9]", "ref_id": "BIBREF8"}, {"start": 559, "end": 563, "text": "[10]", "ref_id": "BIBREF9"}, {"start": 695, "end": 698, "text": "[7,", "ref_id": "BIBREF6"}, {"start": 699, "end": 702, "text": "[9]", "ref_id": "BIBREF8"}, {"start": 703, "end": 707, "text": "[10]", "ref_id": "BIBREF9"}, {"start": 708, "end": 712, "text": "[11]", "ref_id": "BIBREF10"}, {"start": 713, "end": 717, "text": "[12]", "ref_id": "BIBREF11"}, {"start": 1100, "end": 1103, "text": "[4]", "ref_id": "BIBREF3"}], "ref_spans": [], "section": "Introduction"}, {"text": "Experimental evidence led to the current view that missense induced MCADD is a protein misfolding disease with a loss-offunction molecular phenotype [13] [14] [15] [16] . In spite of differences in severity both p.Lys329Glu and p.Tyr67His caused protein misfolding [16, 17] . In a previous study, we provided first experimental evidence for the impact of eight additional ACADM mutations identified in NBS on MCAD structure and function and all of these were clearly associated with conformational derangement and decreased protein stability [16] . High rates of aggregation and degradation upon recombinant expression indicated a severe protein misfolding molecular phenotype for two further mutations from Bavarian NBS, namely p.Asp223Gly and p.Ile331Thr, and precluded these variants from further experimental exploration [16] .", "cite_spans": [{"start": 149, "end": 153, "text": "[13]", "ref_id": "BIBREF12"}, {"start": 154, "end": 158, "text": "[14]", "ref_id": "BIBREF13"}, {"start": 159, "end": 163, "text": "[15]", "ref_id": "BIBREF14"}, {"start": 164, "end": 168, "text": "[16]", "ref_id": "BIBREF15"}, {"start": 265, "end": 269, "text": "[16,", "ref_id": "BIBREF15"}, {"start": 270, "end": 273, "text": "17]", "ref_id": "BIBREF16"}, {"start": 542, "end": 546, "text": "[16]", "ref_id": "BIBREF15"}, {"start": 825, "end": 829, "text": "[16]", "ref_id": "BIBREF15"}], "ref_spans": [], "section": "Introduction"}, {"text": "The analysis of the structural consequences of side-chain replacements in the MCAD protein may contribute to a better understanding of the mechanisms underlying mutation-induced protein misfolding and loss of enzyme function. MCAD is a homotetrameric protein with each subunit consisting of three structural domains, the N-terminal a-domain (aD N ), the middle bdomain (bD), and the C-terminal a-domain (aD C ). Within the family of fatty acid acyl-CoA dehydrogenases the MCAD enzyme shows a comparatively broad spectrum of substrate utilization [18] with the highest affinity for octanoyl-CoA, and contains a FAD moiety as catalytic redox factor. Substrate and cofactor bind to neighboring but structurally distinct grooves. Substrate binding is confined to the individual subunits, whereas parts of the cofactor molecules adopt an inter-subunit orientation.", "cite_spans": [{"start": 546, "end": 550, "text": "[18]", "ref_id": "BIBREF17"}], "ref_spans": [], "section": "Introduction"}, {"text": "In an attempt to classify novel mutations found in NBS we established a comprehensive experimental setup which includes circular dichroism (CD) spectroscopy, differential scanning fluorimetry (DSF) monitoring 8-anilino-1-naphtalenesulfonic acid (ANS) and flavin adenine dinucleotide (FAD) fluorescence, right angle light scattering, and kinetics of thermal inactivation. This allowed for detailed analysis of the conformation of wild-type and variant MCAD proteins focusing on a domain-related view of folding and mutation-induced unfolding events in the MCAD protein. With fever being a distinctive clinical risk factor for patients with MCADD, special emphasis was put on structural and functional derangements related to thermal stress. Moreover, we summarized and quantified the structural data and visualized the molecular protein misfolding phenotype of the variant MCAD proteins in a 3D plot comparing them to the wild-type, to p.Lys329Glu, the classical severe mutation, and to p.Tyr67His, discussed to be a mild mutation.", "cite_spans": [], "ref_spans": [], "section": "Introduction"}, {"text": "In a previous study [16] we analyzed oligomerization, enzyme kinetics, and overall stability of the MCAD wild-type protein and 10 variant MCAD proteins derived from ACADM missense mutations identified in Bavarian NBS. In this study, we provide detailed conformational analysis of wild-type and eight variant MCAD proteins, p.Ala52Val, p.Tyr67His, p.Tyr158His, p.Arg206Cys, p.Asp266Gly, p.Lys329Glu, p.Arg334Lys, and p.Arg413Ser that were amenable to recombinant expression and purification. Mutations were grouped according to the localization of the respective amino acid side-chain replacement within the three structural domains of the MCAD protein: i) N-terminal adomain (aD N ), p.Ala52Val (c.155C.T), p.Tyr67His (c.199T.C), ii) middle b-domain (bD), p.Tyr158His (c.472T.C), p.Arg206Cys (c.616C.T), p.Asp266Gly (c.797A.G), and iii) C-terminal adomain (aD C ), p.Arg334Lys (c.1001G.A), p.Arg413Ser (c.1237C.A). A color code linked to the individual protein domains (green, aD N ; blue, bD; red, aD C ) was used throughout. Mutations are summarized in Table 1 .", "cite_spans": [{"start": 20, "end": 24, "text": "[16]", "ref_id": "BIBREF15"}], "ref_spans": [{"start": 1055, "end": 1062, "text": "Table 1", "ref_id": "TABREF0"}], "section": "Mutations"}, {"text": "GeneBank NM_000016.4 was used as cDNA reference sequence. The recommendations of the Nomenclature Working Group [19] were followed. Nucleotide +1 is the A of the ATGtranslation initiation codon. Amino acid numbering starts with the translation initiator methionine as +1. Additionally, the traditional nomenclature system of the MCAD protein is shown in a separate column in Table 1 . In this system, amino acid numbering starts at codon 26 with the first 25 amino acids forming a mitochondrial targeting peptide and being cleaved off to produce the mature MCAD monomer [20] .", "cite_spans": [{"start": 112, "end": 116, "text": "[19]", "ref_id": "BIBREF18"}, {"start": 570, "end": 574, "text": "[20]", "ref_id": "BIBREF19"}], "ref_spans": [{"start": 375, "end": 382, "text": "Table 1", "ref_id": "TABREF0"}], "section": "Nomenclature of Sequence Variations"}, {"text": "The cDNA of the human ACADM gene (ACADM-encoding pKK223 plasmid obtained as a gift from Jerry Vockley, Pittsburgh, USA) was cloned into the prokaryotic expression vector pMALc2X (NEB) encoding an N-terminal MBP (maltosebinding protein) and a Factor Xa cleavage site. ACADM mutations were constructed by use of the QuikChange Site-Directed Mutagenesis Kit (Stratagene) and verified by DNA sequencing.", "cite_spans": [], "ref_spans": [], "section": "Plasmid construction"}, {"text": "Transient expression of wild-type and variant MCAD in COS-7 cells COS-7 cells were maintained in RPMI 1640 medium with stable glutamine supplemented with 10% fetal bovine serum and 1% antibiotics (PAA). For transient expression of wild-type and variant MCAD proteins, wild-type and mutant ACADM cDNA was subcloned in pEF-DEST51. After transfection of 2 million cells with 2 mg DNA using the Amaxa electroporation system (Lonza), cells were cultured for 48 h in basic medium. Culture medium was changed every 24 h. Cells were harvested by scraping and lysed by three freeze-thaw cycles in a lysis buffer (20 mM Hepes pH 7.0, 200 mM NaCl containing 1% Triton X-100, 100 mg/ml digitonin and proteinase inhibitors), followed by 20 min centrifugation at 14,000 rpm at 4uC. Supernatants were kept at -80uC until being used for the activity assay.", "cite_spans": [], "ref_spans": [], "section": "Plasmid construction"}, {"text": "The MCAD enzyme activity was determined essentially as described elsewhere [21] using a reaction medium with the following composition: 200 mM Tris-HCL, 0.2 mM phenylpropionyl-CoA, 1 mM ferrocenium hexafluorophosphate, pH 8.0. Final protein concentration in the assay was 0.02 mg protein/ml. Separation of substrate and product was performed by UHPLC-UV.", "cite_spans": [{"start": 75, "end": 79, "text": "[21]", "ref_id": "BIBREF20"}], "ref_spans": [], "section": "MCAD enzyme activity assay"}, {"text": "Expression and purification were essentially performed as previously described [16] . In brief, the MCAD wild-type pMALc2X expression plasmid was used to transform the E. coli strain BL21-CodonPlus (Stratagene), whereas the E. coli strain DH5a (Invitrogen) was co-transformed with expression plasmids of variant human ACADM and pGroESL [22] . Bacteria transformed with wild-type MCAD were grown in 2 l of dYT medium supplemented with 100 mg/ml ampicillin, while variant proteins were grown in the presence of 100 mg/ml ampicillin and 50 mg/ ml chloramphenicol. Protein overexpression was induced with 0.01 mM isopropylthio-b-D-galactoside (IPTG) at a post induction temperature of 28 uC for 20 hours. Recombinant proteins were purified at 4 uC using \u00c4 KTApurifier and \u00c4 KTAprime systems (GE Healthcare). After loading the crude extract on a MBPTrap affinity chromatography column (GE Healthcare), equilibrated with column buffer (20 mM Tris-HCl pH 7.4, 200 mM NaCl, 1 mM EDTA, 1 mM DTT), unbound proteins were washed out and MBP fusion proteins were eluted with the same buffer supplemented with 10 mM maltose, followed by sizeexclusion chromatography using a HiLoad 16/600 Superdex 200 column (GE Healthcare) equilibrated with size-exclusion buffer (20 mM HEPES pH 7.0, 200 mM NaCl). The isolated tetrameric fusion proteins were pooled and incubated with Factor Xa (Novagen) for 12 hours at 4 uC to cleave off the MBP tag using a protease to protein ratio of 1:20 (U mg) followed by final rechromatography (HiLoad 16/600 Superdex 200 column, GE Healthcare) in size-exclusion buffer. The concentration of the isolated tetrameric fraction was determined using the fluorescent dye binding Quant-iT assay (Invitrogen). All purification steps of wild-type MCAD are shown in Figure S1A and wild-type and variant MCAD proteins were purified to homogeneity ( Figure  S1B ).", "cite_spans": [{"start": 79, "end": 83, "text": "[16]", "ref_id": "BIBREF15"}, {"start": 336, "end": 340, "text": "[22]", "ref_id": "BIBREF21"}], "ref_spans": [{"start": 1770, "end": 1780, "text": "Figure S1A", "ref_id": "FIGREF0"}, {"start": 1852, "end": 1863, "text": "Figure  S1B", "ref_id": "FIGREF0"}], "section": "Prokaryotic expression and purification"}, {"text": "Far-UV CD spectra were recorded using a Jasco J-715 spectropolarimeter (Jasco, Gross-Umstadt, Germany) equipped with a PTC 343 Peltier element. Experiments were performed in quartz cuvettes with 0.1 cm path length at a protein concentration of 0.15 mg/ml and far-UV spectra were recorded from 190 to 260 nm in 10 mM potassium phosphate, pH 8.0 at 20 uC. 16 spectra were accumulated for each protein analyzed and subsequently baseline corrected. The composition of secondary structure elements was calculated using the CD spectra deconvolution software CDNN [23] . Thermal transition experiments were monitored at 208 nm with a heating rate of 20 uC per hour. Data were normalized by setting the signal of the native protein to 1.", "cite_spans": [{"start": 557, "end": 561, "text": "[23]", "ref_id": "BIBREF22"}], "ref_spans": [], "section": "Circular dichroism spectroscopy"}, {"text": "Fluorescence measurements with the wild-type and variant MCAD enzymes (0.5 mg/ml) diluted in 20 mM HEPES buffer, pH 7.0 and 200 mM NaCl were performed on a Cary Eclipse fluorescence spectrophotometer equipped with a temperaturecontrolled Peltier multicell holder (Varian). Intrinsic FAD fluorescence and binding of the hydrophobic dye 8-anilino-1naphtalenesulfonic acid (ANS, Sigma-Aldrich) to surface exposed hydrophobic groups was co-monitored (multiwavelength program) during heat-induced denaturation experiments in the temperature range from 25 uC to 65 uC at a heating rate of 1 uC/min. Changes in ANS fluorescence emission were detected at 450 nm (excitation at 395 nm, 5.0/10.0 nm slit widths), whereas intrinsic FAD emission was monitored simultaneously at 530 nm (excitation at 450 nm, 5.0/10.0 nm slit widths). We ensured that no fluorescence resonance energy transfer occurred at the wavelengths used. Transition midpoints (T m1/2 ) were determined graphically with T m1/2 being the temperature at which half denaturation occurred. Significances between wild-type and variant proteins were calculated by one-way ANOVA followed by a Dunnett's post test (GraphPad Prism 5.0).", "cite_spans": [], "ref_spans": [], "section": "ANS and FAD differential scanning fluorimetry"}, {"text": "Right angle light scattering (RALS) experiments were performed on a Cary Eclipse fluorescence spectrophotometer equipped with a temperature-controlled Peltier multicell holder (Varian). Samples contained 0.08 mg/ml protein diluted in 20 mM HEPES buffer, pH 7.0 and 200 mM NaCl. The increase in turbidity was monitored in the temperature range from 25 uC to 65 uC at a heating rate of 1 uC/min (excitation at 330 nm, emission 335 nm; 5.0 nm slit widths). Turbidity curves were illustrated with GraphPad Prism 5.0.", "cite_spans": [], "ref_spans": [], "section": "Right angle light scattering"}, {"text": "Thermal inactivation experiments were performed using a ferrocenium-based spectrophotometric assay [24] . MCAD protein diluted in 100 mM HEPES, pH 7.6 supplemented with 0.1 mM EDTA was incubated at five different temperatures in the range from 32 uC to 44 uC for the indicated time intervals. MCAD enzyme activity was subsequently measured by addition of 10 mM octanoyl-CoA. Residual enzyme activities of n = 5 to n = 7 independent experiments were normalized to initial enzyme activity prior to incubation (25 uC) . The kinetic constants of inactivation k were calculated by plotting the residual activity against the measurement time.", "cite_spans": [{"start": 99, "end": 103, "text": "[24]", "ref_id": "BIBREF23"}, {"start": 507, "end": 514, "text": "(25 uC)", "ref_id": null}], "ref_spans": [], "section": "Kinetics of thermal inactivation"}, {"text": "Arrhenius plots result from plotting the logarithm of the five kinetic constants against the respective inverse temperature. Activation energy (E A ) was determined from the slope of the Arrhenius plot and is given as single value without measures of variation.", "cite_spans": [], "ref_spans": [], "section": "Kinetics of thermal inactivation"}, {"text": "To visualize results from experiments investigating thermal stability, kinetic stability, and conformation of MCAD wild-type and variants, we combined data and developed relative scores assessing the severity of mutation-induced changes. The parameter thermal stability (y-axis) reflects the thermal unfolding behavior. Values were based on the means of transition midpoints of thermal denaturation as determined by CD spectroscopy, ANS-DSF or FAD-DSF. The parameter kinetic stability (x-axis) represents the activation energy (E A ) as a measure of the threshold from the active to the non-active protein upon application of thermal stress. The parameter conformation (z-axis) arises from the results of CD spectroscopy, ANS-fluorescence or intrinsic FAD-fluorescence reflecting secondary structure, tertiary structure, and structural integrity with no stress applied, i. e. at room temperature. A numerical score was assigned to each of the experimental data with values ranging from 9 (native state) to 1 (non-native state).", "cite_spans": [], "ref_spans": [], "section": "3D plot of structural alterations in variant MCAD proteins"}, {"text": "The mutations analyzed in this study affect side chains distributed over the entire MCAD protein. Side chains Ala27 and Tyr133 of the mature peptide lacking the 25 amino acid signal sequence are located at the core of the MCAD monomer, Lys304 and Arg309 are positioned at the subunit interface inside the tetramer ( Figure 1A ), whereas all other side chains (Tyr42, Arg181, Asp241, Arg388) are surface-exposed ( Figure 1B and C). Both substrate and cofactor are oriented towards the catalytic core, however, they differentially interact with the MCAD protein ( Figure 1D ). Only the acyl-moiety of the substrate is buried in the substrate-binding cleft while the coenzyme-A moiety remains solvent-exposed allowing for rapid exchange within catalytic cycles. By contrast, the FAD cofactor is integral to the MCAD 3D structure and diffusion is impeded in the natively folded tetrameric state.", "cite_spans": [], "ref_spans": [{"start": 316, "end": 325, "text": "Figure 1A", "ref_id": "FIGREF0"}, {"start": 413, "end": 422, "text": "Figure 1B", "ref_id": "FIGREF0"}, {"start": 562, "end": 571, "text": "Figure 1D", "ref_id": "FIGREF0"}], "section": "Structural localization and functional impact of MCAD side chain replacements"}, {"text": "Residual activity of all variant MCAD proteins expressed in COS-7 cells was determined in order to analyze loss of function in living cells. The variants p.Ala52Val, p.Tyr67His, and p.Arg334Lys revealed high residual activity in the range from 45 to 91% as compared to the wild-type, whereas p.Arg206Cys, p.Asp266Gly, and p.Arg413Ser showed activities between 21 and 34%. Only p.Tyr158His displayed low activity of 5%. When compared to the specific enzyme activity of recombinantly expressed and purified MCAD variants (Maier et al 2009), p.Arg206Cys and p.Lys329Glu displayed a significant loss of protein function in the eukaryotic environment. Note that p.Arg413Ser is a kinetic variant with a substrate affinity reduced by two orders of magnitude resulting in a catalytic efficiency (V max /K m ) of 1.7 compared to that of the wild-type of , 100.", "cite_spans": [], "ref_spans": [], "section": "Structural localization and functional impact of MCAD side chain replacements"}, {"text": "First, we analyzed missense mutation-induced alterations of variant MCAD conformations with respect to secondary structure, hydrophobicity, and FAD binding in comparison to the wild-type. The relative composition of secondary structure elements was monitored by CD scans recorded in far-UV light between 190 and 260 nm. The CD spectra showed typical secondary structure characteristics of proteins with predominating a-helical structures and a lower amount of b-sheets represented by minima at 208 nm and 222 nm, and a maximum at 193 nm, respectively ( Figure 2A) . When compared to the wild-type, spectra of variant MCAD proteins showed only slight differences. This was confirmed by quantitative analysis of secondary structure elements by means of CD spectra deconvolution ( Table 2 ). For p.Tyr67His and p.Lys329Glu, a decrease in the relative amount of a-helical structures resulted in a higher share of b-strands. Although to a lesser extent, the two other mutations mapping to aD C (p.Arg334Lys, p.Arg413Ser) showed the same phenomenon, whereas mutations in bD did not induce marked changes in the secondary protein structure.", "cite_spans": [], "ref_spans": [{"start": 553, "end": 563, "text": "Figure 2A)", "ref_id": "FIGREF1"}, {"start": 778, "end": 785, "text": "Table 2", "ref_id": null}], "section": "Variant MCAD proteins show increased hydrophobicity and decreased FAD binding capacity"}, {"text": "Global conformational changes were determined probing the accessibility of a fluorescent dye (ANS) to hydrophobic groups within the protein. The two variants mapping to aD N , p.Ala52Val and p.Tyr67His, showed similar ground-state fluorescence at ambient temperature as the wild-type ( Figure 2B ). By contrast, all mutations affecting bD (p.Tyr158His, p.Arg206Cys, and p.As-p266Gly) displayed elevated ground-state fluorescence indicating partial unfolding at 25 uC. p.Tyr158His showed the most pronounced changes with an increase by 15-fold, while the ground-state fluorescence of p.Arg206Cys and p.Asp266Gly was increased by 2-and 4-fold, respectively. Two of the three mutations mapping to aD C , p.Lys329Glu and p.Arg413Ser, produced a 2-fold elevation of the ground-state fluorescence, whereas hydrophobicity of p.Arg334Lys was similar to that of the wild-type.", "cite_spans": [], "ref_spans": [{"start": 286, "end": 295, "text": "Figure 2B", "ref_id": "FIGREF1"}], "section": "Variant MCAD proteins show increased hydrophobicity and decreased FAD binding capacity"}, {"text": "Intrinsic fluorescence of the FAD cofactor allows for tracking structural integrity of the MCAD protein as FAD is integral to the natively folded tetrameric state. To investigate whether mutations alter FAD binding capacity, we analyzed FAD fluorescence of MCAD variants at 530 nm after 15 min incubation at room temperature. Thermal denaturation assays demonstrated that FAD is released from the protein in the course of the unfolding process ( Figure S2 ). All mutations induced elevated ground-state FAD fluorescence signals as compared to wild-type MCAD indicating partial loss of FAD binding capacity due to alteration of the native state conformation ( Figure 2C ). The variant p.Tyr158His showed the most pronounced alterations with an increase in FAD fluorescence by 3-fold. Three mutations, each mapping to one of the three protein domains, were associated with an increase in intensity by 2-fold (p.Tyr67His, p.Arg206Cys, p.Arg413Ser) while the impact of the remaining mutations including p.Lys329Glu was less pronounced.", "cite_spans": [], "ref_spans": [{"start": 446, "end": 455, "text": "Figure S2", "ref_id": "FIGREF1"}, {"start": 659, "end": 668, "text": "Figure 2C", "ref_id": "FIGREF1"}], "section": "Variant MCAD proteins show increased hydrophobicity and decreased FAD binding capacity"}, {"text": "Taken together, all mutations with the exception of p.Ala52Val showed conformational alterations with individual patterns of Table 1 ). Side chains, FAD cofactor (yellow) and the substrate analogue 3-thiaoctanoyl-CoA (orange) are shown as stick models. (B, C) Structural localization of affected side-chains at the surface of subunit A (gray) relative to the other subunits (B, green; C pink; D, blue) in the MCAD tetramer. (D) Surface view of the MCAD tetramer with 3-thiaoctanoyl-CoA (orange) bound to the substrate binding site and the positioning of FAD (yellow) relative to subunits A (gray), B (green), and D (blue). (E) Relative enzyme activity of wild-type and variant MCAD proteins. Specific activity was determined using purified recombinant protein [16] and residual activity was measured upon expression in COS-7 cells. Data are given as means and SD of three replicates. doi:10.1371/journal.pone.0093852.g001 Table 2 . Secondary structure analysis (CD spectroscopy). derangement as to different structural aspects. p.Tyr67His and p.Lys329Glu had a particular impact on the secondary protein structure, partial unfolding probing global hydrophobicity was most pronounced for mutations mapping to bD, and variants of all domains showed disturbed FAD binding.", "cite_spans": [{"start": 760, "end": 764, "text": "[16]", "ref_id": "BIBREF15"}], "ref_spans": [{"start": 125, "end": 132, "text": "Table 1", "ref_id": "TABREF0"}, {"start": 922, "end": 929, "text": "Table 2", "ref_id": null}], "section": "Variant MCAD proteins show increased hydrophobicity and decreased FAD binding capacity"}, {"text": "Mutations mapping to bD are associated with accelerated heat-induced unfolding Among protein misfolding diseases with a loss-of-function molecular phenotype, the MCADD clinical phenotype has proven to be particularly vulnerable to fever [15, 25, 26] . In order to get structural insight into this disease mechanism, we investigated heat-induced unfolding of variant MCAD proteins by means of CD-spectroscopy, as well as ANS-DSF and FAD-DSF. We monitored denaturation of a-helical secondary structures by means of CD at 208 nm in order to determine transition midpoints between folded and unfolded states (T m1/2 ) ( Figure 3A , Table 3 ). In comparison to wild-type MCAD (T m1/2 56.5 uC), p.Tyr158His was by far the most instable variant with a marked shift of the curve to lower temperatures and a T m1/2 deviation of 12 uC (T m1/2 44.5 uC). p.Arg206Cys also displayed markedly reduced stability with a decrease in T m1/2 by 6.5 uC. All other variants exhibited a reduced stability of the secondary structure, though to a lesser degree with T m1/2 -deviations of 2.5 to 4 uC. In this group, p.Arg413Ser and p.Ala52Val showed the most pronounced shift (T m1/2 52.0 uC), the variants p.Tyr67His, p.Arg334Lys, and p.Asp266Gly were in the medium range, whereas p.Lys329Glu was the most stable variant (T m1/2 54.0 uC).", "cite_spans": [{"start": 237, "end": 241, "text": "[15,", "ref_id": "BIBREF14"}, {"start": 242, "end": 245, "text": "25,", "ref_id": "BIBREF24"}, {"start": 246, "end": 249, "text": "26]", "ref_id": "BIBREF25"}], "ref_spans": [{"start": 616, "end": 625, "text": "Figure 3A", "ref_id": "FIGREF3"}, {"start": 628, "end": 635, "text": "Table 3", "ref_id": "TABREF1"}], "section": "Variant MCAD proteins show increased hydrophobicity and decreased FAD binding capacity"}, {"text": "To analyze heat-induced loss of native-state conformation, we monitored FAD fluorescence emission at increasing temperatures. The MCAD wild-type protein showed a T m1/2 of 58.3 uC denoting the midpoint of transition from the native cofactorbound state to the unfolded state with complete cofactor release (Table 3, Figure S2 ). None of the variants showed marked changes in the shape of the denaturation curves. However, most curves were shifted to lower temperatures indicating early FAD release upon thermal stress ( Figure 3B) . Surprisingly, the variant p.Lys329Glu was associated with a shift of the FAD fluorescence curve to higher release temperatures (T m1/2 59.0 uC). For p.Arg334Lys we observed a curve virtually mapping to that of wild-type MCAD and p.Asp266Gly, p.Arg413Ser, and p.Tyr67-His displayed only moderately left-shifted curves. Three variants (p.Ala52Val, p.Arg206Cys, p.Tyr158His) mapping to aD N and bD were associated with structural rearrangements at the FAD binding site leading to FAD release at lower temperatures. Again, the variant p.Tyr158His showed the most pronounced alteration with a DT m1/2 of 12 uC (Table 3) correlating well with the shift in T m1/2 observed in CD-spectroscopy experiments. Interestingly, the amino acid residue affected by this mutation is an essential part of the active site directly interacting with the FAD cofactor [27] .", "cite_spans": [{"start": 1377, "end": 1381, "text": "[27]", "ref_id": "BIBREF26"}], "ref_spans": [{"start": 315, "end": 324, "text": "Figure S2", "ref_id": "FIGREF1"}, {"start": 519, "end": 529, "text": "Figure 3B)", "ref_id": "FIGREF3"}, {"start": 1137, "end": 1146, "text": "(Table 3)", "ref_id": "TABREF1"}], "section": "Variant MCAD proteins show increased hydrophobicity and decreased FAD binding capacity"}, {"text": "ANS-DSF is an excellent means to monitor global thermal unfolding events [16, [28] [29] [30] and transition midpoints for mutations analyzed in this study have been determined before [16] . However, application of varying scan rates as a function of temperature in our previous work did not allow for fine-mapping of unfolding profiles. To enable this, we performed ANS-DSF experiments at a fixed scan rate of 1 uC/min. Under these conditions, the values for T m1/2 were well comparable to those obtained by CD-spectroscopy ( Table 3) . Analysis of the pattern of thermal denaturation curves revealed a subtle biphasic transition with a different slope in the low temperature range between 45 uC and 53 uC for the wild-type (T m1/2 56.2 uC) ( Figure 3C ). Biphasic unfolding transitions have previously been reported for the MCAD protein [14] and other disease-related multi-domain proteins and different transition phases were associated with unfolding of distinct structural domains [31] [32] [33] .", "cite_spans": [{"start": 73, "end": 77, "text": "[16,", "ref_id": "BIBREF15"}, {"start": 78, "end": 82, "text": "[28]", "ref_id": "BIBREF27"}, {"start": 83, "end": 87, "text": "[29]", "ref_id": "BIBREF28"}, {"start": 88, "end": 92, "text": "[30]", "ref_id": "BIBREF29"}, {"start": 183, "end": 187, "text": "[16]", "ref_id": "BIBREF15"}, {"start": 838, "end": 842, "text": "[14]", "ref_id": "BIBREF13"}, {"start": 985, "end": 989, "text": "[31]", "ref_id": "BIBREF30"}, {"start": 990, "end": 994, "text": "[32]", "ref_id": "BIBREF31"}, {"start": 995, "end": 999, "text": "[33]", "ref_id": "BIBREF32"}], "ref_spans": [{"start": 526, "end": 534, "text": "Table 3)", "ref_id": "TABREF1"}, {"start": 743, "end": 752, "text": "Figure 3C", "ref_id": "FIGREF3"}], "section": "Variant MCAD proteins show increased hydrophobicity and decreased FAD binding capacity"}, {"text": "Variants with an amino acid side-chain substitution in aD N displayed straight curves with a minor shift to lower temperatures indicating moderately decreased stability of the enzyme equally affecting the conformation of all domains. Unfolding patterns of bD variants were severely altered. The p.Tyr158His variant revealed a marked shift in transition and a steeper slope than all other mutations, reflecting the most pronounced destabilization of the protein (T m1/2 44.9 uC). Accordingly, T m1/2 was changed to a similar extent as observed by the above methods. p.Arg206Cys and p.Asp266Gly disclosed a marked biphasic transition with a left-shift of the whole curve and an even more pronounced shift of the low-temperature transition. Thus, mutations mapping to bD particularly affected the low-temperature unfolding transition. These observations may indicate that unfolding of bD correlates with the low-temperature transition. Mutations mapping to aD c , in particular p.Lys329Glu and p.Arg334Lys, showed unfolding curves very similar to that of the wild-type protein indicating good thermal stability. The p.Arg413Ser variant displayed a reduced mean unfolding transition (T m1/2 51.9 uC) and a clear shift of the low-temperature transition but this was less pronounced than for variants p.Arg206Cys and p.Asp266Gly that also showed biphasic transitions.", "cite_spans": [], "ref_spans": [], "section": "Variant MCAD proteins show increased hydrophobicity and decreased FAD binding capacity"}, {"text": "In conclusion, considering the localization of side chain replacements in different domains, mutations mapping to bD displayed the most pronounced alterations affecting all parameters tested. In addition to bD variants, p.Ala52Val of aD N was associated with early loss of FAD binding and the aD C variant p.Arg413Ser displayed a marked left-shift of the low-temperature range unfolding transition.", "cite_spans": [], "ref_spans": [], "section": "Variant MCAD proteins show increased hydrophobicity and decreased FAD binding capacity"}, {"text": "To investigate whether thermal stress leads to accelerated protein aggregation of MCAD variants we carried out RALS experiments probing the formation of insoluble aggregates. Based on hydrophobic self-association of the purified proteins, the intensity of the scattered light at 335 nm was detected in right angle to the excitation light of 330 nm and plotted as a function of temperature applied to the sample (Figure 4 ). Mutations mapping to aD N induced a slight shift of the onset of aggregation to lower temperatures resulting in curves indicative for a similar aggregation behavior as the wild-type protein. Also in this set of experiments MCAD variants of bD displayed the most distinct alterations. Aggregation curves for all three variants (p.Tyr158His, p.Arg206Cys, p.Asp266Gly) were markedly shifted indicating an earlier onset of aggregation than observed for the wild-type and all other variants analyzed here. For p.Tyr158His we observed the most pronounced left-shift with the steepest slope. The pattern of aggregation for mutations mapping to aD C was moderately leftshifted and comparable to that observed in aD N .", "cite_spans": [], "ref_spans": [{"start": 411, "end": 420, "text": "(Figure 4", "ref_id": "FIGREF4"}], "section": "MCAD variants are prone to aggregation"}, {"text": "In summary, missense mutations in the ACADM gene mapping to aD N or aD C only showed minor acceleration in the formation of insoluble aggregates upon thermal stress, whereas variants of bD were distinctly aggregation prone and induced aggregation already at lower temperatures.", "cite_spans": [], "ref_spans": [], "section": "MCAD variants are prone to aggregation"}, {"text": "Following the analysis of the impact of increasing temperatures on protein structure we investigated loss of MCAD enzyme function upon thermal stress. Thermal inactivation of recombinant MCAD wild-type and variants was determined over time at temperatures between 32 uC and 44 uC ( Figure 5A ). Velocity constants (k) were calculated from the resulting thermal inactivation profiles and plots of the logarithm of the kinetic constants (lnk) against the inverse temperature revealed a linear Arrhenius relationship ( Figure 5B ). Differences in the slope of Arrhenius plots reflect distinct activation energies (E A ) for conversion of MCAD variants from an active conformational state into an inactivated and potentially non-native state ( Figure 5C ). p.Ala52Val and p.Tyr67-His of aD N as well as p.Arg334Lys of aD C showed E A at wild-type level. All other variants mapping to bD and aD C displayed reduced kinetic stability. The lowest E A of all variants was observed for p.Tyr158His.", "cite_spans": [], "ref_spans": [{"start": 282, "end": 291, "text": "Figure 5A", "ref_id": "FIGREF5"}, {"start": 516, "end": 525, "text": "Figure 5B", "ref_id": "FIGREF5"}, {"start": 740, "end": 749, "text": "Figure 5C", "ref_id": "FIGREF5"}], "section": "Kinetics of thermal inactivation"}, {"text": "In summary, kinetics of thermal inactivation allowed to gain insight into unfolding dynamics at the active center of the MCAD protein. Variants located in aD N were completely unaffected, possibly due to the remote position to the active site. Mutations mapping to bD and aD C induced decreased kinetic stability as to both global and local unfolding processes. Notably, a side chain replacement remote to the active site structure, p.Arg334Lys, did not alter dynamics of heat-induced unfolding.", "cite_spans": [], "ref_spans": [], "section": "Kinetics of thermal inactivation"}, {"text": "To provide an integrated view of the structural consequences of ACADM mutations we classified MCAD variants based on conformation, kinetic stability, and thermal stability and visualized the results as a 3D plot ( Figure 6 ).", "cite_spans": [], "ref_spans": [{"start": 214, "end": 222, "text": "Figure 6", "ref_id": "FIGREF6"}], "section": "Structural and conformational consequences of mutations in the ACADM gene"}, {"text": "All mutations analyzed here induced reduced thermal stability when compared to the wild-type. The deleterious structural effects of the p.Tyr158His missense mutation demonstrated by the several experimental approaches applied in this study resulted in opposite positioning of this variant to wild-type in the 3D plot. The other two variants located in the bD, namely p.Arg206Cys and p.Asp266Gly, together with p.Lys329Glu and p.Arg413Ser of aD C , built a cluster of relative instability with respect to nativestate conformation and thermodynamic stability. The variants p.Ala52Val and p.Arg334Lys were assigned an intermediate position between p.Tyr67His and wild-type with respect to native-state conformation. p.Ala52Val showed a slightly reduced thermal stability and both variants presented with equal or higher thermal stability as compared to p.Tyr67His. Thus, p.Lys329Glu, the classical severe mutation, and p.Tyr67His, discussed to be a particularly mild mutation, did not constitute the edges of the plot.", "cite_spans": [], "ref_spans": [], "section": "Structural and conformational consequences of mutations in the ACADM gene"}, {"text": "To summarize, mutations mapping to bD showed the most severe structural alterations with some of the variants displaying more unfavorable structural properties than p.Lys329Glu and others being even less affected than p.Tyr67His. ", "cite_spans": [], "ref_spans": [], "section": "Structural and conformational consequences of mutations in the ACADM gene"}, {"text": "The introduction of expanded NBS programs including early detection of MCADD raised uncertainties about the clinical relevance of novel ACADM mutations identified in individuals showing biochemical abnormalities in the first days of life. Before the screening era p.Lys329Glu was by far the most prevalent mutation, preferentially identified in symptomatic patients presenting with a metabolic crisis [34, 35] . Later, p.Tyr67His was identified as the second most prevalent mutation. To date, it has only been detected in babies identified by NBS and there are no reports of patients presenting clinically with this mutation [7, 11, 15] . On the basis of MCAD enzyme activity determinations, one study came to the conclusion that this variant is of no clinical relevance [36] . The assessment of pathogenicity of mutations identified after positive NBS is of major clinical relevance since the disclosure of a genetic disease is associated with a high burden for the patients and their families [37, 38] . However, data describing the consequences of these mutations at the molecular level and the availability of experimental tools for this assessment, are scarce. At the clinical level, the natural course of the disease in individuals carrying these novel mutations is unlikely to be unraveled as detected asymptomatic babies are protected from metabolic decompensation by the implementation of emergency protocols. At the biochemical level, markers such as blood acylcarnitine concentrations do not correlate well with the risk of metabolic decompensation [39, 40] . A recent study established risk stratification based on residual MCAD enzyme activity obtained from patient blood cells and showed that an enzyme activity of less than 1% is associated with an increased risk of fatal neonatal presentation and enzyme activities below 10% enhance the risk of hypoglycemia [41] . However, reported enzyme activities linked to single mutations vary over a wide range and can differ substantially when residual enzyme activity is analyzed in patient cells or after overexpression of variant proteins [7, 16, 36, 42, 43] . Furthermore, in all cohorts evaluating the pathogenicity of ACADM genotypes [11, 36, 42] mutations identified in NBS cohorts are mostly observed in compound heterozygosity with p.Lys329-Glu or p.Tyr67His. Only few MCAD variants (5% in [41] and 20% in [11] ) were found in other combinations, and even less in the homozygous state.", "cite_spans": [{"start": 401, "end": 405, "text": "[34,", "ref_id": "BIBREF33"}, {"start": 406, "end": 409, "text": "35]", "ref_id": "BIBREF34"}, {"start": 625, "end": 628, "text": "[7,", "ref_id": "BIBREF6"}, {"start": 629, "end": 632, "text": "11,", "ref_id": "BIBREF10"}, {"start": 633, "end": 636, "text": "15]", "ref_id": "BIBREF14"}, {"start": 771, "end": 775, "text": "[36]", "ref_id": "BIBREF35"}, {"start": 995, "end": 999, "text": "[37,", "ref_id": "BIBREF36"}, {"start": 1000, "end": 1003, "text": "38]", "ref_id": "BIBREF37"}, {"start": 1560, "end": 1564, "text": "[39,", "ref_id": "BIBREF38"}, {"start": 1565, "end": 1568, "text": "40]", "ref_id": "BIBREF39"}, {"start": 1875, "end": 1879, "text": "[41]", "ref_id": "BIBREF40"}, {"start": 2100, "end": 2103, "text": "[7,", "ref_id": "BIBREF6"}, {"start": 2104, "end": 2107, "text": "16,", "ref_id": "BIBREF15"}, {"start": 2108, "end": 2111, "text": "36,", "ref_id": "BIBREF35"}, {"start": 2112, "end": 2115, "text": "42,", "ref_id": "BIBREF41"}, {"start": 2116, "end": 2119, "text": "43]", "ref_id": "BIBREF42"}, {"start": 2198, "end": 2202, "text": "[11,", "ref_id": "BIBREF10"}, {"start": 2203, "end": 2206, "text": "36,", "ref_id": "BIBREF35"}, {"start": 2207, "end": 2210, "text": "42]", "ref_id": "BIBREF41"}, {"start": 2357, "end": 2361, "text": "[41]", "ref_id": "BIBREF40"}, {"start": 2373, "end": 2377, "text": "[11]", "ref_id": "BIBREF10"}], "ref_spans": [], "section": "Discussion"}, {"text": "Prediction tools or 3D-structural analyses are often used to estimate the pathogenic impact of ACADM mutations. However, this approach often is not straight-forward and may lead to misassumptions. Based on visual analysis of side-chain replacements in the MCAD 3D structure, one would judge mutations p.Tyr67His, p.Arg206Cys, p.Asp266Gly, and p.Arg413Ser, all affecting protein surface regions, as not damaging. In the case of p.Arg413Ser (mapping to Arg388 in the mature protein) the interaction with the substrate, however, would suggest a loss-offunction phenotype. At the experimental level, we showed that p.Arg413Ser, p.Asp266Gly (Asp241), and p.Arg206Cys (Arg181) displayed a severe structural phenotype, whereas only Tyr67His (Tyr42) showed a mild structural phenotype in accordance with the mild clinical phenotype associated to this mutation. The PolyPhen-2 polymorphism phenotyping tool (www.genetics.bwh. harvard.edu/pph2/) predicts the possible impact of an amino acid substitution on structure and function of a human protein. A query for p.Tyr67His resulted in a score of 0.077 and the side chain replacement was classified as benign. Mutations p.Arg206Cys and p.Arg413Ser were scored 0.999 and classified as probably damaging. However, a score of 0.000 for p.Asp266Gly suggested a benign structural phenotype. This in silico prediction did not match our observation of a severe structural phenotype for p.Asp266Gly resembling that of p.Arg206Cys and p.Arg413Ser. Thus, elucidating the molecular consequences of mutations on variant proteins in model systems, which generate data specific to individual MCAD variants, is considered to be a useful tool to gain insight into their pathogenicity.", "cite_spans": [], "ref_spans": [], "section": "Discussion"}, {"text": "We previously provided first evidence that ACADM mutations identified in newborn screening induce considerable structural alterations [16] . In the work presented here we significantly expanded the experimental program focusing on the effect of thermal stress on conformational integrity as well as on enzymatic function. In a domain-related view, we tracked mutation-induced structural derangements with respect to aD N , bD, and aD C . A 3D plot summarizing and quantifying the structural phenotype of the variants in comparison to the wild-type on one hand and to the two benchmark mutations p.Tyr67His and p.Lys329Glu on the other, allowed for visualization of the severity of conformational derangement induced by ACADM mutations identified by newborn screening. Notably, the mild p.Tyr67His and the severe p.Lys329Glu did not constitute the phenotypic extremes of the panel of mutations analyzed. The classification applied here rather resulted in two groups of variant MCAD proteins. The group associated with mild structural deteriorations comprised the wildtype protein and p.Tyr67His as well as p.Ala52Val and p.Arg334Lys. The other group presenting moderate to severe structural deteriorations comprised p.Lys329Glu as well as p.Arg206Cys, p.Asp266Gly, p.Arg413Ser and at the extreme, p.Tyr158His. Interestingly, mutations identified in NBS either induced structural alterations that were less severe than those observed for p.Tyr67His or more severe than those seen in the presence of p.Lys329Glu. Moreover, mutations p.Tyr67His and p.Lys329Glu displayed similar behavior with respect to various parameters of protein conformation and stability. For both variants only moderate changes were observed with respect to conformation and thermal unfolding or aggregation. Furthermore, both variants displayed a similar shift in the relative distribution of secondary structure elements towards b-strands and b-turns. However, p.Tyr67His and p.Lys329Glu were clearly separated by kinetic stability. This parameter was the best discriminator for both groups. By contrast, thermal stability as determined by DSF assays did not discriminate these two groups.", "cite_spans": [{"start": 134, "end": 138, "text": "[16]", "ref_id": "BIBREF15"}], "ref_spans": [], "section": "Discussion"}, {"text": "Based on the data from the present study, all mutations mapping to bD can be categorized as prone to misfolding, unfolding, and functional inactivation. In addition, two out of three mutations affecting residues in aD C can be assigned to the group of severely affected variant MCAD proteins. Variants arising from mutations located in bD displayed more severe structural alterations in all aspects as compared to p.Lys329Glu located in aD C . The mutation p.Tyr158His mapping to the core of the MCAD monomer induced the most profound alterations. Mutations p.Arg206Cys, p.Asp266Gly, and p.Arg413Ser showed molecular phenotypes comparable to those induced by p.Lys329-Glu and may therefore be classified as just as severe. The latter group of mutations displayed substantial reduction in residual enzyme activity when compared to the respective specific activity, a fact that may underscore the impact of structural derangement on protein function in vivo. In the mild group, p.Ala52Val induced alterations comparable to p.Tyr67His and the structural phenotype of p.Arg334Lys was almost unaffected. It seems tempting to assume that the mutations assigned to the mild group or mutations mapping to aD N in general bear a lower risk of metabolic decompensation. Nevertheless, eight mutations mapping to this domain (c.145C.G, Q24E; c.157C.T, R28C; c.233T.C, p.I78T; c.250C.T, p.L84F; c.253G.T, p.Gly85Cys; c.320T.C, p.Leu107Ser; c.346T.G, p.Cys116Gly; c.443G.A, p.Arg148Lys) have previously been associated with intermediate to severe clinical phenotypes including sudden death [7, 11, 44] . Moreover, the mild structural effects determined for p.Ala52Val (Ala27 in the mature protein) are in apparent conflict with the loss in enzymatic function observed. The side chain 27 is not in close proximity to the active site but Ala27 maps to the conjunction of two a-helices and its replacement by valine is likely to displace the far N-termini that exhibit mutual side chain interactions between subunits across the dimer interface. In line with our observation that p.Ala52Val displayed the third lowest melting point of FAD-DSF, proper positioning of N-termini may be of fundamental importance for MCAD structural integrity and consequently for MCAD function. Notably, the classification of the two groups with respect to kinetic stability, i. e. thermal stress-induced loss of enzymatic function, correlated with residual activity determined in eukaryotic cells. Residual enzyme activity ranged from 45% to 91% in the mildly affected group and from 5% to 34% in the group of severely affected MCAD variants.", "cite_spans": [{"start": 1576, "end": 1579, "text": "[7,", "ref_id": "BIBREF6"}, {"start": 1580, "end": 1583, "text": "11,", "ref_id": "BIBREF10"}, {"start": 1584, "end": 1587, "text": "44]", "ref_id": "BIBREF43"}], "ref_spans": [], "section": "Discussion"}, {"text": "In conclusion, classification of mutations constituting the mild group either as pathogenic or as clinically non-relevant that would exclude patients from clinical follow-up and emergency procedures is still challenging. However, data derived from structural and functional analyses of variant MCAD proteins support the notion that mutations identified in NBS induce significant alterations and may thus be of clinical relevance. In particular, mutations constituting the severe group, p.Tyr158His, p.Arg206Cys, p.Asp266Gly, and p.Arg413Ser may be associated with a significant clinical risk comparable to that associated with the classic ACADM mutation p.Lys329Glu. In the absence of adequate biochemical or clinical criteria, the degree of conformational alterations could be a valuable tool to estimate the risk of metabolic decompensation. This may hold particularly true, when data from protein structure analysis are considered in conjunction with functional parameters. On the structural level, the molecular phenotype resulting from ACADM mutations identified in NBS presented here depends on the intramolecular site of structural alterations with the central b-domain being particularly prone to conformational derangement and destabilization. On the functional level it is of critical importance whether and to what extent thermal stress affects the function of the MCAD enzyme.", "cite_spans": [], "ref_spans": [], "section": "Discussion"}, {"text": "The clinical observation of metabolic decompensation being considerably aggravated with fever has led to the assumption that the patient's temperature has impact on the molecular phenotype [4, 7, 10, 14, 39, 41, 45] . We showed here that mutations in the ACADM gene lower the temperature threshold at which MCAD loss-of-function occurs. Consequently, increased temperature as it happens during intercurrent infections, significantly enhances the risk of further conformational derangement and loss of function of the MCAD enzyme explaining the life-threatening clinical courses observed during fever episodes in patients suffering from MCADD. Two possible strategies may help to address this issue. First, at short notice, the necessity of early and aggressive antipyretic treatment to avoid further loss in MCAD enzyme activity should be emphasized towards caregivers. Secondly, in the medium term, the development of pharmacological chaperones that bind to the variant MCAD protein and induce its conformational stabilization and functional rescue would provide a specific treatment strategy protecting MCADD patients from metabolic decompensation, morbidity, and early death. This view is strongly supported by positive experiences with two approved drugs acting as pharmacological chaperones in genetic diseases, sapropterin dihydrochloride for phenylketonuria [46, 47] and tafamidis for familial amyloid polyneuropathy [48] . ", "cite_spans": [{"start": 189, "end": 192, "text": "[4,", "ref_id": "BIBREF3"}, {"start": 193, "end": 195, "text": "7,", "ref_id": "BIBREF6"}, {"start": 196, "end": 199, "text": "10,", "ref_id": "BIBREF9"}, {"start": 200, "end": 203, "text": "14,", "ref_id": "BIBREF13"}, {"start": 204, "end": 207, "text": "39,", "ref_id": "BIBREF38"}, {"start": 208, "end": 211, "text": "41,", "ref_id": "BIBREF40"}, {"start": 212, "end": 215, "text": "45]", "ref_id": "BIBREF44"}, {"start": 1365, "end": 1369, "text": "[46,", "ref_id": "BIBREF45"}, {"start": 1370, "end": 1373, "text": "47]", "ref_id": "BIBREF46"}, {"start": 1424, "end": 1428, "text": "[48]", "ref_id": "BIBREF47"}], "ref_spans": [], "section": "Discussion"}], "bib_entries": {"BIBREF0": {"ref_id": "b0", "title": "Morbidity and mortality in medium chain acyl coenzyme A dehydrogenase deficiency", "authors": [{"first": "B", "middle": [], "last": "Wilcken", "suffix": ""}, {"first": "J", "middle": [], "last": "Hammond", "suffix": ""}, {"first": "M", "middle": [], "last": "Silink", "suffix": ""}], "year": 1994, "venue": "Arch Dis Child", "volume": "70", "issn": "", "pages": "410--412", "other_ids": {}}, "BIBREF1": {"ref_id": "b1", "title": "Medium-chain acyl-coenzyme A dehydrogenase deficiency: clinical course in 120 affected children", "authors": [{"first": "A", "middle": ["K"], "last": "Iafolla", "suffix": ""}, {"first": "R", "middle": ["J"], "last": "Thompson", "suffix": ""}, {"first": "C", "middle": ["R"], "last": "Roe", "suffix": ""}], "year": 1994, "venue": "J Pediatr", "volume": "124", "issn": "", "pages": "409--415", "other_ids": {}}, "BIBREF2": {"ref_id": "b2", "title": "The epidemiology of medium chain acyl-CoA dehydrogenase deficiency: An update", "authors": [{"first": "S", "middle": ["D"], "last": "Grosse", "suffix": ""}, {"first": "M", "middle": ["J"], "last": "Khoury", "suffix": ""}, {"first": "C", "middle": ["L"], "last": "Greene", "suffix": ""}, {"first": "K", "middle": ["S"], "last": "Crider", "suffix": ""}, {"first": "R", "middle": ["J"], "last": "Pollitt", "suffix": ""}], "year": 2006, "venue": "Genet Med", "volume": "8", "issn": "", "pages": "205--212", "other_ids": {}}, "BIBREF3": {"ref_id": "b3", "title": "Sudden death in medium chain acyl-coenzyme a dehydrogenase deficiency (MCADD) despite newborn screening", "authors": [{"first": "R", "middle": [], "last": "Yusupov", "suffix": ""}, {"first": "D", "middle": ["N"], "last": "Finegold", "suffix": ""}, {"first": "E", "middle": ["W"], "last": "Naylor", "suffix": ""}, {"first": "I", "middle": [], "last": "Sahai", "suffix": ""}, {"first": "S", "middle": [], "last": "Waisbren", "suffix": ""}], "year": 2010, "venue": "Mol Genet Metab", "volume": "", "issn": "", "pages": "1--7", "other_ids": {}}, "BIBREF4": {"ref_id": "b4", "title": "Molecular basis of medium chain acyl-coenzyme A dehydrogenase deficiency. An A to G transition at position 985 that causes a lysine-304 to glutamate substitution in the mature protein is the single prevalent mutation", "authors": [{"first": "I", "middle": [], "last": "Yokota", "suffix": ""}, {"first": "Y", "middle": [], "last": "Indo", "suffix": ""}, {"first": "P", "middle": ["M"], "last": "Coates", "suffix": ""}, {"first": "K", "middle": [], "last": "Tanaka", "suffix": ""}], "year": 1990, "venue": "Journal of clinical investigation", "volume": "86", "issn": "", "pages": "1000--1003", "other_ids": {}}, "BIBREF5": {"ref_id": "b5", "title": "Prevalent mutations in fatty acid oxidation disorders: diagnostic considerations", "authors": [{"first": "N", "middle": [], "last": "Gregersen", "suffix": ""}, {"first": "B", "middle": ["S"], "last": "Andresen", "suffix": ""}, {"first": "P", "middle": [], "last": "Bross", "suffix": ""}], "year": 2000, "venue": "Eur J Pediatr", "volume": "159", "issn": "", "pages": "213--221", "other_ids": {}}, "BIBREF6": {"ref_id": "b6", "title": "Medium-chain acyl-CoA dehydrogenase (MCAD) mutations identified by MS/MS-based prospective screening of newborns differ from those observed in patients with clinical symptoms: identification and characterization of a new, prevalent mutation that results in mild MCAD deficiency", "authors": [{"first": "B", "middle": ["S"], "last": "Andresen", "suffix": ""}, {"first": "S", "middle": ["F"], "last": "Dobrowolski", "suffix": ""}, {"first": "L", "middle": [], "last": "O&apos;reilly", "suffix": ""}, {"first": "J", "middle": [], "last": "Muenzer", "suffix": ""}, {"first": "S", "middle": ["E"], "last": "Mccandless", "suffix": ""}], "year": 2001, "venue": "Am J Hum Genet", "volume": "68", "issn": "", "pages": "1408--1418", "other_ids": {}}, "BIBREF7": {"ref_id": "b7", "title": "Mitochondrial fatty acid oxidation defects-remaining challenges", "authors": [{"first": "N", "middle": [], "last": "Gregersen", "suffix": ""}, {"first": "B", "middle": ["S"], "last": "Andresen", "suffix": ""}, {"first": "C", "middle": ["B"], "last": "Pedersen", "suffix": ""}, {"first": "Rkj", "middle": [], "last": "Olsen", "suffix": ""}, {"first": "T", "middle": ["J"], "last": "Corydon", "suffix": ""}], "year": 2008, "venue": "J Inherit Metab Dis", "volume": "31", "issn": "", "pages": "643--657", "other_ids": {}}, "BIBREF8": {"ref_id": "b8", "title": "Population spectrum of ACADM genotypes correlated to biochemical phenotypes in newborn screening for medium-chain acyl-CoA dehydrogenase deficiency", "authors": [{"first": "E", "middle": ["M"], "last": "Maier", "suffix": ""}, {"first": "B", "middle": [], "last": "Liebl", "suffix": ""}, {"first": "W", "middle": [], "last": "R\u00f6schinger", "suffix": ""}, {"first": "U", "middle": [], "last": "Nennstiel-Ratzel", "suffix": ""}, {"first": "R", "middle": [], "last": "Fingerhut", "suffix": ""}], "year": 2005, "venue": "Hum Mut", "volume": "25", "issn": "", "pages": "443--452", "other_ids": {}}, "BIBREF9": {"ref_id": "b9", "title": "Novel mutations causing medium chain acyl-CoA dehydrogenase deficiency: under-representation of the common c.985 A . G mutation in the New York state population", "authors": [{"first": "M", "middle": ["J"], "last": "Nichols", "suffix": ""}, {"first": "C", "middle": ["A"], "last": "Saavedra-Matiz", "suffix": ""}, {"first": "K", "middle": ["A"], "last": "Pass", "suffix": ""}, {"first": "M", "middle": [], "last": "Caggana", "suffix": ""}], "year": 2008, "venue": "J Med Genet", "volume": "146", "issn": "", "pages": "610--619", "other_ids": {}}, "BIBREF10": {"ref_id": "b10", "title": "Allelic diversity in MCAD deficiency: the biochemical classification of 54 variants identified during 5 years of ACADM sequencing", "authors": [{"first": "E", "middle": ["H"], "last": "Smith", "suffix": ""}, {"first": "C", "middle": [], "last": "Thomas", "suffix": ""}, {"first": "D", "middle": [], "last": "Mchugh", "suffix": ""}, {"first": "D", "middle": [], "last": "Gavrilov", "suffix": ""}, {"first": "K", "middle": [], "last": "Raymond", "suffix": ""}], "year": 2010, "venue": "Mol Genet Metab", "volume": "100", "issn": "", "pages": "241--250", "other_ids": {}}, "BIBREF11": {"ref_id": "b11", "title": "Molecular and functional characterisation of mild MCAD deficiency", "authors": [{"first": "J", "middle": [], "last": "Zschocke", "suffix": ""}, {"first": "A", "middle": [], "last": "Schulze", "suffix": ""}, {"first": "M", "middle": [], "last": "Lindner", "suffix": ""}, {"first": "S", "middle": [], "last": "Fiesel", "suffix": ""}, {"first": "K", "middle": [], "last": "Olgem\u00f6ller", "suffix": ""}], "year": 2001, "venue": "Hum Genet", "volume": "108", "issn": "", "pages": "404--408", "other_ids": {}}, "BIBREF12": {"ref_id": "b12", "title": "Genetic defects in fatty acid betaoxidation and acyl-CoA dehydrogenases. Molecular pathogenesis and genotypephenotype relationships", "authors": [{"first": "N", "middle": [], "last": "Gregersen", "suffix": ""}, {"first": "P", "middle": [], "last": "Bross", "suffix": ""}, {"first": "B", "middle": ["S"], "last": "Andresen", "suffix": ""}], "year": 2004, "venue": "Eur J Biochem", "volume": "271", "issn": "", "pages": "470--482", "other_ids": {}}, "BIBREF13": {"ref_id": "b13", "title": "Thermal unfolding of medium-chain acyl-CoA dehydrogenase and iso(3)valeryl-CoA dehydrogenase: study of the effect of genetic defects on enzyme stability", "authors": [{"first": "I", "middle": [], "last": "Nasser", "suffix": ""}, {"first": "A-W", "middle": [], "last": "Mohsen", "suffix": ""}, {"first": "I", "middle": [], "last": "Jelesarov", "suffix": ""}, {"first": "J", "middle": [], "last": "Vockley", "suffix": ""}, {"first": "P", "middle": [], "last": "Macheroux", "suffix": ""}], "year": 2004, "venue": "Biochim Biophys Acta", "volume": "1690", "issn": "", "pages": "22--32", "other_ids": {}}, "BIBREF14": {"ref_id": "b14", "title": "The Y42H mutation in medium-chain acyl-CoA dehydrogenase, which is prevalent in babies identified by MS/MS-based newborn screening, is temperature sensitive", "authors": [{"first": "L", "middle": [], "last": "O&apos;reilly", "suffix": ""}, {"first": "P", "middle": [], "last": "Bross", "suffix": ""}, {"first": "T", "middle": ["J"], "last": "Corydon", "suffix": ""}, {"first": "S", "middle": ["E"], "last": "Olpin", "suffix": ""}, {"first": "J", "middle": [], "last": "Hansen", "suffix": ""}], "year": 2004, "venue": "Eur J Biochem", "volume": "271", "issn": "", "pages": "4053--4063", "other_ids": {}}, "BIBREF15": {"ref_id": "b15", "title": "Protein misfolding is the molecular mechanism underlying MCADD identified in newborn screening", "authors": [{"first": "E", "middle": ["M"], "last": "Maier", "suffix": ""}, {"first": "S", "middle": ["W"], "last": "Gersting", "suffix": ""}, {"first": "K", "middle": ["F"], "last": "Kemter", "suffix": ""}, {"first": "J", "middle": ["M"], "last": "Jank", "suffix": ""}, {"first": "M", "middle": [], "last": "Reindl", "suffix": ""}], "year": 2009, "venue": "Hum Mol Genet", "volume": "18", "issn": "", "pages": "1612--1623", "other_ids": {}}, "BIBREF16": {"ref_id": "b16", "title": "Cooverexpression of bacterial GroESL chaperonins partly overcomes nonproductive folding and tetramer assembly of E. coli-expressed human medium-chain acyl-CoA dehydrogenase (MCAD) carrying the prevalent disease-causing K304E mutation", "authors": [{"first": "P", "middle": [], "last": "Bross", "suffix": ""}, {"first": "B", "middle": [], "last": "Andresen", "suffix": ""}, {"first": "V", "middle": [], "last": "Winter", "suffix": ""}, {"first": "F", "middle": [], "last": "Kr\u00e4 Utle", "suffix": ""}, {"first": "T", "middle": [], "last": "Jensen", "suffix": ""}], "year": 1993, "venue": "Biochim Biophys Acta", "volume": "1182", "issn": "", "pages": "264--274", "other_ids": {}}, "BIBREF17": {"ref_id": "b17", "title": "Acyl-CoA dehydrogenases. A mechanistic overview", "authors": [{"first": "S", "middle": [], "last": "Ghisla", "suffix": ""}, {"first": "C", "middle": [], "last": "Thorpe", "suffix": ""}], "year": 2004, "venue": "Eur J Biochem / FEBS", "volume": "271", "issn": "", "pages": "494--508", "other_ids": {}}, "BIBREF18": {"ref_id": "b18", "title": "Recommendations for a nomenclature system for human gene mutations", "authors": [{"first": "S", "middle": ["E"], "last": "Antonarakis", "suffix": ""}], "year": 1998, "venue": "Nomenclature Working Group. Hum Mut", "volume": "11", "issn": "", "pages": "1--3", "other_ids": {}}, "BIBREF19": {"ref_id": "b19", "title": "Molecular cloning and nucleotide sequence of cDNAs encoding the precursors of rat long chain acyl-coenzyme A, short chain acyl-coenzyme A, and isovaleryl-coenzyme A dehydrogenases. Sequence homology of four enzymes of the acyl-CoA dehydrogenase family", "authors": [{"first": "Y", "middle": [], "last": "Matsubara", "suffix": ""}, {"first": "Y", "middle": [], "last": "Indo", "suffix": ""}, {"first": "E", "middle": [], "last": "Naito", "suffix": ""}, {"first": "H", "middle": [], "last": "Ozasa", "suffix": ""}, {"first": "R", "middle": [], "last": "Glassberg", "suffix": ""}], "year": 1989, "venue": "J Biol Chem", "volume": "264", "issn": "", "pages": "16321--16331", "other_ids": {}}, "BIBREF20": {"ref_id": "b20", "title": "The enzymology of mitochondrial fatty acid beta-oxidation and its application to follow-up analysis of positive neonatal screening results", "authors": [{"first": "Rja", "middle": [], "last": "Wanders", "suffix": ""}, {"first": "Jpn", "middle": [], "last": "Ruiter", "suffix": ""}, {"first": "L", "middle": [], "last": "Ijlst", "suffix": ""}, {"first": "H", "middle": ["R"], "last": "Waterham", "suffix": ""}, {"first": "S", "middle": ["M"], "last": "Houten", "suffix": ""}], "year": 2010, "venue": "J Inherit Metab Dis", "volume": "33", "issn": "", "pages": "479--494", "other_ids": {}}, "BIBREF21": {"ref_id": "b21", "title": "GroE heat-shock proteins promote assembly of foreign prokaryotic ribulose bisphosphate carboxylase oligomers in Escherichia coli", "authors": [{"first": "P", "middle": [], "last": "Goloubinoff", "suffix": ""}, {"first": "A", "middle": ["A"], "last": "Gatenby", "suffix": ""}, {"first": "G", "middle": ["H"], "last": "Lorimer", "suffix": ""}], "year": 1989, "venue": "Nature", "volume": "337", "issn": "", "pages": "44--47", "other_ids": {}}, "BIBREF22": {"ref_id": "b22", "title": "Quantitative analysis of protein far UV circular dichroism spectra by neural networks", "authors": [{"first": "G", "middle": [], "last": "B\u00f6hm", "suffix": ""}, {"first": "R", "middle": [], "last": "Muhr", "suffix": ""}, {"first": "R", "middle": [], "last": "Jaenicke", "suffix": ""}], "year": 1992, "venue": "Prot Eng", "volume": "5", "issn": "", "pages": "191--195", "other_ids": {}}, "BIBREF23": {"ref_id": "b23", "title": "An acyl-coenzyme A dehydrogenase assay utilizing the ferricenium ion", "authors": [{"first": "T", "middle": ["C"], "last": "Lehman", "suffix": ""}, {"first": "D", "middle": ["E"], "last": "Hale", "suffix": ""}, {"first": "A", "middle": [], "last": "Bhala", "suffix": ""}, {"first": "C", "middle": [], "last": "Thorpe", "suffix": ""}], "year": 1990, "venue": "Analyt Biochem", "volume": "186", "issn": "", "pages": "280--284", "other_ids": {}}, "BIBREF24": {"ref_id": "b24", "title": "Medium-chain acyl-CoA dehydrogenase deficiency: contribution of molecular biology", "authors": [{"first": "N", "middle": [], "last": "Cartier", "suffix": ""}, {"first": "N", "middle": [], "last": "Lepetit", "suffix": ""}, {"first": "F", "middle": [], "last": "Rocchiccioli", "suffix": ""}, {"first": "P", "middle": ["F"], "last": "Bougn\u00e8res", "suffix": ""}], "year": 1994, "venue": "Archives de p\u00e9diatrie: organe officiel de la Soci\u00e9te fran\u00e7aise de p\u00e9diatrie", "volume": "1", "issn": "", "pages": "243--248", "other_ids": {}}, "BIBREF25": {"ref_id": "b25", "title": "Effect of heat stress and bezafibrate on mitochondrial beta-oxidation: comparison between cultured cells from normal and mitochondrial fatty acid oxidation disorder children using in vitro probe acylcarnitine profiling assay", "authors": [{"first": "H", "middle": [], "last": "Li", "suffix": ""}, {"first": "S", "middle": [], "last": "Fukuda", "suffix": ""}, {"first": "Y", "middle": [], "last": "Hasegawa", "suffix": ""}, {"first": "H", "middle": [], "last": "Kobayashi", "suffix": ""}, {"first": "J", "middle": [], "last": "Purevsuren", "suffix": ""}], "year": 2010, "venue": "Brain & Development", "volume": "32", "issn": "", "pages": "362--370", "other_ids": {}}, "BIBREF26": {"ref_id": "b26", "title": "Acyl-CoA dehydrogenases and acyl-CoA oxidases. Structural basis for mechanistic similarities and differences", "authors": [{"first": "J-Jp", "middle": [], "last": "Kim", "suffix": ""}, {"first": "R", "middle": [], "last": "Miura", "suffix": ""}], "year": 2004, "venue": "Eur J Biochem", "volume": "271", "issn": "", "pages": "483--493", "other_ids": {}}, "BIBREF27": {"ref_id": "b27", "title": "Loss of function in phenylketonuria is caused by impaired molecular motions and conformational instability", "authors": [{"first": "S", "middle": ["W"], "last": "Gersting", "suffix": ""}, {"first": "K", "middle": ["F"], "last": "Kemter", "suffix": ""}, {"first": "M", "middle": [], "last": "Staudigl", "suffix": ""}, {"first": "D", "middle": ["D"], "last": "Messing", "suffix": ""}, {"first": "M", "middle": ["K"], "last": "Danecka", "suffix": ""}], "year": 2008, "venue": "Am J Hum Genet", "volume": "83", "issn": "", "pages": "5--17", "other_ids": {}}, "BIBREF28": {"ref_id": "b28", "title": "The use of differential scanning fluorimetry to detect ligand interactions that promote protein stability", "authors": [{"first": "F", "middle": ["H"], "last": "Niesen", "suffix": ""}, {"first": "H", "middle": [], "last": "Berglund", "suffix": ""}, {"first": "M", "middle": [], "last": "Vedadi", "suffix": ""}], "year": 2007, "venue": "Nat Protoc", "volume": "2", "issn": "", "pages": "2212--2221", "other_ids": {}}, "BIBREF29": {"ref_id": "b29", "title": "Identification of pharmacological chaperones as potential therapeutic agents to treat phenylketonuria", "authors": [{"first": "A", "middle": ["L"], "last": "Pey", "suffix": ""}, {"first": "M", "middle": [], "last": "Ying", "suffix": ""}, {"first": "N", "middle": [], "last": "Cremades", "suffix": ""}, {"first": "A", "middle": [], "last": "Velazquez-Campoy", "suffix": ""}, {"first": "T", "middle": [], "last": "Scherer", "suffix": ""}], "year": 2008, "venue": "J Clin Invest", "volume": "118", "issn": "", "pages": "2858--2867", "other_ids": {}}, "BIBREF30": {"ref_id": "b30", "title": "Differential domain structure stability of the severe acute respiratory syndrome coronavirus papainlike protease", "authors": [{"first": "Y-W", "middle": [], "last": "Chou", "suffix": ""}, {"first": "S-C", "middle": [], "last": "Cheng", "suffix": ""}, {"first": "H-Y", "middle": [], "last": "Lai", "suffix": ""}, {"first": "C-Y", "middle": [], "last": "Chou", "suffix": ""}], "year": 2012, "venue": "Arch Biochem Biophys", "volume": "520", "issn": "", "pages": "74--80", "other_ids": {}}, "BIBREF31": {"ref_id": "b31", "title": "Structural organization of procaryotic and eucaryotic Hsp90. Influence of divalent cations on structure and function", "authors": [{"first": "U", "middle": [], "last": "Jakob", "suffix": ""}, {"first": "I", "middle": [], "last": "Meyer", "suffix": ""}, {"first": "H", "middle": [], "last": "B\u00fcgl", "suffix": ""}, {"first": "S", "middle": [], "last": "Andr\u00e9", "suffix": ""}, {"first": "J", "middle": ["C"], "last": "Bardwell", "suffix": ""}], "year": 1995, "venue": "J Biol Chem", "volume": "270", "issn": "", "pages": "14412--14419", "other_ids": {}}, "BIBREF32": {"ref_id": "b32", "title": "L-phenylalanine binding and domain organization in human phenylalanine hydroxylase: a differential scanning calorimetry study", "authors": [{"first": "M", "middle": [], "last": "Th\u00f3r\u00f3lfsson", "suffix": ""}, {"first": "B", "middle": [], "last": "Ibarra-Molero", "suffix": ""}, {"first": "P", "middle": [], "last": "Fojan", "suffix": ""}, {"first": "S", "middle": ["B"], "last": "Petersen", "suffix": ""}, {"first": "J", "middle": ["M"], "last": "Sanchez-Ruiz", "suffix": ""}], "year": 2002, "venue": "Biochemistry", "volume": "41", "issn": "", "pages": "7573--7585", "other_ids": {}}, "BIBREF33": {"ref_id": "b33", "title": "Specific diagnosis of medium-chain acyl-CoA dehydrogenase (MCAD) deficiency in dried blood spots by a polymerase chain reaction (PCR) assay detecting a pointmutation (G985) in the MCAD gene", "authors": [{"first": "N", "middle": [], "last": "Gregersen", "suffix": ""}, {"first": "A", "middle": ["I"], "last": "Blakemore", "suffix": ""}, {"first": "V", "middle": [], "last": "Winter", "suffix": ""}, {"first": "B", "middle": [], "last": "Andresen", "suffix": ""}, {"first": "S", "middle": [], "last": "K\u00f8lvraa", "suffix": ""}], "year": 1991, "venue": "Clin Chim Acta", "volume": "203", "issn": "", "pages": "23--34", "other_ids": {}}, "BIBREF34": {"ref_id": "b34", "title": "Molecular survey of a prevalent mutation, 985A-to-G transition, and identification of five infrequent mutations in the medium-chain Acyl-CoA dehydrogenase (MCAD) gene in 55 patients with MCAD deficiency", "authors": [{"first": "I", "middle": [], "last": "Yokota", "suffix": ""}, {"first": "P", "middle": ["M"], "last": "Coates", "suffix": ""}, {"first": "D", "middle": ["E"], "last": "Hale", "suffix": ""}, {"first": "P", "middle": [], "last": "Rinaldo", "suffix": ""}, {"first": "K", "middle": [], "last": "Tanaka", "suffix": ""}], "year": 1991, "venue": "Am J Hum Genet", "volume": "49", "issn": "", "pages": "1280--1291", "other_ids": {}}, "BIBREF35": {"ref_id": "b35", "title": "Functional effects of different medium-chain acyl-CoA dehydrogenase genotypes and identification of asymptomatic variants", "authors": [{"first": "M", "middle": [], "last": "Sturm", "suffix": ""}, {"first": "D", "middle": [], "last": "Herebian", "suffix": ""}, {"first": "M", "middle": [], "last": "Mueller", "suffix": ""}, {"first": "M", "middle": ["D"], "last": "Laryea", "suffix": ""}, {"first": "U", "middle": [], "last": "Spiekerkoetter", "suffix": ""}], "year": 2012, "venue": "PLoS ONE", "volume": "7", "issn": "", "pages": "", "other_ids": {}}, "BIBREF36": {"ref_id": "b36", "title": "Newborn screening conditions: What we know, what we do not know, and how we will know it", "authors": [{"first": "H", "middle": ["L"], "last": "Levy", "suffix": ""}], "year": 2010, "venue": "Genet Med", "volume": "12", "issn": "", "pages": "213--217", "other_ids": {}}, "BIBREF37": {"ref_id": "b37", "title": "Medicine. Newborn screening: gaps in the evidence", "authors": [{"first": "B", "middle": [], "last": "Wilcken", "suffix": ""}], "year": 2013, "venue": "Science", "volume": "342", "issn": "", "pages": "197--198", "other_ids": {}}, "BIBREF38": {"ref_id": "b38", "title": "Mediumchain acyl-CoA dehydrogenase deficiency: genotype-biochemical phenotype correlations", "authors": [{"first": "L", "middle": [], "last": "Waddell", "suffix": ""}, {"first": "V", "middle": [], "last": "Wiley", "suffix": ""}, {"first": "K", "middle": [], "last": "Carpenter", "suffix": ""}, {"first": "B", "middle": [], "last": "Bennetts", "suffix": ""}, {"first": "L", "middle": [], "last": "Angel", "suffix": ""}], "year": 2006, "venue": "Mol Genet Metab", "volume": "87", "issn": "", "pages": "32--39", "other_ids": {}}, "BIBREF39": {"ref_id": "b39", "title": "Lack of genotype-phenotype correlations and outcome in MCAD deficiency diagnosed by newborn screening in New York State", "authors": [{"first": "G", "middle": ["L"], "last": "Arnold", "suffix": ""}, {"first": "C", "middle": ["A"], "last": "Saavedra-Matiz", "suffix": ""}, {"first": "P", "middle": ["A"], "last": "Galvin-Parton", "suffix": ""}, {"first": "R", "middle": [], "last": "Erbe", "suffix": ""}, {"first": "E", "middle": [], "last": "Devincentis", "suffix": ""}], "year": 2010, "venue": "Mol Genet Metab", "volume": "99", "issn": "", "pages": "263--268", "other_ids": {}}, "BIBREF40": {"ref_id": "b40", "title": "Risk stratification by residual enzyme activity after newborn screening for mediumchain acyl-CoA dehyrogenase deficiency: data from a cohort study", "authors": [{"first": "Cml", "middle": [], "last": "Touw", "suffix": ""}, {"first": "Gpa", "middle": [], "last": "Smit", "suffix": ""}, {"first": "M", "middle": [], "last": "De Vries", "suffix": ""}, {"first": "Jbc", "middle": [], "last": "De Klerk", "suffix": ""}, {"first": "A", "middle": ["M"], "last": "Bosch", "suffix": ""}], "year": 2012, "venue": "Orph J Rare Dis", "volume": "7", "issn": "", "pages": "", "other_ids": {}}, "BIBREF41": {"ref_id": "b41", "title": "In vitro and in vivo consequences of variant medium-chain acyl-CoA dehydrogenase genotypes", "authors": [{"first": "C", "middle": ["M"], "last": "Touw", "suffix": ""}, {"first": "G", "middle": ["P"], "last": "Smit", "suffix": ""}, {"first": "K", "middle": ["E"], "last": "Niezen-Koning", "suffix": ""}, {"first": "C", "middle": ["B"], "last": "Boer", "suffix": ""}, {"first": "A", "middle": [], "last": "Gerding", "suffix": ""}], "year": 2013, "venue": "Orphanet J Rare Dis", "volume": "8", "issn": "", "pages": "", "other_ids": {}}, "BIBREF42": {"ref_id": "b42", "title": "A novel tandem mass spectrometry method for rapid confirmation of mediumand very long-chain acyl-CoA dehydrogenase deficiency in newborns", "authors": [{"first": "Ter", "middle": [], "last": "Veld", "suffix": ""}, {"first": "F", "middle": [], "last": "Mueller", "suffix": ""}, {"first": "M", "middle": [], "last": "Kramer", "suffix": ""}, {"first": "S", "middle": [], "last": "Haussmann", "suffix": ""}, {"first": "U", "middle": [], "last": "Herebian", "suffix": ""}, {"first": "D", "middle": [], "last": "", "suffix": ""}], "year": 2009, "venue": "PLoS ONE", "volume": "4", "issn": "", "pages": "", "other_ids": {}}, "BIBREF43": {"ref_id": "b43", "title": "A novel mutation of the ACADM gene (c.145C.G) associated with the common c.985A.G mutation on the other ACADM allele causes mild MCAD deficiency: a case report", "authors": [{"first": "A-F", "middle": [], "last": "Dessein", "suffix": ""}, {"first": "M", "middle": [], "last": "Fontaine", "suffix": ""}, {"first": "B", "middle": ["S"], "last": "Andresen", "suffix": ""}, {"first": "N", "middle": [], "last": "Gregersen", "suffix": ""}, {"first": "M", "middle": [], "last": "Brivet", "suffix": ""}], "year": 2010, "venue": "Orph J Rare Dis", "volume": "5", "issn": "", "pages": "", "other_ids": {}}, "BIBREF44": {"ref_id": "b44", "title": "Vulnerability to Oxidative Stress In Vitro in Pathophysiology of Mitochondrial Short-Chain Acyl-CoA Dehydrogenase Deficiency: Response to Antioxidants", "authors": [{"first": "Z", "middle": [], "last": "Zolkipli", "suffix": ""}, {"first": "C", "middle": ["B"], "last": "Pedersen", "suffix": ""}, {"first": "A-M", "middle": [], "last": "Lamhonwah", "suffix": ""}, {"first": "N", "middle": [], "last": "Gregersen", "suffix": ""}, {"first": "I", "middle": [], "last": "Tein", "suffix": ""}], "year": 2011, "venue": "PLoS ONE", "volume": "6", "issn": "", "pages": "", "other_ids": {}}, "BIBREF45": {"ref_id": "b45", "title": "Tetrahydrobiopterin as an alternative treatment for mild phenylketonuria", "authors": [{"first": "A", "middle": [], "last": "Muntau", "suffix": ""}, {"first": "W", "middle": [], "last": "R\u00f6schinger", "suffix": ""}, {"first": "M", "middle": [], "last": "Habich", "suffix": ""}, {"first": "H", "middle": [], "last": "Demmelmair", "suffix": ""}, {"first": "B", "middle": [], "last": "Hoffmann", "suffix": ""}], "year": 2002, "venue": "N Engl J Med", "volume": "347", "issn": "", "pages": "2122--2132", "other_ids": {}}, "BIBREF46": {"ref_id": "b46", "title": "Efficacy of sapropterin dihydrochloride in increasing phenylalanine tolerance in children with phenylketonuria: a phase III, randomized, double-blind, placebocontrolled study", "authors": [{"first": "F", "middle": ["K"], "last": "Trefz", "suffix": ""}, {"first": "B", "middle": ["K"], "last": "Burton", "suffix": ""}, {"first": "N", "middle": [], "last": "Longo", "suffix": ""}, {"first": "Mm-P", "middle": [], "last": "Casanova", "suffix": ""}, {"first": "D", "middle": ["J"], "last": "Gruskin", "suffix": ""}], "year": 2009, "venue": "J Pediatr", "volume": "154", "issn": "", "pages": "700--707", "other_ids": {}}, "BIBREF47": {"ref_id": "b47", "title": "Tafamidis, a potent and selective transthyretin kinetic stabilizer that inhibits the amyloid cascade", "authors": [{"first": "C", "middle": ["E"], "last": "Bulawa", "suffix": ""}, {"first": "S", "middle": [], "last": "Connelly", "suffix": ""}, {"first": "M", "middle": [], "last": "Devit", "suffix": ""}, {"first": "L", "middle": [], "last": "Wang", "suffix": ""}, {"first": "C", "middle": [], "last": "Weigel", "suffix": ""}], "year": 2012, "venue": "Proc Natl Acad Sci U S A", "volume": "109", "issn": "", "pages": "9629--9634", "other_ids": {}}}, "ref_entries": {"FIGREF0": {"text": "Localization of side chains affected by mutations and residual enzyme function of MCAD variants. (A) Mutations in the ACADM gene map to side chains (red) of all regions of the MCAD monomer. The mature MCAD protein is shown and numbering of side chains refers to the primary sequence after cleavage of an N-terminal 25 amino acids mitochondrial targeting peptide (see", "latex": null, "type": "figure"}, "FIGREF1": {"text": "Missense mutations induce conformational alterations of variant MCAD proteins. (A) The composition of secondary structure elements of wild-type and variant MCAD in the absence of thermal stress was determined by circular dichroism applying the CD spectra deconvolution software CDNN [23]. The spectra showed typical secondary structure characteristics of proteins with predominating ahelical content. (B) Hydrophobicity of wild-type and variant MCAD proteins in the absence of thermal stress was determined using the fluorescent dye ANS. An increase in the fluorescence signal points to increased binding of the ANS dye to hydrophobic groups. Data represent means and SEM of three independent experiments. (C) Structural integrity of wild-type and variant MCAD proteins in the absence of thermal stress was determined by intrinsic FAD fluorescence. An increase in the fluorescence signal points to a release of FAD from the MCAD protein. Data represent means and SEM of three independent experiments. (B, C) Data are grouped according to the domain affected by mutations (aD N , N-terminal a-helical domain; bD, bsheet domain; aD C , C-terminal a-helical domain). doi:10.1371/journal.pone.0093852.g002", "latex": null, "type": "figure"}, "FIGREF2": {"text": "given in %. doi:10.1371/journal.pone.0093852.t002", "latex": null, "type": "figure"}, "FIGREF3": {"text": "Mutations of the middle b-domain of the MCAD protein are associated with accelerated heat-induced unfolding. (A) Thermal stress-induced denaturation monitored by circular dichroism (CD) probing loss of secondary structure. Denaturation profiles of the fractional change of the a-helical secondary structures of wild-type and variant MCAD were measured at 208 nm. Data are given as non-linear fit of the mean of three independent experiments where 1 represents the native state and 0 the unfolded state. (B) Thermal stress-induced denaturation monitored by FAD differential scanning fluorimetry (DSF) probing FAD binding capacity. The temperature dependent release of intrinsic FAD of wild-type and variant MCAD was measured at 530 nm (excitation 450 nm). Data are given as non-linear fit of the mean of three independent experiments where 0 represents the native state and 1 the unfolded state. (C) Thermal stress-induced denaturation monitored by ANS-DSF probing global unfolding. Unfolding profiles of wild-type and variant MCAD were determined as changes in ANS fluorescence emission at 450 nm (excitation 395 nm). All unfolding patterns revealed a biphasic unfolding mechanism with a distinct low-and high-temperature transition, depicted in two red lines in the unfolding curve of wild-type MCAD. Data are grouped according to the domain affected by mutations (aD N , N-terminal a-helical domain; bD, b-sheet domain; aD C , C-terminal a-helical domain) and given as mean of three independent experiments where 0 represents the native state and 1 the unfolded state. doi:10.1371/journal.pone.0093852.g003", "latex": null, "type": "figure"}, "FIGREF4": {"text": "MCAD variants are prone to aggregation. Right angle light scattering experiments probing thermal stress-induced aggregation. The intensity of the scattered light as a function of increasing temperature was determined at 335 nm (excitation 330 nm) for variants arising from mutations mapping to the N-terminal a-domain (aD N ), variants arising from mutations mapping to the middle b-domain (bD), and variants with amino acid substitutions in the C-terminal a-domain (aD C ). doi:10.1371/journal.pone.0093852.g004", "latex": null, "type": "figure"}, "FIGREF5": {"text": "Kinetics of thermal inactivation. (A) Kinetics of thermal inactivation experiments probing dynamics of heat-induced loss of function. Wild-type and variant MCAD proteins were incubated at indicated temperatures and residual activity was plotted as a function of incubation time. (B) Arrhenius Plots resulting from kinetic constants k of time-dependent thermal denaturation experiments. (C) Activation energies (E A ) calculated from Arrhenius Plots reflect the energy barrier between the conformational state with full residual activity and the non-active state after application of thermal stress. doi:10.1371/journal.pone.0093852.g005", "latex": null, "type": "figure"}, "FIGREF6": {"text": "Molecular phenotypes of thermal, kinetic, and conformational stability. Data derived from experiments depicted inFigures 2, 3, and 5 were combined and visualized as 3D plot. Thermal stability (y-axis) refers to midpoints of thermal denaturation determined by CD spectroscopy, FAD-DSF, and ANS-DSF. Kinetic stability (x-axis) refers to the E A determined by thermal inactivation experiments. Conformational stability (z-axis) refers to secondary structure (CD spectra), hydrophobicity (ANS fluorescence), and FAD binding capacity (intrinsic FAD fluorescence) in the absence of heat-induced stress. doi:10.1371/journal.pone.0093852.g006", "latex": null, "type": "figure"}, "FIGREF7": {"text": "Purification of MCAD wild-type and variant proteins. (A) Complete representation of all purification steps of wild-type MCAD expressed in E. coli BL21-CodonPlus. Lane 1, not transformed BL21-CodonPlus cells as negative control. Lane 2, crude extract of lysed BL21-CodonPlus transformed with MCAD pMAL-c2X. Lane 3, pooled fraction after affinity chromatography and size-exclusion chromatography showing high yield of MBP-MCAD fusion protein and a minor share of MBP protein. Lane 4, equal amounts of MBP protein and MCAD protein after cleavage by factor Xa. Lane 5, pooled tetrameric fraction after re-chromatography by size-exclusion chromatography. (B) Pooled tetrameric fraction of wild-type and variant MCAD proteins after factor Xa cleavage and re-chromatography. (TIFF) Figure S2 Intrinsic fluorescence of cofactor FAD allows for determination of structural integrity of the MCAD protein. (A) FAD fluorescence scans of the saturated and not saturated MCAD wild-type before (native) and after (denatured) thermal denaturation in comparison to the fluorescence of an FAD standard with the same subunit concentration as the protein sample. (B) Thermal denaturation curves of temperature dependent intrinsic FAD release from MCAD wild-type due to partial or complete unfolding of the enzyme monitored at 530 nm (excitation 450 nm) compared to the fluorescence changes of an FAD standard with the same subunit concentration. (TIFF)", "latex": null, "type": "figure"}, "TABREF0": {"text": "Mutations.", "latex": null, "type": "table", "html": "<html><body><table><tr><td>cDNA a </td><td>Precursor protein </td><td>(Trivial name) </td><td>Mature protein c </td><td>(Trivial name)\n</td></tr><tr><td>c.155C.T </td><td>p.Ala52Val </td><td>A52V </td><td>p.Ala27Val </td><td>A27V\n</td></tr><tr><td>c.199T.C </td><td>p.Tyr67His </td><td>Y67H </td><td>p.Tyr42His </td><td>Y42H\n</td></tr><tr><td>c.472T.C </td><td>p.Tyr158His </td><td>Y158H </td><td>p.Tyr133His </td><td>Y133H\n</td></tr><tr><td>c.616C.T </td><td>p.Arg206Cys </td><td>R206C </td><td>p.Arg181Cys </td><td>R181C\n</td></tr><tr><td>c.797A.G </td><td>p.Asp266Gly </td><td>D266G </td><td>p.Asp241Gly </td><td>D241G\n</td></tr><tr><td>c.985A.G </td><td>p.Lys329Glu </td><td>K329E </td><td>p.Lys304Glu </td><td>K304E\n</td></tr><tr><td>c.1001G.A </td><td>p.Arg334Lys </td><td>R334K </td><td>p.Arg309Lys </td><td>R309K\n</td></tr><tr><td>c.1237C.C </td><td>p.Arg413Ser </td><td>R413S </td><td>p.Arg388Ser </td><td>R388S\n</td></tr></table></body></html>"}, "TABREF1": {"text": "Mean transition midpoints of thermal denaturation (CD spectroscopy, FAD fluorescence, ANS fluorescence).", "latex": null, "type": "table", "html": "<html><body><table><tr><td>\u00a0</td><td>CD a </td><td>ANS-DSF b </td><td>\u00a0</td><td>FAD-DSF c\n</td><td>\u00a0</td></tr><tr><td>\u00a0</td><td>Tm1/2 (6C) </td><td>Tm1/2 (6C) </td><td>SEM </td><td>Tm1/2 (6C) </td><td>SEM\n</td></tr><tr><td>WT </td><td>56.5 </td><td>56.4 </td><td>0.53 </td><td>58.3 </td><td>0.53\n</td></tr><tr><td>p.Ala52Val </td><td>52.0 </td><td>52.2 </td><td>0.37 </td><td>54.2 </td><td>0.37\n</td></tr><tr><td>p.Tyr67His </td><td>52.5 </td><td>52.2 </td><td>0.32 </td><td>55.7 </td><td>0.32\n</td></tr><tr><td>p.Tyr158His </td><td>44.5 </td><td>44.9 </td><td>0.43 </td><td>46.3 </td><td>0.43\n</td></tr><tr><td>p.Arg206Cys </td><td>50.0 </td><td>49.1 </td><td>0.30 </td><td>52.2 </td><td>0.30\n</td></tr><tr><td>p.Asp266Gly </td><td>53.5 </td><td>51.4 </td><td>0.70 </td><td>56.4 </td><td>0.70\n</td></tr><tr><td>p.Lys329Glu </td><td>54.0 </td><td>55.1 </td><td>0.29 </td><td>59.0 </td><td>0.29\n</td></tr><tr><td>p.Arg334Lys </td><td>53.5 </td><td>55.5 </td><td>0.33 </td><td>57.4 </td><td>0.33\n</td></tr><tr><td>p.Arg413Ser </td><td>52.0 </td><td>52.1 </td><td>0.52 </td><td>56.1 </td><td>0.52\n</td></tr></table></body></html>"}}, "back_matter": [{"text": "We are grateful to our patients and their families. We would like to thank Anja Schultze, Heike Preisler, Anna Heckel-Pompey, Jos Ruiter, Mirjam Doolaard and Petra Mooyer for excellent technical assistance. We thank Jerry Vockley for providing the ACADM-encoding plasmid. ", "cite_spans": [], "ref_spans": [], "section": "Acknowledgments"}]}