{
    "paper_id": "008b0c9d30a6c02ddc005077a288b4d2a9497932",
    "metadata": {
        "title": "Pediatric massage therapy for restoring pediatric lung function from COVID-19 A protocol for systematic review and meta-analysis",
        "authors": [
            {
                "first": "Ke-Lin",
                "middle": [],
                "last": "Zhou",
                "suffix": "",
                "affiliation": {},
                "email": ""
            },
            {
                "first": "Shuo",
                "middle": [],
                "last": "Dong",
                "suffix": "",
                "affiliation": {},
                "email": ""
            },
            {
                "first": "Kang",
                "middle": [],
                "last": "Wang",
                "suffix": "",
                "affiliation": {},
                "email": ""
            },
            {
                "first": "Guo-Bing",
                "middle": [],
                "last": "Fu",
                "suffix": "",
                "affiliation": {},
                "email": ""
            },
            {
                "first": "Yan",
                "middle": [],
                "last": "Niu",
                "suffix": "",
                "affiliation": {},
                "email": ""
            },
            {
                "first": "Xiao-Na",
                "middle": [],
                "last": "Xue",
                "suffix": "",
                "affiliation": {},
                "email": ""
            },
            {
                "first": "Sheng",
                "middle": [],
                "last": "Guo",
                "suffix": "",
                "affiliation": {},
                "email": ""
            }
        ]
    },
    "abstract": [
        {
            "text": "Background: The novel coronavirus disease 2019 has caused an international outbreak of a respiratory illness and grown to be a global public health emergency since patients were first detected in Wuhan, China. Given the rapidly growing pandemic and the overwhelmed medical system, there is an urgent need of alternative medicine to help children relieve symptoms during selfquarantine, and possibly to help increase their chances of survival and recovery from COVID-19. By using various manual techniques at specified locations on the surface of the body, pediatric massage manipulation can unblock meridians, promote the circulation of qi and blood and strengthen resistance to pathogens.",
            "cite_spans": [],
            "ref_spans": [],
            "section": "Abstract"
        },
        {
            "text": "Methods: We will search the following electronic databases: Wanfang and Pubmed Database, CNKI, CENTRAL, CINAHL, EMBASE and MEDLINE. Each database will be searched from inception to June 2020. The entire process will include study selection, data extraction, risk of bias assessment and meta-analyses.",
            "cite_spans": [],
            "ref_spans": [],
            "section": "Abstract"
        },
        {
            "text": "Results: This systematic review will evaluate the existing evidence of pediatric massage therapy for restoring pediatric lung function from COVID-19. The outcomes will include the improvement of pulmonary function and adverse effect.",
            "cite_spans": [],
            "ref_spans": [],
            "section": "Abstract"
        },
        {
            "text": "Conclusion: This proposed systematic review will evaluate the existing evidence and explore the potential role of pediatric massage therapy on the effectiveness and safety in pulmonary function of COVID-19 convalescent children.",
            "cite_spans": [],
            "ref_spans": [],
            "section": "Abstract"
        },
        {
            "text": "Abbreviations: CAM = complementary and alternative medicine, CENTRAL = Cochrane Central Register of Controlled Trials, CNKI = China National Knowledge Infrastructure Database, CI = confidence interval, CINAHL = cumulative Index of Nursing and Allied Health Literature, EMBASE = Excerpta Medica database, GRADE = grading of recommendations assessment, development and evaluation, PRISMA-P = preferred reporting items for systematic reviews and meta-analysis protocol, RCTs = randomized controlled trials, WMD = weighted mean difference. massage therapy for restoring pediatric lung function from COVID-19: a protocol for systematic review and meta-analysis. Medicine 2020;99:33(e21581).",
            "cite_spans": [],
            "ref_spans": [],
            "section": "Abstract"
        }
    ],
    "body_text": [
        {
            "text": "The novel coronavirus disease 2019 (COVID-19) has caused an international outbreak of a respiratory illness [1, 2] and grown to be a global public health emergency since patients were first detected in Wuhan, China. [3, 4] Accumulating evidence revealed that COVID-19 causes a broad spectrum of diseases that affects multiple organs including the lung, heart and kidney with reported cardiomyopathy and kidney injury. [5, 6] The KLZ and SD contributed equally to this work and are the co-first authors. COVID-19-related disease can lead to pneumonia, acute respiratory distress syndrome (ARDS) and congestive heart failure. [7] Until now, there is no available specific drugs or vaccines can completely cure the patients with COVID-19 infection. [8] Given the rapidly growing pandemic and the overwhelmed medical system, the number of self-quarantined and recovering patients is increasing. [9] Complementary and alternative medicine (CAM) is considered as an adjunct to treat chronic or serious diseases and to selfmanage long-term health complaints. [10] Traditional Chinese medicine (TCM), a main form of complementary and alternative medicine, is an ancient and holistic approach to health and healing. [11] Evidence clearly indicated that TCM combined with western medicine can significantly alleviate symptoms of lung function, including decreasing body temperature, cough and breathing difficulties, improving absorption of pulmonary infiltration, and quality of life. [12] Pediatric massage, a form of TCM therapy, aims to manually stimulate specific acupoints of the body which are located primarily on the fingers, palms, arms, head, abdomen and back. [13] Pediatric massage manipulation can unblock meridians, promote the circulation of qi and blood and strengthen resistance to pathogens by using various manual techniques at specified locations on the surface of the body. [14] This systematic review and meta-analysis will summarize the current evidence of pediatric massage in attenuating lung function in children recovering from COVID-19.",
            "cite_spans": [
                {
                    "start": 108,
                    "end": 111,
                    "text": "[1,",
                    "ref_id": "BIBREF0"
                },
                {
                    "start": 112,
                    "end": 114,
                    "text": "2]",
                    "ref_id": "BIBREF1"
                },
                {
                    "start": 216,
                    "end": 219,
                    "text": "[3,",
                    "ref_id": "BIBREF2"
                },
                {
                    "start": 220,
                    "end": 222,
                    "text": "4]",
                    "ref_id": "BIBREF3"
                },
                {
                    "start": 418,
                    "end": 421,
                    "text": "[5,",
                    "ref_id": "BIBREF4"
                },
                {
                    "start": 422,
                    "end": 424,
                    "text": "6]",
                    "ref_id": "BIBREF5"
                },
                {
                    "start": 624,
                    "end": 627,
                    "text": "[7]",
                    "ref_id": "BIBREF6"
                },
                {
                    "start": 746,
                    "end": 749,
                    "text": "[8]",
                    "ref_id": "BIBREF7"
                },
                {
                    "start": 891,
                    "end": 894,
                    "text": "[9]",
                    "ref_id": "BIBREF8"
                },
                {
                    "start": 1052,
                    "end": 1056,
                    "text": "[10]",
                    "ref_id": "BIBREF9"
                },
                {
                    "start": 1207,
                    "end": 1211,
                    "text": "[11]",
                    "ref_id": "BIBREF10"
                },
                {
                    "start": 1476,
                    "end": 1480,
                    "text": "[12]",
                    "ref_id": "BIBREF11"
                },
                {
                    "start": 1662,
                    "end": 1666,
                    "text": "[13]",
                    "ref_id": "BIBREF12"
                },
                {
                    "start": 1886,
                    "end": 1890,
                    "text": "[14]",
                    "ref_id": "BIBREF13"
                }
            ],
            "ref_spans": [],
            "section": "Introduction"
        },
        {
            "text": "This systematic review protocol has been registered on PROSPERO (ID: CRD42020193396). The protocol follows the Cochrane handbook for systematic reviews of interventions and the preferred reporting items for systematic reviews and meta-analysis protocol (PRISMA-P) statement guidelines. [15] We will describe the changes in our full review if needed.",
            "cite_spans": [
                {
                    "start": 286,
                    "end": 290,
                    "text": "[15]",
                    "ref_id": "BIBREF14"
                }
            ],
            "ref_spans": [],
            "section": "Materials and methods"
        },
        {
            "text": "This review will include clinical RCTs of pediatric massage therapy for lung function in children recovering from COVID-19 without any language or publication status restrictions. Non-RCTs, quasi-RCTs, case series, case reports, crossover studies, uncontrolled trials, and laboratory studies will not be included.",
            "cite_spans": [],
            "ref_spans": [],
            "section": "Type of studies"
        },
        {
            "text": "Children diagnosed with COVID-19 of all racial groups and have recovered will be included.",
            "cite_spans": [],
            "ref_spans": [],
            "section": "Type of participants"
        },
        {
            "text": "Interventions will include any type of clinically performed pediatric massage for improvement of pulmonary function in children recovering from COVID-19. This will include Chinese Massage, Japanese Massage, Thai Massage, Swedish Massage, Tuina, Shiatsu, Remedial Massage, General Massage, Acupressure, Reflexology, Manual Lymphatic Drainage. Studies combined with other interventions such as acupuncture, herbal medicines, qigong and yoga will be considered for exclusion.",
            "cite_spans": [],
            "ref_spans": [],
            "section": "Type of interventions"
        },
        {
            "text": "Control: Treatments other than massage (e.g., usual or standard care, placebo, wait-list controls) 3.4. Type of outcome measures 3.4.1. Main outcome(s). Primary outcomes: The influence of pediatric massage on the pulmonary function and quality of life in convalescent children. Comparison of improvement in main symptoms such as cough and chest tightness before and after treatment, changes in lung imaging, changes in serum leukocyte content; compare the differences in the scores of the World Health Organization's quality of life rating scale (WHOQOL-100) before and after treatment.",
            "cite_spans": [],
            "ref_spans": [],
            "section": "Type of interventions"
        },
        {
            "text": "Secondary outcomes: Accompanying symptoms (such as myalgia, expectoration, stuffiness, runny nose, pharyngalgia, anhelation, chest distress, dyspnea, crackles, headache, nausea, vomiting, anorexia, diarrhea) disappear rate, negative COVID-19 results rate on 2 consecutive occasions (not on the same day), CT image improvement, average hospitalization time, occurrence rate of common type to severe form, clinical cure rate, and mortality.",
            "cite_spans": [],
            "ref_spans": [],
            "section": "Type of interventions"
        },
        {
            "text": "Safety measurements and adverse events.",
            "cite_spans": [],
            "ref_spans": [],
            "section": "Additional outcome(s)."
        },
        {
            "text": "We will search the following electronic bibliographic databases for relevant trials: CNKI (China National Knowledge Infrastructure Database, from 1979 to present); Wanfang Database (from 1990 to present); PubMed Database (from 2000 to present); CENTRAL (Cochrane Central Register of Controlled Trials, from 2000 to present); CINAHL (Cumulative Index of Nursing and Allied Health Literature, from 1937 to present); EMBASE (Excerpta Medica database, from 1947 to present); Ovid MEDLINE ALL (Ovid Medical Literature Analysis and Retrieval System Online, from 1946 to present). There will be no language restrictions.",
            "cite_spans": [],
            "ref_spans": [],
            "section": "Electronic searches"
        },
        {
            "text": "We will use EndNote X9 software to manage the records of searched electronic databases. The initial selection will involve scanning of the titles and abstracts of the retrieved studies. The full text of relevant studies will then be reviewed for study inclusion, in accordance with the inclusion criteria, by 2 authors (KLZ and SD). Potentially relevant articles will be reviewed independently by 2 authors to determine if they meet the prespecified criteria. Any disagreement between authors will be resolved by consensus with a third author. The study selection procedure will follow and be recorded in the PRISMA flow chart. All the evidence will be assessed by the grading of recommendations assessment, development and evaluation (GRADE).",
            "cite_spans": [],
            "ref_spans": [],
            "section": "Data collection and analysis 4.2.1. Study identification."
        },
        {
            "text": "According to the inclusion criteria, a standard data collection form will be made before data extraction. The following data will be extracted by 2 authors (KLZ and SD):",
            "cite_spans": [],
            "ref_spans": [],
            "section": "Data extraction and management."
        },
        {
            "text": "General information: Research identification, publication year, the title of the study, first author; Study methods: study design, sample size, randomization method, allocation concealment, blinding, incomplete report or selecting report, other sources of bias;",
            "cite_spans": [],
            "ref_spans": [],
            "section": "Data extraction and management."
        },
        {
            "text": "Participants: Inclusion and exclusion criteria; Intervention: motion details, treatment duration, and frequency;",
            "cite_spans": [],
            "ref_spans": [],
            "section": "Data extraction and management."
        },
        {
            "text": "Control: Type of control methods, motion details, treatment duration, and frequency;",
            "cite_spans": [],
            "ref_spans": [],
            "section": "Data extraction and management."
        },
        {
            "text": "Outcomes: Included outcome measures.",
            "cite_spans": [],
            "ref_spans": [],
            "section": "Data extraction and management."
        },
        {
            "text": "Risk of bias assessment. The risk of bias in included studies will be assessed independently by 2 reviewers (KLZ and SD) using the Cochrane Risk of Bias Tool, with any disagreements resolved by consensus or by discussion with a third reviewer. All judgments will be fully described, and the conclusions will be presented in the Risk of Bias figures and will be incorporated into the interpretation of review findings, by means of sensitivity analysis. The risk of bias of each domain will be graded as adequate, unclear, or inadequate. We intend to use the concealment of allocation grading in investigation of any heterogeneity and in sensitivity analysis. Other aspects of study quality including the extent of blinding (if appropriate), losses to follow up, non-compliance, whether the outcome assessment was standardized, and whether an intention to treat analysis was undertaken, will be presented in the risk of bias table describing the included studies and will provide a context for discussing the reliability of the results.",
            "cite_spans": [],
            "ref_spans": [],
            "section": "4.2.3."
        },
        {
            "text": "We will use Stata Software [Computer program] (Version 15.1) to process the meta-analysis. Weighted mean difference (WMD) will be used for continuous variable data, and the combined statistical effects of these two are combined. The X 2 test will be adopted to analyze whether there is heterogeneity in each of the included research questions. I 2 > 50% is a criterion for significant judgment. The fixed effect model is adopted if I 2 50%, which is considered to have homogeneity between the studies. The random effect model is adopted if I 2 > 50%, which is considered to have heterogeneity among the studies. The effect size is expressed as 95% confidence interval (CI), and P < .05 is considered to be statistically significant. Sensitivity analyses: Heterogeneity may be due to the presence of 1 or more outlier studies with results that conflict with the rest of the studies. We will perform sensitivity analyses excluding outlier studies. In addition, we plan to perform sensitivity analysis to explore the influence of trial quality on effect estimates. The quality components of methodology include adequacy of generation of allocation sequence, concealment of allocation, and the use of intention-to-treat analysis.",
            "cite_spans": [],
            "ref_spans": [],
            "section": "Data analysis."
        },
        {
            "text": "Meta-regression analyses: If data permits, we will perform the meta-regression analyses.",
            "cite_spans": [],
            "ref_spans": [],
            "section": "Data analysis."
        },
        {
            "text": "If sufficient number of trials (more than 10 trials) are found, we will generate funnel plots (effect size against standard error) to investigate publication bias.",
            "cite_spans": [],
            "ref_spans": [],
            "section": "Publication bias."
        },
        {
            "text": "4.2.6. Ethics and dissemination. The results of this review will be disseminated through peer-reviewed publication. Because all of the data used in this systematic review and meta-analysis has been published, this review does not require ethical approval. Furthermore, all data will be analyzed anonymously during the review process.",
            "cite_spans": [],
            "ref_spans": [],
            "section": "Publication bias."
        }
    ],
    "bib_entries": {
        "BIBREF0": {
            "ref_id": "b0",
            "title": "Coronavirus disease 2019 (COVID-19): a perspective from China",
            "authors": [
                {
                    "first": "Z",
                    "middle": [
                        "Y"
                    ],
                    "last": "Zu",
                    "suffix": ""
                },
                {
                    "first": "M",
                    "middle": [
                        "D"
                    ],
                    "last": "Jiang",
                    "suffix": ""
                },
                {
                    "first": "P",
                    "middle": [
                        "P"
                    ],
                    "last": "Xu",
                    "suffix": ""
                }
            ],
            "year": 2020,
            "venue": "Radiology",
            "volume": "21",
            "issn": "",
            "pages": "",
            "other_ids": {}
        },
        "BIBREF1": {
            "ref_id": "b1",
            "title": "Clinical Characteristics of Coronavirus Disease 2019 in China",
            "authors": [
                {
                    "first": "W",
                    "middle": [],
                    "last": "Guan",
                    "suffix": ""
                },
                {
                    "first": "Z",
                    "middle": [],
                    "last": "Ni",
                    "suffix": ""
                },
                {
                    "first": "Y",
                    "middle": [],
                    "last": "Hu",
                    "suffix": ""
                }
            ],
            "year": 2020,
            "venue": "N Engl J Med",
            "volume": "",
            "issn": "",
            "pages": "",
            "other_ids": {}
        },
        "BIBREF2": {
            "ref_id": "b2",
            "title": "Clinical course and risk factors for mortality of adult inpatients with COVID-19 in Wuhan, China: a retrospective cohort study",
            "authors": [
                {
                    "first": "F",
                    "middle": [],
                    "last": "Zhou",
                    "suffix": ""
                },
                {
                    "first": "T",
                    "middle": [],
                    "last": "Yu",
                    "suffix": ""
                },
                {
                    "first": "R",
                    "middle": [],
                    "last": "Du",
                    "suffix": ""
                }
            ],
            "year": 2020,
            "venue": "Lancet",
            "volume": "395",
            "issn": "",
            "pages": "",
            "other_ids": {}
        },
        "BIBREF3": {
            "ref_id": "b3",
            "title": "COVID-19) Using Quantitative Features from Chest CT Images",
            "authors": [
                {
                    "first": "Z",
                    "middle": [],
                    "last": "Tang",
                    "suffix": ""
                },
                {
                    "first": "W",
                    "middle": [],
                    "last": "Zhao",
                    "suffix": ""
                },
                {
                    "first": "X",
                    "middle": [],
                    "last": "Xie",
                    "suffix": ""
                }
            ],
            "year": 2019,
            "venue": "",
            "volume": "2020",
            "issn": "",
            "pages": "",
            "other_ids": {}
        },
        "BIBREF4": {
            "ref_id": "b4",
            "title": "Characteristics and outcomes of 21 critically ill patients with COVID-19 in Washington State",
            "authors": [
                {
                    "first": "M",
                    "middle": [],
                    "last": "Arentz",
                    "suffix": ""
                },
                {
                    "first": "E",
                    "middle": [],
                    "last": "Yim",
                    "suffix": ""
                },
                {
                    "first": "L",
                    "middle": [],
                    "last": "Klaff",
                    "suffix": ""
                }
            ],
            "year": 2020,
            "venue": "JAMA",
            "volume": "323",
            "issn": "",
            "pages": "",
            "other_ids": {}
        },
        "BIBREF5": {
            "ref_id": "b5",
            "title": "Caution on Kidney Dysfunctions of COVID-19 Patients",
            "authors": [
                {
                    "first": "Z",
                    "middle": [],
                    "last": "Li",
                    "suffix": ""
                },
                {
                    "first": "M",
                    "middle": [],
                    "last": "Wu",
                    "suffix": ""
                },
                {
                    "first": "J",
                    "middle": [],
                    "last": "Guo",
                    "suffix": ""
                }
            ],
            "year": 2020,
            "venue": "",
            "volume": "",
            "issn": "",
            "pages": "",
            "other_ids": {}
        },
        "BIBREF6": {
            "ref_id": "b6",
            "title": "Neurologic manifestations of hospitalized patients with coronavirus disease",
            "authors": [
                {
                    "first": "L",
                    "middle": [],
                    "last": "Mao",
                    "suffix": ""
                },
                {
                    "first": "H",
                    "middle": [],
                    "last": "Jin",
                    "suffix": ""
                },
                {
                    "first": "M",
                    "middle": [],
                    "last": "Wang",
                    "suffix": ""
                }
            ],
            "year": 2019,
            "venue": "JAMA Neurol",
            "volume": "",
            "issn": "",
            "pages": "",
            "other_ids": {}
        },
        "BIBREF7": {
            "ref_id": "b7",
            "title": "Understanding of COVID-19 based on current evidence",
            "authors": [
                {
                    "first": "P",
                    "middle": [],
                    "last": "Sun",
                    "suffix": ""
                },
                {
                    "first": "X",
                    "middle": [],
                    "last": "Lu",
                    "suffix": ""
                },
                {
                    "first": "C",
                    "middle": [],
                    "last": "Xu",
                    "suffix": ""
                }
            ],
            "year": 2020,
            "venue": "J Med Virol",
            "volume": "25",
            "issn": "",
            "pages": "",
            "other_ids": {}
        },
        "BIBREF8": {
            "ref_id": "b8",
            "title": "Clinical features of patients infected with 2019 novel coronavirus in Wuhan",
            "authors": [
                {
                    "first": "C",
                    "middle": [],
                    "last": "Huang",
                    "suffix": ""
                },
                {
                    "first": "Y",
                    "middle": [],
                    "last": "Wang",
                    "suffix": ""
                },
                {
                    "first": "X",
                    "middle": [],
                    "last": "Li",
                    "suffix": ""
                }
            ],
            "year": 2020,
            "venue": "China Lancet",
            "volume": "395",
            "issn": "",
            "pages": "497--506",
            "other_ids": {}
        },
        "BIBREF9": {
            "ref_id": "b9",
            "title": "A systematic literature review of complementary and alternative medicine prevalence in EU",
            "authors": [
                {
                    "first": "S",
                    "middle": [],
                    "last": "Eardley",
                    "suffix": ""
                },
                {
                    "first": "F",
                    "middle": [
                        "L"
                    ],
                    "last": "Bishop",
                    "suffix": ""
                },
                {
                    "first": "P",
                    "middle": [],
                    "last": "Prescott",
                    "suffix": ""
                }
            ],
            "year": 2012,
            "venue": "Forsch Komplementmed",
            "volume": "19",
            "issn": "",
            "pages": "18--28",
            "other_ids": {}
        },
        "BIBREF10": {
            "ref_id": "b10",
            "title": "The quest for. modernization of traditional Chinese medicine",
            "authors": [
                {
                    "first": "Q",
                    "middle": [],
                    "last": "Xu",
                    "suffix": ""
                },
                {
                    "first": "R",
                    "middle": [],
                    "last": "Bauer",
                    "suffix": ""
                },
                {
                    "first": "B",
                    "middle": [
                        "M"
                    ],
                    "last": "Hendry",
                    "suffix": ""
                }
            ],
            "year": 2013,
            "venue": "BMC Complement Altern Med",
            "volume": "132",
            "issn": "",
            "pages": "",
            "other_ids": {}
        },
        "BIBREF11": {
            "ref_id": "b11",
            "title": "Chinese herbs combined with Western medicine for severe acute respiratory syndrome (SARS)",
            "authors": [
                {
                    "first": "X",
                    "middle": [],
                    "last": "Liu",
                    "suffix": ""
                },
                {
                    "first": "M",
                    "middle": [],
                    "last": "Zhang",
                    "suffix": ""
                },
                {
                    "first": "L",
                    "middle": [],
                    "last": "He",
                    "suffix": ""
                }
            ],
            "year": 2012,
            "venue": "Cochrane Database Syst Rev",
            "volume": "10",
            "issn": "",
            "pages": "",
            "other_ids": {}
        },
        "BIBREF12": {
            "ref_id": "b12",
            "title": "Beijing: People's Medical Publishing House",
            "authors": [
                {
                    "first": "P",
                    "middle": [
                        "D"
                    ],
                    "last": "Liao",
                    "suffix": ""
                },
                {
                    "first": "",
                    "middle": [],
                    "last": "Pediatric Tuina",
                    "suffix": ""
                }
            ],
            "year": 2016,
            "venue": "",
            "volume": "",
            "issn": "",
            "pages": "",
            "other_ids": {}
        },
        "BIBREF13": {
            "ref_id": "b13",
            "title": "World Health Organization . Benchmarks for training in traditional/ complementary and alternative medicine: benchmarks for trainingin tuina. Geneva: World Health Organization",
            "authors": [],
            "year": 2010,
            "venue": "",
            "volume": "",
            "issn": "",
            "pages": "",
            "other_ids": {}
        },
        "BIBREF14": {
            "ref_id": "b14",
            "title": "Preferred reporting items for systematic review and meta-analysis protocols (PRISMA-P) 2015: elaboration and explanation",
            "authors": [
                {
                    "first": "L",
                    "middle": [],
                    "last": "Shamseer",
                    "suffix": ""
                },
                {
                    "first": "D",
                    "middle": [],
                    "last": "Moher",
                    "suffix": ""
                },
                {
                    "first": "M",
                    "middle": [],
                    "last": "Clarke",
                    "suffix": ""
                }
            ],
            "year": 2015,
            "venue": "BMJ",
            "volume": "350",
            "issn": "",
            "pages": "139--186",
            "other_ids": {}
        },
        "BIBREF15": {
            "ref_id": "b15",
            "title": "Medicine (2020) 99:33 www.md-journal",
            "authors": [
                {
                    "first": "",
                    "middle": [],
                    "last": "Zhou",
                    "suffix": ""
                }
            ],
            "year": null,
            "venue": "",
            "volume": "",
            "issn": "",
            "pages": "",
            "other_ids": {}
        }
    },
    "ref_entries": {
        "FIGREF0": {
            "text": "This study was funded by National Science Foundation of China (No. 81574092); 1166 Talents Project of Dongfang Hospital of Beijing University of Chinese Medicine (No. 040204001001002028); Funding for key specialties in the massage center (No.040203002003); and School-Level Project of Beijing University of Chinese Medicine (2020-JYB-ZDGG-122).",
            "latex": null,
            "type": "figure"
        }
    },
    "back_matter": [
        {
            "text": "The authors have no conflicts of interest to disclose.The datasets generated during and/or analyzed during the current study are available from the corresponding author on reasonable request. ",
            "cite_spans": [],
            "ref_spans": [],
            "section": "acknowledgement"
        }
    ]
}