{"paper_id": "008d980cbcc283a9b707de3d9a02573dde8528ac", "metadata": {"title": "A pilot study-genetic diversity and population structure of snow leopards of Gilgit-Baltistan, Pakistan, using molecular techniques", "authors": [{"first": "Samreen", "middle": [], "last": "Aruge", "suffix": "", "affiliation": {}, "email": ""}, {"first": "Hafsa", "middle": [], "last": "Batool", "suffix": "", "affiliation": {}, "email": ""}, {"first": "Fida", "middle": ["M"], "last": "Khan", "suffix": "", "affiliation": {"laboratory": "Centre for Bioresource Research (CBR)", "institution": "", "location": {"settlement": "Islamabad", "country": "Pakistan"}}, "email": ""}, {"first": "Fakhar-I-Abbas", "middle": [], "last": "", "suffix": "", "affiliation": {}, "email": ""}, {"first": "Safia", "middle": [], "last": "Janjua", "suffix": "", "affiliation": {"laboratory": "Centre for Bioresource Research (CBR)", "institution": "", "location": {"settlement": "Islamabad", "country": "Pakistan"}}, "email": ""}]}, "abstract": [{"text": "Background: The Hindu Kush and Karakoram mountain ranges in Pakistan's northern areas are a natural habitat of the snow leopard (Panthera uncia syn. Uncia uncia) but the ecological studies on this animal are scarce since it is human shy by nature and lives in difficult mountainous tracts. The pilot study is conducted to exploit the genetic diversity and population structure of the snow leopard in this selected natural habitat of the member of the wildcat family in Pakistan. Method: About 50 putative scat samples of snow leopard from five localities of Gilgit-Baltistan (Pakistan) along with a control sample of zoo maintained male snow leopard were collected for comparison. Significant quality and quantity of genomic DNA was extracted from scat samples using combined Zhang-phenol-chloroform method and successful amplification of cytochrome c oxidase I gene (190 bp) using mini-barcode primers, seven simple sequence repeats (SSR) markers and Y-linked AMELY gene (200 bp) was done. Results: Cytochrome c oxidase I gene sequencing suggested that 33/50 (66%) scat samples were of snow leopard. AMELY primer suggested that out of 33 amplified samples, 21 (63.63%) scats were from male and 12 (36.36%) from female leopards. Through successful amplification of DNA of 25 out of 33 (75.75%) scat samples using SSR markers, a total of 68 alleles on seven SSR loci were identified, showing low heterozygosity, while high gene flow between population. Discussion: The low gene flow rate among the population results in low genetic diversity causing decreased diversification. This affects the adaptability to climatic changes, thus ultimately resulting in decreased population size of the species.", "cite_spans": [], "ref_spans": [], "section": "Abstract"}], "body_text": [{"text": "Snow leopard or ounce (Panthera uncia) has evolved in the mountainous ranges of Asia (Bonin et al., 2004) . Pakistan's northern mountains are also among its natural habitat, specifically the Gilgit-Baltistan (GB) and Chitral (Khyber Pakhtunkhwa). It is considered an indicator of the health of the ecosystem (O'Brien et al., 1985) and an icon of Kharkoo and Astore (Fig. 1) . Each sample was packed separately in centrifuge tubes (50 mL) having silica gel to avoid desiccation, labeled and brought to the laboratory and stored at 4 C till further processing. Samples were subsequently processed for DNA extraction without any delay to obtain good quality of gDNA. A male snow leopard scat sample was provided by Khyber Pakhtunkhwa Wildlife Department (Pakistan), which was used as control.", "cite_spans": [{"start": 85, "end": 105, "text": "(Bonin et al., 2004)", "ref_id": "BIBREF5"}, {"start": 308, "end": 330, "text": "(O'Brien et al., 1985)", "ref_id": "BIBREF32"}], "ref_spans": [{"start": 365, "end": 373, "text": "(Fig. 1)", "ref_id": "FIGREF0"}], "section": "INTRODUCTION"}, {"text": "Genomic DNA was extracted from scat samples, using three protocols; (1) Zhang Method: Sample (1.5 g) was washed with ethanol, purified by phenol and gDNA was isolated by binding buffer and column filter (Bernevig, Hughes & Zhang, 2006) .", "cite_spans": [{"start": 203, "end": 235, "text": "(Bernevig, Hughes & Zhang, 2006)", "ref_id": "BIBREF4"}], "ref_spans": [], "section": "DNA extraction"}, {"text": "(2) Phenol-Chloroform Method: Sample was washed by phosphate buffer saline (PBS), purified by phenol-chloroform and the gDNA was precipitated through ethanol or isopropanol (Wang et al., 2003; Pelaia et al., 2004; Glynn et al., 2004) . (3) Combined Zhang and Phenyl-Chloroform Method: Sample (0.25 g) was washed with PBS, bile products were removed by starch and purified with phenol-chloroform, while gDNA was isolated by using binding buffer and filter column. Extracted gDNA was visualized on 1% agarose gel (Sambrook, Fritsch & Maniatis, 1989) . Amplification Mini-barcode primers pair having sequence TCCACTAATCACAARGATATTGGTAC and GAAAATCATAATGAAGGCATGAGC (Vaglia et al., 2008) was used to amplify the highly conserved mitochondrial gene, cytochrome c oxidase I (COI), region of extracted gDNA using polymerase chain reaction (PCR). For sex identification, AMELY marker was used (Murphy et al., 1999) after being tested on control male scat sample.", "cite_spans": [{"start": 173, "end": 192, "text": "(Wang et al., 2003;", "ref_id": "BIBREF45"}, {"start": 193, "end": 213, "text": "Pelaia et al., 2004;", "ref_id": "BIBREF34"}, {"start": 214, "end": 233, "text": "Glynn et al., 2004)", "ref_id": null}, {"start": 511, "end": 547, "text": "(Sambrook, Fritsch & Maniatis, 1989)", "ref_id": "BIBREF37"}, {"start": 662, "end": 683, "text": "(Vaglia et al., 2008)", "ref_id": "BIBREF43"}, {"start": 885, "end": 906, "text": "(Murphy et al., 1999)", "ref_id": "BIBREF24"}], "ref_spans": [], "section": "DNA extraction"}, {"text": "Confirmed snow leopard samples were genotyped by using seven microsatellites (SSR) markers, that is, PUN82, PUN100, PUN124, PUN132, PUN225, PUN229 and PUN327 (Jane\u010dka et al., 2008) . Amplified products were visualized on 2% agarose gel. Bivariate data was generated on the basis of pattern of bands, and preceded through GenAlEx to export data file in PopGen format to calculate allelic frequency, genetic distance, heterozygosity and homozygosity (Nei, 1972) .", "cite_spans": [{"start": 158, "end": 180, "text": "(Jane\u010dka et al., 2008)", "ref_id": null}, {"start": 448, "end": 459, "text": "(Nei, 1972)", "ref_id": "BIBREF27"}], "ref_spans": [], "section": "Microsatellite analysis"}, {"text": "Combined Zhang-Phenol-Chloroform method was efficient, giving significant extraction success rate, average quantity and quality of gDNA (Table 1 ; Fig. 2 ). PCR amplification and sequencing of DNA extracted using 190 bp mini-barcode primer of COI gene (Fig. 3 ) suggested that 33 out of the total 50 (66%) samples belonged to snow leopard.", "cite_spans": [], "ref_spans": [{"start": 136, "end": 144, "text": "(Table 1", "ref_id": "TABREF0"}, {"start": 147, "end": 153, "text": "Fig. 2", "ref_id": "FIGREF2"}, {"start": 252, "end": 259, "text": "(Fig. 3", "ref_id": "FIGREF1"}], "section": "DNA extraction and identification"}, {"text": "Polymerase chain reaction amplification of Y-linked AMELY marker (200 bp) was achieved in control male sample and in 21 field collected samples, suggesting a sex ratio of 1.75:1 male to female (21 males and 12 females, Table 2 ; Fig. 4 ). The Chi-square test shows that sex ratio in overall samples of snow leopard scats was not significantly different from 1:1 (p > 0.05).", "cite_spans": [], "ref_spans": [{"start": 219, "end": 226, "text": "Table 2", "ref_id": "TABREF1"}, {"start": 229, "end": 235, "text": "Fig. 4", "ref_id": "FIGREF3"}], "section": "Sex determination"}, {"text": "The study could amplify 25 samples out of 33 confirmed snow leopard scat samples at annealing temperature of 55 C for 40 cycles using seven SSR markers. It identified 68 alleles on seven loci with band sizes of 90-220 bp; falling in reasonable proximity with those suggested previously (Jane\u010dka et al., 2008) . Maximum number (14) of alleles was identified for PUN225 locus and the minimum (6) for PUN82 locus (Table 3) . Highest number (44) of alleles were recorded in Shagarthang valley, followed by Thally (33), Astore (27), Basho (26) and the lowest (25) in Kharkoo valley with Shannon indices in different populations ranged between 1.17 and 1.58. Allele frequencies of different SSR loci ranged between 0.02 and 0.75 in different populations (Table 4) . Observed heterozygosity (analyzed on PopGen) was lower compared to expected heterozygosity (Fig. 5) . Gene flow (Nm), calculated using Wright's F statistics indices for seven microsatellite primers, reflected high level of gene flow (average 1.65: range 1.18-3.87 for different loci) between populations (Table 5 ). Nei's diversity indices of genetic distances (Table 6 ) between populations were low (<1).", "cite_spans": [{"start": 286, "end": 308, "text": "(Jane\u010dka et al., 2008)", "ref_id": null}], "ref_spans": [{"start": 410, "end": 419, "text": "(Table 3)", "ref_id": "TABREF3"}, {"start": 748, "end": 757, "text": "(Table 4)", "ref_id": "TABREF2"}, {"start": 851, "end": 859, "text": "(Fig. 5)", "ref_id": "FIGREF4"}, {"start": 1064, "end": 1072, "text": "(Table 5", "ref_id": "TABREF4"}, {"start": 1121, "end": 1129, "text": "(Table 6", "ref_id": "TABREF5"}], "section": "Genetic analysis"}, {"text": "Dendrogram constructed using UPGMA, showed low genetic differences and high genetic similarities among three populations (Thally, Kharkoo and Astore). Shagarthang population exhibited one degree separation from the above three populations, while Basho population appeared as a separate clade (Fig. 6) . AMOVA suggested no significant variance among populations indicating no populations' differentiation among regions. Variance contributed by variability was 46% among individuals and that within individuals was 54%, while 0% was observed among populations (Fig. 7) . ", "cite_spans": [], "ref_spans": [{"start": 292, "end": 300, "text": "(Fig. 6)", "ref_id": null}, {"start": 558, "end": 566, "text": "(Fig. 7)", "ref_id": null}], "section": "Genetic analysis"}, {"text": "In current study DNA was extracted from 50 putative snow leopard scat samples following three protocols (Taberlet, Waits & Luikart, 1999; Frantzen et al., 1998; Murphy et al., 2002; Wasser et al., 1997) . Extraction of gDNA from mucosal layer of scat samples using combined Zhang and phenyl-chloroform method (Cobellis et al., 2004; Glynn et al., 2004; Bernevig, Hughes & Zhang, 2006 ) yielded significant quantity and quality of DNA, which was sufficient for successful amplification of COI gene/mini-barcode, microsatellite and sex determination primers (Thornton et al., 2008; Valledor et al., 2014) . The sample from a control male was amplified by AMELY primer, suggesting the validity of the technique in determination of sex using scat samples of snow leopard. AMELY gene (200 bp) is located on Y-chromosome and hence amplified in males only ( Karmacharya et al., 2011; Jane\u010dka et al., 2008; Murphy et al., 1999) . Out of total 33 confirmed snow leopard scat samples, 21 scats were of male, whereas 12 samples were of female leopards. The possible reason for less number of female leopards could be the ease of their hunting because they usually remain attached with their cubs, so during hunting they cannot escape easily. Also, during post-parturition the vulnerability of female leopards to mortality factors increases because of an increased ecological and energetic cost of parturition and lactation leading to male-biased sex ratio. Gender-biased infanticide could be another cause of less number of females as stated in literature regarding large carnivores (Oli & Rogers, 1996; Whitman et al., 2004; Balme et al., 2013; Bailey, 2005; Balme, Slotow & Hunter, 2009; Swanepoel et al., 2015) . We successfully amplified 75.75% of the field collected scat samples using SSR markers. The lack of amplification in other samples could be due to inhibitors (including bilirubins, bile salts and complex carbohydrates) in the extracted DNA templates (Flekna et al., 2007; Monteiro et al., 2001) . The effect of such inhibitors was lowered by using a smaller quantity of the extracted DNA template (Flagstad et al., 2002; Rubin et al., 2000) , increasing PCR cycles from 35 to 40 (Frantz et al., 2003; Rubin et al., 2000; Levi et al., 2002; Yekta, hung Shih & Bartel, 2004; Nsubuga et al., 2004; Roon, Waits & Kendall, 2005; Bonin et al., 2004) and using 10\u00d7 solution \"S\" as an enhancer (Frackman et al., 1998) . Enhancer has the ability to dissolve polar and non-polar compounds resulting in facilitated amplification of DNA (Govinda et al., 2011) .", "cite_spans": [{"start": 104, "end": 137, "text": "(Taberlet, Waits & Luikart, 1999;", "ref_id": "BIBREF41"}, {"start": 138, "end": 160, "text": "Frantzen et al., 1998;", "ref_id": "BIBREF15"}, {"start": 161, "end": 181, "text": "Murphy et al., 2002;", "ref_id": "BIBREF25"}, {"start": 182, "end": 202, "text": "Wasser et al., 1997)", "ref_id": "BIBREF46"}, {"start": 309, "end": 332, "text": "(Cobellis et al., 2004;", "ref_id": "BIBREF7"}, {"start": 333, "end": 352, "text": "Glynn et al., 2004;", "ref_id": null}, {"start": 353, "end": 383, "text": "Bernevig, Hughes & Zhang, 2006", "ref_id": "BIBREF4"}, {"start": 556, "end": 579, "text": "(Thornton et al., 2008;", "ref_id": "BIBREF42"}, {"start": 580, "end": 602, "text": "Valledor et al., 2014)", "ref_id": "BIBREF44"}, {"start": 851, "end": 876, "text": "Karmacharya et al., 2011;", "ref_id": null}, {"start": 877, "end": 898, "text": "Jane\u010dka et al., 2008;", "ref_id": null}, {"start": 899, "end": 919, "text": "Murphy et al., 1999)", "ref_id": "BIBREF24"}, {"start": 1572, "end": 1592, "text": "(Oli & Rogers, 1996;", "ref_id": "BIBREF33"}, {"start": 1593, "end": 1614, "text": "Whitman et al., 2004;", "ref_id": "BIBREF47"}, {"start": 1615, "end": 1634, "text": "Balme et al., 2013;", "ref_id": "BIBREF2"}, {"start": 1635, "end": 1648, "text": "Bailey, 2005;", "ref_id": "BIBREF0"}, {"start": 1649, "end": 1678, "text": "Balme, Slotow & Hunter, 2009;", "ref_id": "BIBREF1"}, {"start": 1679, "end": 1702, "text": "Swanepoel et al., 2015)", "ref_id": "BIBREF40"}, {"start": 1955, "end": 1976, "text": "(Flekna et al., 2007;", "ref_id": "BIBREF11"}, {"start": 1977, "end": 1999, "text": "Monteiro et al., 2001)", "ref_id": "BIBREF23"}, {"start": 2102, "end": 2125, "text": "(Flagstad et al., 2002;", "ref_id": "BIBREF10"}, {"start": 2126, "end": 2145, "text": "Rubin et al., 2000)", "ref_id": "BIBREF36"}, {"start": 2184, "end": 2205, "text": "(Frantz et al., 2003;", "ref_id": "BIBREF14"}, {"start": 2206, "end": 2225, "text": "Rubin et al., 2000;", "ref_id": "BIBREF36"}, {"start": 2226, "end": 2244, "text": "Levi et al., 2002;", "ref_id": null}, {"start": 2245, "end": 2277, "text": "Yekta, hung Shih & Bartel, 2004;", "ref_id": "BIBREF49"}, {"start": 2278, "end": 2299, "text": "Nsubuga et al., 2004;", "ref_id": "BIBREF31"}, {"start": 2300, "end": 2328, "text": "Roon, Waits & Kendall, 2005;", "ref_id": "BIBREF35"}, {"start": 2329, "end": 2348, "text": "Bonin et al., 2004)", "ref_id": "BIBREF5"}, {"start": 2391, "end": 2414, "text": "(Frackman et al., 1998)", "ref_id": "BIBREF12"}, {"start": 2530, "end": 2552, "text": "(Govinda et al., 2011)", "ref_id": null}], "ref_spans": [], "section": "DISCUSSION"}, {"text": "In current study, low genetic variation/heterozygosity (0.33-0.5) was observed in snow leopard population of GB compared to the expected value (0.62-0.75). Low heterozygosity has been reported previously for many populations of snow leopards in Central Asia including Southern Mongolia, Central China, Nepal, north-western India, Pakistan, Tajikistan and Kyrgyzstan (Janjua et al., 2019; Karmacharya et al., 2011; Jane\u010dka et al., 2008 Jane\u010dka et al., , 2011 Jane\u010dka et al., , 2017 .", "cite_spans": [{"start": 277, "end": 387, "text": "Mongolia, Central China, Nepal, north-western India, Pakistan, Tajikistan and Kyrgyzstan (Janjua et al., 2019;", "ref_id": null}, {"start": 388, "end": 413, "text": "Karmacharya et al., 2011;", "ref_id": null}, {"start": 414, "end": 434, "text": "Jane\u010dka et al., 2008", "ref_id": null}, {"start": 435, "end": 457, "text": "Jane\u010dka et al., , 2011", "ref_id": null}, {"start": 458, "end": 480, "text": "Jane\u010dka et al., , 2017", "ref_id": null}], "ref_spans": [], "section": "DISCUSSION"}, {"text": "The low genetic diversity in these areas caused by smaller isolated size of the population where higher inbreeding results in increased homozygosity and genetic fixation or loss of unexploited genetic potentials (Kotz\u00e9 & Muller, 1994) . It can also be attributed to bottleneck effect, genetic drift and inbreeding depression which sometimes lead to expression of deleterious recessives alleles resulting in lowered survival rate of species (Lindenmayer et al., 1993; Franklin & Frankham, 1998; O'Brien et al., 1985) . Small population size resulting in inbreeding depression reduced the chances of adaptation to environmental changes (Barone et al., 1994; Crooks, 2002) .", "cite_spans": [{"start": 212, "end": 234, "text": "(Kotz\u00e9 & Muller, 1994)", "ref_id": null}, {"start": 440, "end": 466, "text": "(Lindenmayer et al., 1993;", "ref_id": null}, {"start": 467, "end": 493, "text": "Franklin & Frankham, 1998;", "ref_id": "BIBREF13"}, {"start": 494, "end": 515, "text": "O'Brien et al., 1985)", "ref_id": "BIBREF32"}, {"start": 634, "end": 655, "text": "(Barone et al., 1994;", "ref_id": "BIBREF3"}, {"start": 656, "end": 669, "text": "Crooks, 2002)", "ref_id": "BIBREF8"}], "ref_spans": [], "section": "DISCUSSION"}, {"text": "The findings of genetic diversity, population structure and function played a vital role in formulation of conservational strategies. The low genetic diversity in snow leopard populations of the study leads to the conclusion that the gene flow among the populations is too low and the genetic diversification of the animal is not enough to aptly adapt to the environmental changes which would not result in the efficient promotion of this species. Therefore, proper planning and management in the protected and non-protected areas is required to get the output. The illegal hunting, poaching and human-animal conflicts have to be stopped by arranging proper protective and safety measures to the natural habitat of the inhabitant species in order to maintain the effective population size of the threatened wild fauna.", "cite_spans": [], "ref_spans": [], "section": "CONCLUSION"}, {"text": "Samreen Aruge performed the experiments, analyzed the data, prepared figures and/or tables. Hafsa Batool performed the experiments, prepared figures and/or tables. Fida M. Khan analyzed the data, contributed reagents/materials/analysis tools, prepared figures and/or tables, authored or reviewed drafts of the paper, approved the final draft, collected samples. Fakhar-i-Abbas conceived and designed the experiments, contributed reagents/ materials/analysis tools, prepared figures and/or tables, approved the final draft, collected samples. Safia Janjua conceived and designed the experiments, approved the final draft.", "cite_spans": [], "ref_spans": [], "section": "Author Contributions"}, {"text": "The following information was supplied regarding data availability:", "cite_spans": [], "ref_spans": [], "section": "Data Availability"}, {"text": "Raw data is available in Table S1 . The raw data consists of the allele frequency of SSR markers at different loci in snow leopard population samples analyzed by POP Gen.", "cite_spans": [], "ref_spans": [{"start": 25, "end": 33, "text": "Table S1", "ref_id": "TABREF0"}], "section": "Data Availability"}, {"text": "Supplemental information for this article can be found online at http://dx.doi.org/10.7717/ peerj.7672#supplemental-information.", "cite_spans": [], "ref_spans": [], "section": "Supplemental Information"}], "bib_entries": {"BIBREF0": {"ref_id": "b0", "title": "The African leopard: ecology and behavior of a solitary felid", "authors": [{"first": "T", "middle": ["N"], "last": "Bailey", "suffix": ""}], "year": 2005, "venue": "", "volume": "", "issn": "", "pages": "", "other_ids": {}}, "BIBREF1": {"ref_id": "b1", "title": "Impact of conservation interventions on the dynamics and persistence of a persecuted leopard (Panthera pardus) population", "authors": [{"first": "G", "middle": ["A"], "last": "Balme", "suffix": ""}, {"first": "R", "middle": [], "last": "Slotow", "suffix": ""}, {"first": "Ltb", "middle": [], "last": "Hunter", "suffix": ""}], "year": 2009, "venue": "Biological Conservation", "volume": "142", "issn": "", "pages": "2681--2690", "other_ids": {}}, "BIBREF2": {"ref_id": "b2", "title": "Reproductive success of female leopards Panthera pardus: the importance of top-down processes", "authors": [{"first": "G", "middle": ["A"], "last": "Balme", "suffix": ""}, {"first": "A", "middle": [], "last": "Batchelor", "suffix": ""}, {"first": "N", "middle": [], "last": "Britz De Woronin", "suffix": ""}, {"first": "G", "middle": [], "last": "Seymour", "suffix": ""}, {"first": "M", "middle": [], "last": "Grover", "suffix": ""}, {"first": "L", "middle": [], "last": "Hes", "suffix": ""}, {"first": "D", "middle": ["W"], "last": "Macdonald", "suffix": ""}, {"first": "Ltb", "middle": [], "last": "Hunter", "suffix": ""}], "year": 2013, "venue": "Mammal Review", "volume": "43", "issn": "3", "pages": "221--237", "other_ids": {"DOI": ["10.1111/j.1365-2907.2012.00219.x"]}}, "BIBREF3": {"ref_id": "b3", "title": "Reproductive characteristics of male Florida panthers: comparative studies from Florida", "authors": [{"first": "M", "middle": ["A"], "last": "Barone", "suffix": ""}, {"first": "M", "middle": ["E"], "last": "Roelke", "suffix": ""}, {"first": "J", "middle": ["G"], "last": "Howard", "suffix": ""}, {"first": "J", "middle": ["L"], "last": "Brown", "suffix": ""}, {"first": "A", "middle": ["E"], "last": "Anderson", "suffix": ""}, {"first": "D", "middle": ["E"], "last": "Wildt", "suffix": ""}], "year": 1994, "venue": "Journal of Mammalogy", "volume": "75", "issn": "1", "pages": "", "other_ids": {"DOI": ["10.2307/1382247"]}}, "BIBREF4": {"ref_id": "b4", "title": "Quantum spin hall effect and topological phase transition in HgTe quantum wells", "authors": [{"first": "B", "middle": ["A"], "last": "Bernevig", "suffix": ""}, {"first": "T", "middle": ["L"], "last": "Hughes", "suffix": ""}, {"first": "S-C", "middle": [], "last": "Zhang", "suffix": ""}], "year": 2006, "venue": "Science", "volume": "314", "issn": "5806", "pages": "", "other_ids": {"DOI": ["10.1126/science.1133734"]}}, "BIBREF5": {"ref_id": "b5", "title": "How to track and assess genotyping errors in population genetics studies", "authors": [{"first": "A", "middle": [], "last": "Bonin", "suffix": ""}, {"first": "E", "middle": [], "last": "Bellemain", "suffix": ""}, {"first": "P", "middle": ["B"], "last": "Eidesen", "suffix": ""}, {"first": "F", "middle": [], "last": "Pompanon", "suffix": ""}, {"first": "C", "middle": [], "last": "Brochmann", "suffix": ""}, {"first": "P", "middle": [], "last": "Taberlet", "suffix": ""}], "year": 2004, "venue": "Molecular Ecology", "volume": "13", "issn": "11", "pages": "", "other_ids": {"DOI": ["10.1111/j.1365-294X.2004.02346.x"]}}, "BIBREF6": {"ref_id": "b6", "title": "Systems with persistent disturbances: predictive control with restricted constraints", "authors": [{"first": "L", "middle": [], "last": "Chisci", "suffix": ""}, {"first": "J", "middle": ["A"], "last": "Rossiter", "suffix": ""}, {"first": "G", "middle": [], "last": "Zappa", "suffix": ""}], "year": 2001, "venue": "Automatica", "volume": "37", "issn": "7", "pages": "51--57", "other_ids": {"DOI": ["10.1016/S0005-1098(01)00051-6"]}}, "BIBREF7": {"ref_id": "b7", "title": "The treatment with a COX-2 specific inhibitor is effective in the management of pain related to endometriosis", "authors": [{"first": "L", "middle": [], "last": "Cobellis", "suffix": ""}, {"first": "S", "middle": [], "last": "Razzi", "suffix": ""}, {"first": "De", "middle": [], "last": "Simone", "suffix": ""}, {"first": "S", "middle": [], "last": "Sartini", "suffix": ""}, {"first": "A", "middle": [], "last": "Fava", "suffix": ""}, {"first": "A", "middle": [], "last": "Danero", "suffix": ""}, {"first": "S", "middle": [], "last": "Gioffr\u00e8", "suffix": ""}, {"first": "W", "middle": [], "last": "Mazzini", "suffix": ""}, {"first": "M", "middle": [], "last": "Petraglia", "suffix": ""}, {"first": "F", "middle": [], "last": "", "suffix": ""}], "year": 2004, "venue": "European Journal of Obstetrics & Gynecology and Reproductive Biology", "volume": "116", "issn": "1", "pages": "", "other_ids": {"DOI": ["10.1016/j.ejogrb.2004.02.007"]}}, "BIBREF8": {"ref_id": "b8", "title": "Relative sensitivities of mammalian carnivores to habitat fragmentation", "authors": [{"first": "K", "middle": ["R"], "last": "Crooks", "suffix": ""}], "year": 2002, "venue": "Conservation Biology", "volume": "16", "issn": "2", "pages": "", "other_ids": {"DOI": ["10.1046/j.1523-1739.2002.00386.x"]}}, "BIBREF9": {"ref_id": "b9", "title": "Cluster analysis and display of genome-wide expression patterns", "authors": [{"first": "M", "middle": ["B"], "last": "Eisen", "suffix": ""}, {"first": "P", "middle": ["T"], "last": "Spellman", "suffix": ""}, {"first": "P", "middle": ["O"], "last": "Brown", "suffix": ""}, {"first": "D", "middle": [], "last": "Botstein", "suffix": ""}], "year": 1998, "venue": "Proceedings of the National Academy of Sciences of the United States of America", "volume": "95", "issn": "25", "pages": "14863--14868", "other_ids": {}}, "BIBREF10": {"ref_id": "b10", "title": "Reliable noninvasive genotyping based on excremental PCR of nuclear DNA purified with a magnetic bead protocol", "authors": [{"first": "O", "middle": [], "last": "Flagstad", "suffix": ""}, {"first": "K", "middle": [], "last": "R\u00f8ed", "suffix": ""}, {"first": "J", "middle": ["E"], "last": "Stacy", "suffix": ""}, {"first": "K", "middle": ["S"], "last": "Jakobsen", "suffix": ""}], "year": 2002, "venue": "Molecular Ecology", "volume": "8", "issn": "5", "pages": "", "other_ids": {"DOI": ["10.1046/j.1365-294X.1999.00623.x"]}}, "BIBREF11": {"ref_id": "b11", "title": "Real-time PCR method with statistical analysis to compare the potential of DNA isolation methods to remove PCR inhibitors from samples for diagnostic PCR", "authors": [{"first": "G", "middle": [], "last": "Flekna", "suffix": ""}, {"first": "W", "middle": [], "last": "Schneeweiss", "suffix": ""}, {"first": "Fjm", "middle": [], "last": "Smulders", "suffix": ""}, {"first": "M", "middle": [], "last": "Wagner", "suffix": ""}, {"first": "I", "middle": [], "last": "Hein", "suffix": ""}], "year": 2007, "venue": "Molecular and Cellular Probes", "volume": "21", "issn": "4", "pages": "282--287", "other_ids": {"DOI": ["10.1016/j.mcp.2007.02.001"]}}, "BIBREF12": {"ref_id": "b12", "title": "Betaine and DMSO: enhancing agents for PCR", "authors": [{"first": "S", "middle": [], "last": "Frackman", "suffix": ""}, {"first": "G", "middle": [], "last": "Kobs", "suffix": ""}, {"first": "D", "middle": [], "last": "Simpson", "suffix": ""}, {"first": "D", "middle": [], "last": "Storts", "suffix": ""}], "year": 1998, "venue": "Promega Notes", "volume": "65", "issn": "", "pages": "27--29", "other_ids": {}}, "BIBREF13": {"ref_id": "b13", "title": "How large must populations be to retain evolutionary potential?", "authors": [{"first": "I", "middle": ["R"], "last": "Franklin", "suffix": ""}, {"first": "R", "middle": [], "last": "Frankham", "suffix": ""}], "year": 1998, "venue": "Animal Conservation", "volume": "1", "issn": "1", "pages": "", "other_ids": {"DOI": ["10.1111/j.1469-1795.1998.tb00228.x"]}}, "BIBREF14": {"ref_id": "b14", "title": "Reliable microsatellite genotyping of the Eurasian badger (Meles meles) using faecal DNA", "authors": [{"first": "A", "middle": ["C"], "last": "Frantz", "suffix": ""}, {"first": "L", "middle": ["C"], "last": "Pope", "suffix": ""}, {"first": "P", "middle": ["J"], "last": "Carpenter", "suffix": ""}, {"first": "T", "middle": ["J"], "last": "Roper", "suffix": ""}, {"first": "G", "middle": ["J"], "last": "Wilson", "suffix": ""}, {"first": "R", "middle": ["J"], "last": "Delahay", "suffix": ""}, {"first": "T", "middle": [], "last": "Burke", "suffix": ""}], "year": 2003, "venue": "Molecular Ecology", "volume": "12", "issn": "6", "pages": "", "other_ids": {"DOI": ["10.1046/j.1365-294X.2003.01848.x"]}}, "BIBREF15": {"ref_id": "b15", "title": "Empirical evaluation of preservation methods for faecal DNA", "authors": [{"first": "Maj", "middle": [], "last": "Frantzen", "suffix": ""}, {"first": "J", "middle": ["B"], "last": "Silk", "suffix": ""}, {"first": "Jwh", "middle": [], "last": "Ferguson", "suffix": ""}, {"first": "R", "middle": ["K"], "last": "Wayne", "suffix": ""}, {"first": "M", "middle": ["H"], "last": "Kohn", "suffix": ""}], "year": 1998, "venue": "Molecular Ecology", "volume": "7", "issn": "10", "pages": "", "other_ids": {"DOI": ["10.1046/j.1365-294x.1998.00449.x"]}}, "BIBREF16": {"ref_id": "b16", "title": "The evolution and application of microsatellites", "authors": [{"first": "W-Y", "middle": [], "last": "Luo", "suffix": ""}, {"first": "J", "middle": [], "last": "Hu", "suffix": ""}, {"first": "X-F", "middle": [], "last": "Li", "suffix": ""}], "year": 2003, "venue": "Yi Chuan= Hereditas", "volume": "25", "issn": "", "pages": "615--619", "other_ids": {}}, "BIBREF17": {"ref_id": "b17", "title": "Mutation accumulation and the extinction of small populations", "authors": [{"first": "M", "middle": [], "last": "Lynch", "suffix": ""}, {"first": "J", "middle": [], "last": "Conery", "suffix": ""}, {"first": "R", "middle": [], "last": "Burger", "suffix": ""}], "year": 1995, "venue": "American Naturalist", "volume": "146", "issn": "4", "pages": "489--518", "other_ids": {"DOI": ["10.1086/285812"]}}, "BIBREF18": {"ref_id": "b18", "title": "Monitoring illegal trade in snow leopards", "authors": [{"first": "A", "middle": [], "last": "Maheshwari", "suffix": ""}, {"first": "S", "middle": ["K"], "last": "Niraj", "suffix": ""}], "year": 2003, "venue": "Global Ecology and Conservation", "volume": "14", "issn": "", "pages": "", "other_ids": {"DOI": ["10.1016/j.gecco.2018.e00387"]}}, "BIBREF19": {"ref_id": "b19", "title": "The genome sequence of the SARS-associated coronavirus", "authors": [{"first": "M", "middle": ["A"], "last": "Marra", "suffix": ""}, {"first": "Sjm", "middle": [], "last": "Jones", "suffix": ""}, {"first": "C", "middle": ["R"], "last": "Astell", "suffix": ""}, {"first": "R", "middle": ["A"], "last": "Holt", "suffix": ""}, {"first": "A", "middle": [], "last": "Brooks-Wilson", "suffix": ""}, {"first": "Ysn", "middle": [], "last": "Butterfield", "suffix": ""}, {"first": "J", "middle": [], "last": "Khattra", "suffix": ""}, {"first": "J", "middle": ["K"], "last": "Asano", "suffix": ""}, {"first": "S", "middle": ["A"], "last": "Barber", "suffix": ""}, {"first": "S", "middle": ["Y"], "last": "Chan", "suffix": ""}, {"first": "A", "middle": [], "last": "Cloutier", "suffix": ""}, {"first": "S", "middle": ["M"], "last": "Coughlin", "suffix": ""}, {"first": "D", "middle": [], "last": "Freeman", "suffix": ""}, {"first": "N", "middle": [], "last": "Girn", "suffix": ""}, {"first": "O", "middle": ["L"], "last": "Griffith", "suffix": ""}, {"first": "S", "middle": ["R"], "last": "Leach", "suffix": ""}, {"first": "M", "middle": [], "last": "Mayo", "suffix": ""}, {"first": "H", "middle": [], "last": "Mcdonald", "suffix": ""}, {"first": "S", "middle": ["B"], "last": "Montgomery", "suffix": ""}, {"first": "P", "middle": ["K"], "last": "Pandoh", "suffix": ""}, {"first": "A", "middle": ["S"], "last": "Petrescu", "suffix": ""}, {"first": "A", "middle": ["G"], "last": "Robertson", "suffix": ""}, {"first": "J", "middle": ["E"], "last": "Schein", "suffix": ""}, {"first": "A", "middle": [], "last": "Siddiqui", "suffix": ""}, {"first": "D", "middle": ["E"], "last": "Smailus", "suffix": ""}, {"first": "J", "middle": ["M"], "last": "Stott", "suffix": ""}, {"first": "G", "middle": ["S"], "last": "Yang", "suffix": ""}, {"first": "F", "middle": [], "last": "Plummer", "suffix": ""}, {"first": "A", "middle": [], "last": "Andonov", "suffix": ""}, {"first": "H", "middle": [], "last": "Artsob", "suffix": ""}, {"first": "N", "middle": [], "last": "Bastien", "suffix": ""}, {"first": "K", "middle": [], "last": "Bernard", "suffix": ""}, {"first": "T", "middle": ["F"], "last": "Booth", "suffix": ""}, {"first": "D", "middle": [], "last": "Bowness", "suffix": ""}, {"first": "M", "middle": [], "last": "Czub", "suffix": ""}, {"first": "M", "middle": [], "last": "Drebot", "suffix": ""}, {"first": "L", "middle": [], "last": "Fernando", "suffix": ""}, {"first": "R", "middle": [], "last": "Flick", "suffix": ""}, {"first": "M", "middle": [], "last": "Garbutt", "suffix": ""}, {"first": "M", "middle": [], "last": "Gray", "suffix": ""}, {"first": "A", "middle": [], "last": "Grolla", "suffix": ""}, {"first": "S", "middle": [], "last": "Jones", "suffix": ""}, {"first": "H", "middle": [], "last": "Feldmann", "suffix": ""}, {"first": "A", "middle": [], "last": "Meyers", "suffix": ""}, {"first": "A", "middle": [], "last": "Kabani", "suffix": ""}, {"first": "Y", "middle": [], "last": "Li", "suffix": ""}, {"first": "S", "middle": [], "last": "Normand", "suffix": ""}, {"first": "U", "middle": [], "last": "Stroher", "suffix": ""}, {"first": "G", "middle": ["A"], "last": "Tipples", "suffix": ""}, {"first": "S", "middle": [], "last": "Tyler", "suffix": ""}, {"first": "R", "middle": [], "last": "Vogrig", "suffix": ""}, {"first": "D", "middle": [], "last": "Ward", "suffix": ""}, {"first": "B", "middle": [], "last": "Watson", "suffix": ""}, {"first": "R", "middle": ["C"], "last": "Brunham", "suffix": ""}, {"first": "M", "middle": [], "last": "Krajden", "suffix": ""}, {"first": "M", "middle": [], "last": "Petric", "suffix": ""}, {"first": "D", "middle": ["M"], "last": "Skowronski", "suffix": ""}], "year": 2003, "venue": "Science", "volume": "300", "issn": "", "pages": "1399--1404", "other_ids": {"DOI": ["10.1126/science.1085953"]}}, "BIBREF20": {"ref_id": "b20", "title": "Snow leopard survival strategy", "authors": [{"first": "T", "middle": ["M"], "last": "Mccarthy", "suffix": ""}, {"first": "G", "middle": [], "last": "Chapron", "suffix": ""}], "year": 2003, "venue": "International Snow Leopard Trust and Snow Leopard Network", "volume": "", "issn": "", "pages": "1--105", "other_ids": {}}, "BIBREF21": {"ref_id": "b21", "title": "Panthera uncia. The IUCN red list of threatened species 2017: e.T22732A50664030", "authors": [{"first": "T", "middle": [], "last": "Mccarthy", "suffix": ""}, {"first": "D", "middle": [], "last": "Mallon", "suffix": ""}, {"first": "R", "middle": [], "last": "Jackson", "suffix": ""}, {"first": "P", "middle": [], "last": "Zahler", "suffix": ""}, {"first": "K", "middle": [], "last": "Mccarthy", "suffix": ""}], "year": 2017, "venue": "", "volume": "", "issn": "", "pages": "", "other_ids": {}}, "BIBREF22": {"ref_id": "b22", "title": "What is a snow leopard? Biogeography and status overview", "authors": [{"first": "T", "middle": [], "last": "Mccarthy", "suffix": ""}, {"first": "D", "middle": [], "last": "Mallon", "suffix": ""}, {"first": "E", "middle": ["W"], "last": "Sanderson", "suffix": ""}, {"first": "P", "middle": [], "last": "Zahler", "suffix": ""}, {"first": "K", "middle": [], "last": "Fisher", "suffix": ""}], "year": 2016, "venue": "Snow Leopards: Biodiversity of the World: Conservation from Genes to Landscapes", "volume": "", "issn": "", "pages": "23--42", "other_ids": {}}, "BIBREF23": {"ref_id": "b23", "title": "Detection of Helicobacter pylori DNA in human feces by PCR: DNA stability and removal of inhibitors", "authors": [{"first": "L", "middle": [], "last": "Monteiro", "suffix": ""}, {"first": "N", "middle": [], "last": "Gras", "suffix": ""}, {"first": "R", "middle": [], "last": "Vidal", "suffix": ""}, {"first": "J", "middle": [], "last": "Cabrita", "suffix": ""}, {"first": "F", "middle": [], "last": "M\u00e9graud", "suffix": ""}], "year": 2001, "venue": "Journal of Microbiological Methods", "volume": "45", "issn": "2", "pages": "", "other_ids": {"DOI": ["10.1016/S0167-7012(01)00225-1"]}}, "BIBREF24": {"ref_id": "b24", "title": "Extensive conservation of sex chromosome organization between cat and human revealed by parallel radiation hybrid mapping", "authors": [{"first": "W", "middle": ["J"], "last": "Murphy", "suffix": ""}, {"first": "S", "middle": [], "last": "Sun", "suffix": ""}, {"first": "Z", "middle": [], "last": "Chen", "suffix": ""}, {"first": "J", "middle": [], "last": "Pecon-Slattery", "suffix": ""}, {"first": "S", "middle": ["J"], "last": "O&apos;brien", "suffix": ""}], "year": 1999, "venue": "Genome Research", "volume": "9", "issn": "12", "pages": "", "other_ids": {"DOI": ["10.1101/gr.9.12.1223"]}}, "BIBREF25": {"ref_id": "b25", "title": "An evaluation of long-term preservation methods for brown bear (Ursus arctos) faecal DNA samples", "authors": [{"first": "M", "middle": ["A"], "last": "Murphy", "suffix": ""}, {"first": "L", "middle": ["P"], "last": "Waits", "suffix": ""}, {"first": "K", "middle": ["C"], "last": "Kendall", "suffix": ""}, {"first": "S", "middle": ["K"], "last": "Wasser", "suffix": ""}, {"first": "J", "middle": ["A"], "last": "Higbee", "suffix": ""}, {"first": "R", "middle": [], "last": "Bogden", "suffix": ""}], "year": 2002, "venue": "Conservation Genetics", "volume": "3", "issn": "4", "pages": "", "other_ids": {"DOI": ["10.1023/A:1020503330767"]}}, "BIBREF26": {"ref_id": "b26", "title": "Research update 2008-2014 Snow leopard program: report prepared for Snow Leopard Red List Assessment Team", "authors": [{"first": "M", "middle": ["A"], "last": "Nawaz", "suffix": ""}, {"first": "S", "middle": [], "last": "Hameed", "suffix": ""}], "year": 2015, "venue": "", "volume": "", "issn": "", "pages": "", "other_ids": {}}, "BIBREF27": {"ref_id": "b27", "title": "Genetic distance between populations", "authors": [{"first": "M", "middle": [], "last": "Nei", "suffix": ""}], "year": 1972, "venue": "American Naturalist", "volume": "106", "issn": "949", "pages": "", "other_ids": {"DOI": ["10.1086/282771"]}}, "BIBREF28": {"ref_id": "b28", "title": "Estimation of average heterozygosity and genetic distance from a small number of individuals", "authors": [{"first": "M", "middle": [], "last": "Nei", "suffix": ""}], "year": 1978, "venue": "Genetics", "volume": "89", "issn": "", "pages": "583--590", "other_ids": {}}, "BIBREF29": {"ref_id": "b29", "title": "Snow leopard survival strategy", "authors": [{"first": "S", "middle": ["L"], "last": "Network", "suffix": ""}], "year": 2014, "venue": "Snow Leopard Network", "volume": "", "issn": "", "pages": "1--145", "other_ids": {}}, "BIBREF30": {"ref_id": "b30", "title": "Wild cats: status survey and conservation action plan", "authors": [{"first": "K", "middle": [], "last": "Nowell", "suffix": ""}, {"first": "P", "middle": [], "last": "Jackson", "suffix": ""}], "year": 1996, "venue": "", "volume": "", "issn": "", "pages": "", "other_ids": {}}, "BIBREF31": {"ref_id": "b31", "title": "Factors affecting the amount of genomic DNA extracted from ape faeces and the identification of an improved sample storage method", "authors": [{"first": "A", "middle": ["M"], "last": "Nsubuga", "suffix": ""}, {"first": "M", "middle": ["M"], "last": "Robbins", "suffix": ""}, {"first": "A", "middle": ["D"], "last": "Roeder", "suffix": ""}, {"first": "P", "middle": ["A"], "last": "Morin", "suffix": ""}, {"first": "C", "middle": [], "last": "Boesch", "suffix": ""}, {"first": "L", "middle": [], "last": "Vigilant", "suffix": ""}], "year": 2004, "venue": "Molecular Ecology", "volume": "13", "issn": "7", "pages": "2089--2094", "other_ids": {"DOI": ["10.1111/j.1365-294X.2004.02207.x"]}}, "BIBREF32": {"ref_id": "b32", "title": "Genetic basis for species vulnerability in the cheetah", "authors": [{"first": "S", "middle": [], "last": "O&apos;brien", "suffix": ""}, {"first": "M", "middle": [], "last": "Roelke", "suffix": ""}, {"first": "L", "middle": [], "last": "Marker", "suffix": ""}, {"first": "A", "middle": [], "last": "Newman", "suffix": ""}, {"first": "C", "middle": [], "last": "Winkler", "suffix": ""}, {"first": "D", "middle": [], "last": "Meltzer", "suffix": ""}, {"first": "Colly", "middle": ["L"], "last": "Evermann", "suffix": ""}, {"first": "J", "middle": [], "last": "Bush", "suffix": ""}, {"first": "M", "middle": [], "last": "Wildt", "suffix": ""}, {"first": "D", "middle": [], "last": "", "suffix": ""}], "year": 1985, "venue": "Science", "volume": "227", "issn": "4693", "pages": "", "other_ids": {"DOI": ["10.1126/science.2983425"]}}, "BIBREF33": {"ref_id": "b33", "title": "Seasonal pattern in group size and population composition of blue sheep in Manang", "authors": [{"first": "M", "middle": ["K"], "last": "Oli", "suffix": ""}, {"first": "M", "middle": ["E"], "last": "Rogers", "suffix": ""}], "year": 1996, "venue": "Nepal. Journal of Wildlife Management", "volume": "60", "issn": "4", "pages": "797--801", "other_ids": {}}, "BIBREF34": {"ref_id": "b34", "title": "Effects of hydrogen peroxide on MAPK activation, IL-8 production and cell viability in primary cultures of human bronchial epithelial cells", "authors": [{"first": "G", "middle": [], "last": "Pelaia", "suffix": ""}, {"first": "G", "middle": [], "last": "Cuda", "suffix": ""}, {"first": "A", "middle": [], "last": "Vatrella", "suffix": ""}, {"first": "L", "middle": [], "last": "Gallelli", "suffix": ""}, {"first": "D", "middle": [], "last": "Fratto", "suffix": ""}, {"first": "V", "middle": [], "last": "Gioffr\u00e8", "suffix": ""}, {"first": "D", "middle": [], "last": "&apos;agostino", "suffix": ""}, {"first": "B", "middle": [], "last": "Caputi", "suffix": ""}, {"first": "M", "middle": [], "last": "Maselli", "suffix": ""}, {"first": "R", "middle": [], "last": "Rossi", "suffix": ""}, {"first": "F", "middle": [], "last": "Costanzo", "suffix": ""}, {"first": "F", "middle": ["S"], "last": "Marsico", "suffix": ""}, {"first": "S", "middle": ["A"], "last": "", "suffix": ""}], "year": 2004, "venue": "Journal of Cellular Biochemistry", "volume": "93", "issn": "1", "pages": "", "other_ids": {"DOI": ["10.1002/jcb.20124"]}}, "BIBREF35": {"ref_id": "b35", "title": "A simulation test of the effectiveness of several methods for error-checking non-invasive genetic data", "authors": [{"first": "D", "middle": ["A"], "last": "Roon", "suffix": ""}, {"first": "L", "middle": ["P"], "last": "Waits", "suffix": ""}, {"first": "K", "middle": ["C"], "last": "Kendall", "suffix": ""}], "year": 2005, "venue": "Animal Conservation", "volume": "8", "issn": "", "pages": "203--215", "other_ids": {"DOI": ["10.1017/S1367943005001976"]}}, "BIBREF36": {"ref_id": "b36", "title": "Comparative genomics of the Eukaryotes", "authors": [{"first": "G", "middle": ["M"], "last": "Rubin", "suffix": ""}, {"first": "M", "middle": ["D"], "last": "Yandell", "suffix": ""}, {"first": "J", "middle": ["R"], "last": "Wortman", "suffix": ""}, {"first": "Gabor", "middle": [], "last": "Miklos", "suffix": ""}, {"first": "G", "middle": ["L"], "last": "Nelson", "suffix": ""}, {"first": "C", "middle": ["R"], "last": "Hariharan", "suffix": ""}, {"first": "I", "middle": ["K"], "last": "Fortini", "suffix": ""}, {"first": "M", "middle": ["E"], "last": "Li", "suffix": ""}, {"first": "P", "middle": ["W"], "last": "Apweiler", "suffix": ""}, {"first": "R", "middle": [], "last": "Fleischmann", "suffix": ""}, {"first": "W", "middle": [], "last": "", "suffix": ""}, {"first": "Michael", "middle": [], "last": "Cherry", "suffix": ""}, {"first": "J", "middle": [], "last": "Henikoff", "suffix": ""}, {"first": "S", "middle": [], "last": "Skupski", "suffix": ""}, {"first": "M", "middle": ["P"], "last": "Misra", "suffix": ""}, {"first": "S", "middle": [], "last": "Ashburner", "suffix": ""}, {"first": "M", "middle": [], "last": "Birney", "suffix": ""}, {"first": "E", "middle": [], "last": "Boguski", "suffix": ""}, {"first": "M", "middle": ["S"], "last": "Brody", "suffix": ""}, {"first": "T", "middle": [], "last": "Brokstein", "suffix": ""}, {"first": "P", "middle": [], "last": "Celniker", "suffix": ""}, {"first": "S", "middle": ["E"], "last": "Chervitz", "suffix": ""}, {"first": "S", "middle": ["A"], "last": "Coates", "suffix": ""}, {"first": "D", "middle": [], "last": "Cravchik", "suffix": ""}, {"first": "A", "middle": [], "last": "Gabrielian", "suffix": ""}, {"first": "A", "middle": [], "last": "Galle", "suffix": ""}, {"first": "R", "middle": ["F"], "last": "Gelbart", "suffix": ""}, {"first": "W", "middle": ["M"], "last": "George", "suffix": ""}, {"first": "R", "middle": ["A"], "last": "Goldstein", "suffix": ""}, {"first": "Lsb", "middle": [], "last": "Gong", "suffix": ""}, {"first": "F", "middle": [], "last": "Guan", "suffix": ""}, {"first": "P", "middle": [], "last": "Harris", "suffix": ""}, {"first": "N", "middle": ["L"], "last": "Hay", "suffix": ""}, {"first": "B", "middle": ["A"], "last": "Hoskins", "suffix": ""}, {"first": "R", "middle": ["A"], "last": "Li", "suffix": ""}, {"first": "J", "middle": [], "last": "Li", "suffix": ""}, {"first": "Z", "middle": [], "last": "Hynes", "suffix": ""}, {"first": "R", "middle": ["O"], "last": "Jones", "suffix": ""}, {"first": "Sjm", "middle": [], "last": "Kuehl", "suffix": ""}, {"first": "P", "middle": ["M"], "last": "Lemaitre", "suffix": ""}, {"first": "B", "middle": [], "last": "Littleton", "suffix": ""}, {"first": "J", "middle": ["T"], "last": "Morrison", "suffix": ""}, {"first": "D", "middle": ["K"], "last": "Mungall", "suffix": ""}, {"first": "C", "middle": [], "last": "Farrell", "suffix": ""}, {"first": "P", "middle": ["H"], "last": "Pickeral", "suffix": ""}, {"first": "O", "middle": ["K"], "last": "Shue", "suffix": ""}, {"first": "C", "middle": [], "last": "Vosshall", "suffix": ""}, {"first": "L", "middle": ["B"], "last": "Zhang", "suffix": ""}, {"first": "J", "middle": [], "last": "Zhao", "suffix": ""}, {"first": "Q", "middle": [], "last": "Zheng", "suffix": ""}, {"first": "X", "middle": ["H"], "last": "", "suffix": ""}, {"first": "Lewis", "middle": ["S"], "last": "", "suffix": ""}], "year": 2000, "venue": "Science", "volume": "287", "issn": "5461", "pages": "", "other_ids": {"DOI": ["10.1126/science.287.5461.2204"]}}, "BIBREF37": {"ref_id": "b37", "title": "Molecular cloning: a laboratory manual", "authors": [{"first": "J", "middle": [], "last": "Sambrook", "suffix": ""}, {"first": "E", "middle": ["F"], "last": "Fritsch", "suffix": ""}, {"first": "T", "middle": [], "last": "Maniatis", "suffix": ""}], "year": 1989, "venue": "", "volume": "", "issn": "", "pages": "", "other_ids": {}}, "BIBREF38": {"ref_id": "b38", "title": "Status and red list of Pakistan's mammals, based on conservation assessment and management plan for mammals", "authors": [{"first": "K", "middle": ["M"], "last": "Sheikh", "suffix": ""}, {"first": "S", "middle": [], "last": "Molur", "suffix": ""}], "year": 2005, "venue": "", "volume": "", "issn": "", "pages": "", "other_ids": {}}, "BIBREF39": {"ref_id": "b39", "title": "Inbreeding depression influences lifetime breeding success in a wild population of red deer (Cervus elaphus)", "authors": [{"first": "J", "middle": [], "last": "Slate", "suffix": ""}, {"first": "Leb", "middle": [], "last": "Kruuk", "suffix": ""}, {"first": "T", "middle": ["C"], "last": "Marshall", "suffix": ""}, {"first": "J", "middle": ["M"], "last": "Pemberton", "suffix": ""}, {"first": "T", "middle": ["H"], "last": "Clutton-Brock", "suffix": ""}], "year": 2000, "venue": "Proceedings of the Royal Society of London. Series B: Biological Sciences", "volume": "267", "issn": "", "pages": "", "other_ids": {"DOI": ["10.1098/rspb.2000.1192"]}}, "BIBREF40": {"ref_id": "b40", "title": "Survival rates and causes of mortality of leopards Panthera pardus in southern Africa", "authors": [{"first": "L", "middle": ["H"], "last": "Swanepoel", "suffix": ""}, {"first": "M", "middle": ["J"], "last": "Somers", "suffix": ""}, {"first": "W", "middle": ["H"], "last": "Van", "suffix": ""}, {"first": "M", "middle": [], "last": "Schiess-Meier", "suffix": ""}, {"first": "C", "middle": [], "last": "Owen", "suffix": ""}, {"first": "A", "middle": [], "last": "Snyman", "suffix": ""}, {"first": "Q", "middle": [], "last": "Martins", "suffix": ""}, {"first": "C", "middle": [], "last": "Senekal", "suffix": ""}, {"first": "G", "middle": [], "last": "Camacho", "suffix": ""}, {"first": "W", "middle": [], "last": "Boshoff", "suffix": ""}], "year": 2015, "venue": "Oryx", "volume": "49", "issn": "", "pages": "595--603", "other_ids": {"DOI": ["10.1017/S0030605313001282"]}}, "BIBREF41": {"ref_id": "b41", "title": "Noninvasive genetic sampling: look before you leap", "authors": [{"first": "P", "middle": [], "last": "Taberlet", "suffix": ""}, {"first": "L", "middle": ["P"], "last": "Waits", "suffix": ""}, {"first": "G", "middle": [], "last": "Luikart", "suffix": ""}], "year": 1999, "venue": "Trends in Ecology & Evolution", "volume": "14", "issn": "", "pages": "", "other_ids": {"DOI": ["10.1016/S0169-5347(99)01637-7"]}}, "BIBREF42": {"ref_id": "b42", "title": "Phosphorylation by p38 MAPK as an alternative pathway for GSK3\u03b2 inactivation", "authors": [{"first": "T", "middle": ["M"], "last": "Thornton", "suffix": ""}, {"first": "G", "middle": [], "last": "Pedraza-Alva", "suffix": ""}, {"first": "B", "middle": [], "last": "Deng", "suffix": ""}, {"first": "C", "middle": ["D"], "last": "Wood", "suffix": ""}, {"first": "A", "middle": [], "last": "Aronshtam", "suffix": ""}, {"first": "J", "middle": ["L"], "last": "Clements", "suffix": ""}, {"first": "G", "middle": [], "last": "Sabio", "suffix": ""}, {"first": "R", "middle": ["J"], "last": "Davis", "suffix": ""}, {"first": "D", "middle": ["E"], "last": "Matthews", "suffix": ""}, {"first": "B", "middle": [], "last": "Doble", "suffix": ""}, {"first": "M", "middle": [], "last": "Rincon", "suffix": ""}], "year": 2008, "venue": "Science", "volume": "320", "issn": "", "pages": "", "other_ids": {"DOI": ["10.1126/science.1156037"]}}, "BIBREF43": {"ref_id": "b43", "title": "Morphology and DNA barcoding reveal three cryptic species within the Xylophanes neoptolemus and loelia species-groups (Lepidoptera: Sphingidae)", "authors": [{"first": "T", "middle": [], "last": "Vaglia", "suffix": ""}, {"first": "J", "middle": [], "last": "Haxaire", "suffix": ""}, {"first": "I", "middle": ["J"], "last": "Kitching", "suffix": ""}, {"first": "I", "middle": [], "last": "Meusnier", "suffix": ""}, {"first": "R", "middle": [], "last": "Rougerie", "suffix": ""}], "year": 2008, "venue": "Zootaxa", "volume": "1923", "issn": "", "pages": "18--36", "other_ids": {"DOI": ["10.5281/zenodo.184748"]}}, "BIBREF44": {"ref_id": "b44", "title": "A universal protocol for the combined isolation of metabolites, DNA, long RNAs, small RNAs, and proteins from plants and microorganisms", "authors": [{"first": "L", "middle": [], "last": "Valledor", "suffix": ""}, {"first": "M", "middle": [], "last": "Escand\u00f3n", "suffix": ""}, {"first": "M", "middle": [], "last": "Meij\u00f3n", "suffix": ""}, {"first": "E", "middle": [], "last": "Nukarinen", "suffix": ""}, {"first": "J", "middle": ["C"], "last": "Mar\u00eda", "suffix": ""}, {"first": "W", "middle": [], "last": "Weckwerth", "suffix": ""}], "year": 2014, "venue": "Plant Journal", "volume": "79", "issn": "1", "pages": "", "other_ids": {"DOI": ["10.1111/tpj.12546"]}}, "BIBREF45": {"ref_id": "b45", "title": "Geochemistry of Mesozoic Mafic Rocks adjacent to the Chenzhou-Linwu fault, South China: implications for the Lithospheric boundary between the Yangtze and Cathaysia blocks", "authors": [{"first": "Y", "middle": [], "last": "Wang", "suffix": ""}, {"first": "W", "middle": [], "last": "Fan", "suffix": ""}, {"first": "F", "middle": [], "last": "Guo", "suffix": ""}, {"first": "T", "middle": [], "last": "Peng", "suffix": ""}, {"first": "C", "middle": [], "last": "Li", "suffix": ""}], "year": 2003, "venue": "International Geology Review", "volume": "45", "issn": "3", "pages": "263--286", "other_ids": {"DOI": ["10.2747/0020-6814.45.3.263"]}}, "BIBREF46": {"ref_id": "b46", "title": "Noninvasive physiological measures of disturbance in the northern spotted owl", "authors": [{"first": "S", "middle": ["K"], "last": "Wasser", "suffix": ""}, {"first": "K", "middle": [], "last": "Bevis", "suffix": ""}, {"first": "G", "middle": [], "last": "King", "suffix": ""}, {"first": "E", "middle": [], "last": "Hanson", "suffix": ""}], "year": 1997, "venue": "Conservation Biology", "volume": "11", "issn": "4", "pages": "", "other_ids": {"DOI": ["10.1046/j.1523-1739.1997.96240.x"]}}, "BIBREF47": {"ref_id": "b47", "title": "Sustainable trophy hunting of African lions", "authors": [{"first": "K", "middle": [], "last": "Whitman", "suffix": ""}, {"first": "A", "middle": ["M"], "last": "Starfield", "suffix": ""}, {"first": "H", "middle": ["S"], "last": "Quadling", "suffix": ""}, {"first": "C", "middle": [], "last": "Packer", "suffix": ""}], "year": 2004, "venue": "Nature", "volume": "428", "issn": "6979", "pages": "175--178", "other_ids": {"DOI": ["10.1038/nature02395"]}}, "BIBREF48": {"ref_id": "b48", "title": "American society of clinical oncology/college of American pathologists guideline recommendations for human epidermal growth factor receptor 2 testing in breast cancer", "authors": [{"first": "A", "middle": ["C"], "last": "Wolff", "suffix": ""}, {"first": "M", "middle": ["E"], "last": "Hammond", "suffix": ""}, {"first": "J", "middle": ["N"], "last": "Schwartz", "suffix": ""}, {"first": "K", "middle": ["L"], "last": "Hagerty", "suffix": ""}, {"first": "D", "middle": ["C"], "last": "Allred", "suffix": ""}, {"first": "R", "middle": ["J"], "last": "Cote", "suffix": ""}, {"first": "M", "middle": [], "last": "Dowsett", "suffix": ""}, {"first": "P", "middle": ["L"], "last": "Fitzgibbons", "suffix": ""}, {"first": "W", "middle": ["M"], "last": "Hanna", "suffix": ""}, {"first": "A", "middle": [], "last": "Langer", "suffix": ""}, {"first": "L", "middle": ["M"], "last": "Mcshane", "suffix": ""}, {"first": "S", "middle": [], "last": "Paik", "suffix": ""}, {"first": "M", "middle": ["D"], "last": "Pegram", "suffix": ""}, {"first": "E", "middle": ["A"], "last": "Perez", "suffix": ""}, {"first": "M", "middle": ["F"], "last": "Press", "suffix": ""}, {"first": "A", "middle": [], "last": "Rhodes", "suffix": ""}, {"first": "C", "middle": [], "last": "Sturgeon", "suffix": ""}, {"first": "S", "middle": ["E"], "last": "Taube", "suffix": ""}, {"first": "R", "middle": [], "last": "Tubbs", "suffix": ""}, {"first": "G", "middle": ["H"], "last": "Vance", "suffix": ""}, {"first": "M", "middle": [], "last": "Van De Vijver", "suffix": ""}, {"first": "T", "middle": ["M"], "last": "Wheeler", "suffix": ""}, {"first": "D", "middle": ["F"], "last": "Hayes", "suffix": ""}], "year": 2007, "venue": "Archives of Pathology & Laboratory Medicine", "volume": "131", "issn": "", "pages": "18--43", "other_ids": {}}, "BIBREF49": {"ref_id": "b49", "title": "MicroRNA-directed cleavage of HOXB8 mRNA", "authors": [{"first": "S", "middle": [], "last": "Yekta", "suffix": ""}, {"first": "I", "middle": [], "last": "Shih", "suffix": ""}, {"first": "D", "middle": ["P"], "last": "Bartel", "suffix": ""}], "year": 2004, "venue": "Science", "volume": "304", "issn": "5670", "pages": "594--596", "other_ids": {"DOI": ["10.1126/science.1097434"]}}}, "ref_entries": {"FIGREF0": {"text": "Map of sampling sites. Map of Gilgit-Baltistan showing locations of sampling sites (Map created using ArcGIS Desktop 10.6.1). Full-size \ue90d DOI: 10.7717/peerj.7672/fig-1", "latex": null, "type": "figure"}, "FIGREF1": {"text": "Amplified COI region (190 bp). Amplified COI region (190 bp) by using mini barcode primers; 1: DNA ladder, 2-7: Snow leopard amplified samples. Full-size \ue90d DOI: 10.7717/peerj.7672/fig-3", "latex": null, "type": "figure"}, "FIGREF2": {"text": "Representative gel plate showing isolated DNA from scat samples. 1-9: scat samples of snow leopard collected from wild, C: control sample from zoo. Full-size \ue90d DOI: 10.7717/peerj.7672/fig-2", "latex": null, "type": "figure"}, "FIGREF3": {"text": "Representative gel of amplified AMELY gene for sex identification. L: 100 bps DNA ladder; C: Control sample, Lane 1-14: amplified/non amplified PCR products.Full-size \ue90d DOI: 10.7717/peerj.7672/fig-4", "latex": null, "type": "figure"}, "FIGREF4": {"text": "Comparison between mean observed and mean expected heterozygosity in different populations.Full-size \ue90d DOI: 10.7717/peerj.7672/fig-5", "latex": null, "type": "figure"}, "FIGREF5": {"text": "Cluster analysis of five populations of snow leopard based on genetic distances. Full-size \ue90d DOI: 10.7717/peerj.7672/fig-Molecular variance (AMOVA) within and among individuals of snow leopard. Full-size \ue90d DOI: 10.7717/peerj.7672/fig-7", "latex": null, "type": "figure"}, "TABREF0": {"text": "DNA extraction from scat samples of snow leopard.", "latex": null, "type": "table", "html": "<html><body><table><tr><td>Methods </td><td>Extraction success rate (%) </td><td>Average quantity (ng/uL) </td><td>Quality (purity ratio)\n</td></tr><tr><td>Zhang </td><td>20 </td><td>1,156 </td><td>0.7-0.8\n</td></tr><tr><td>Phenol-Chloroform </td><td>50 </td><td>986 </td><td>&lt;1.2\n</td></tr><tr><td>Combined </td><td>67 </td><td>1,720 </td><td>1.6-1.8\n</td></tr></table></body></html>"}, "TABREF1": {"text": "Sex ratio of Snow Leopards. Sex ratio in five populations of Snow Leopard in Gilgit-Baltistan.", "latex": null, "type": "table", "html": "<html><body><table><tr><td>Population </td><td>Males </td><td>Females </td><td>Sex ratio (Male:Female)\n</td></tr><tr><td>Shagarthang valley </td><td>8 </td><td>4 </td><td>2:1\n</td></tr><tr><td>Basho valley </td><td>3 </td><td>2 </td><td>3:2\n</td></tr><tr><td>Thally valley </td><td>3 </td><td>3 </td><td>1:1\n</td></tr><tr><td>Kharkoo valley </td><td>4 </td><td>2 </td><td>2:1\n</td></tr><tr><td>Astore valley </td><td>3 </td><td>1 </td><td>3:1\n</td></tr></table></body></html>"}, "TABREF2": {"text": "Allelic frequency and Shannon index among populations. Allelic frequency and Shannon index among five different populations of snow leopard.", "latex": null, "type": "table", "html": "<html><body><table><tr><td>Population </td><td>Sample size (#) </td><td>No. of alleles </td><td>Allele frequency </td><td>Mean Shannon index (I)\n</td></tr><tr><td>Shagarthang </td><td>12 </td><td>44 </td><td>0.05-0.61 </td><td>1.58\n</td></tr><tr><td>Basho </td><td>5 </td><td>26 </td><td>0.10-0.70 </td><td>1.17\n</td></tr><tr><td>Thally </td><td>6 </td><td>33 </td><td>0.12-0.62 </td><td>1.38\n</td></tr><tr><td>Kharkoo </td><td>6 </td><td>25 </td><td>0.16-0.66 </td><td>1.17\n</td></tr><tr><td>Astore </td><td>4 </td><td>27 </td><td>0.12-0.75 </td><td>1.18\n</td></tr></table></body></html>"}, "TABREF3": {"text": "Amplified alleles for different SSR markers. Amplified alleles for different SSR markers in comparison with Jane\u010dka et al. (2008) study.", "latex": null, "type": "table", "html": "<html><body><table><tr><td>Markers </td><td>Alleles (#)\n</td><td>Allele size (bp)\n</td><td>\u00a0</td></tr><tr><td>\u00a0</td><td>\u00a0</td><td>Present study </td><td>Janecka et al.\n</td></tr><tr><td>PUN82 </td><td>6 </td><td>100-180 </td><td>110-115\n</td></tr><tr><td>PUN100 </td><td>10 </td><td>90-150 </td><td>88-96\n</td></tr><tr><td>PUN124 </td><td>13 </td><td>90-200 </td><td>99-100\n</td></tr><tr><td>PUN132 </td><td>11 </td><td>90-190 </td><td>113-123\n</td></tr><tr><td>PUN225 </td><td>14 </td><td>100-220 </td><td>177-183\n</td></tr><tr><td>PUN229 </td><td>7 </td><td>90-110 </td><td>103-113\n</td></tr><tr><td>PUN327 </td><td>7 </td><td>90-135 </td><td>79-91\n</td></tr><tr><td>Overall </td><td>68 </td><td>90-220 </td><td>79-183\n</td></tr></table></body></html>"}, "TABREF4": {"text": "Fixation indices and gene flow between populations. Fixation indices along with the gene flow between five snow lieoard populations of Gilgit-Baltistan.", "latex": null, "type": "table"}, "TABREF5": {"text": "Genetic distances Nei's diversity indices (above) and genetic distances (below).", "latex": null, "type": "table", "html": "<html><body><table><tr><td>Population </td><td>Shagarthang </td><td>Basho </td><td>Thally </td><td>Karkoo </td><td>Astore\n</td></tr><tr><td>Shagarthang </td><td>- </td><td>0.67 </td><td>0.70 </td><td>0.73 </td><td>0.70\n</td></tr><tr><td>Basho </td><td>0.39 </td><td>- </td><td>0.71 </td><td>0.56 </td><td>0.56\n</td></tr><tr><td>Thally </td><td>0.34 </td><td>0.33 </td><td>- </td><td>0.66 </td><td>0.78\n</td></tr><tr><td>Karkoo </td><td>0.30 </td><td>0.57 </td><td>0.40 </td><td>- </td><td>0.81\n</td></tr><tr><td>Astore </td><td>0.35 </td><td>0.56 </td><td>0.24 </td><td>0.20 </td><td>-\n</td></tr></table></body></html>"}, "TABREF6": {"text": "Table 5 Fixation indices and gene fl ow between populations.", "latex": null, "type": "table", "html": "<html><body><table><tr><td>Locus </td><td>Average deviation in populations (Fis)\n</td><td>Deviation in total population (Fit)\n</td><td>Genetic differentiation (Fst)\n</td><td>Gene\nlow (Nm)\nf</td></tr><tr><td>PUN82 </td><td>0.26 </td><td>0.32 </td><td>0.07 </td><td>3.21\n</td></tr><tr><td>PUN100 </td><td>0.54 </td><td>0.61 </td><td>0.15 </td><td>1.40\n</td></tr><tr><td>PUN124 </td><td>0.64 </td><td>0.67 </td><td>0.10 </td><td>2.21\n</td></tr><tr><td>PUN225 </td><td>0.45 </td><td>0.56 </td><td>0.19 </td><td>1.05\n</td></tr><tr><td>PUN229 </td><td>\u22120.00 </td><td>0.05 </td><td>0.06 </td><td>3.87\n</td></tr><tr><td>PUN327 </td><td>0.169 </td><td>0.31 </td><td>0.17 </td><td>1.18\n</td></tr><tr><td>PUN132 </td><td>0.56 </td><td>0.63 </td><td>0.15 </td><td>1.33\n</td></tr><tr><td>Mean </td><td>0.38 </td><td>0.46 </td><td>0.13 </td><td>1.65\n</td></tr></table></body></html>"}}, "back_matter": [{"text": "We thank Dr. A. Mian for critical review of the manuscript. We would also like to thank the officials and technical staff of GB Wildlife Department for assistance in sample collection.", "cite_spans": [], "ref_spans": [], "section": "ACKNOWLEDGEMENTS"}, {"text": "The authors received no funding from any external source for this work. This study was financially and technically supported by the Centre for Bioresource Research (CBR), Islamabad, Pakistan. The funders had no role in study design, data collection and analysis, decision to publish, or preparation of the manuscript.", "cite_spans": [], "ref_spans": [], "section": "ADDITIONAL INFORMATION AND DECLARATIONS Funding"}, {"text": "The following grant information was disclosed by the authors: Centre for Bioresource Research (CBR), Islamabad, Pakistan.", "cite_spans": [], "ref_spans": [], "section": "Grant Disclosures"}, {"text": "The authors declare that they have no competing interests.", "cite_spans": [], "ref_spans": [], "section": "Competing Interests"}]}