{
    "paper_id": "008de3c7497993786b98389a32bf747d95c7cde7",
    "metadata": {
        "title": "Meta-analysis Comparing Outcomes in Patients With and Without Cardiac Injury and Coronavirus Disease 2019 (COVID 19) Meta-analysis Comparing Outcomes in Patients With and Without Cardiac Injury and Meta-analysis Comparing Outcomes in Patients With and Without Cardiac Injury and Coronavirus Disease 2019 (COVID 19)",
        "authors": [
            {
                "first": "Agam",
                "middle": [],
                "last": "Bansal",
                "suffix": "",
                "affiliation": {},
                "email": ""
            },
            {
                "first": "Ashish",
                "middle": [],
                "last": "Kumar",
                "suffix": "",
                "affiliation": {},
                "email": ""
            },
            {
                "first": "Patel",
                "middle": [],
                "last": "Md",
                "suffix": "",
                "affiliation": {},
                "email": ""
            },
            {
                "first": "Rishi",
                "middle": [],
                "last": "Puri",
                "suffix": "",
                "affiliation": {},
                "email": ""
            },
            {
                "first": "Ankur",
                "middle": [],
                "last": "Kalra",
                "suffix": "",
                "affiliation": {},
                "email": ""
            },
            {
                "first": "Samir",
                "middle": [
                    "R"
                ],
                "last": "Kapadia",
                "suffix": "",
                "affiliation": {},
                "email": ""
            },
            {
                "first": "Grant",
                "middle": [
                    "W"
                ],
                "last": "Reed",
                "suffix": "",
                "affiliation": {},
                "email": "reedg2@ccf.org"
            },
            {
                "first": "",
                "middle": [],
                "last": "Patel",
                "suffix": "",
                "affiliation": {},
                "email": ""
            },
            {
                "first": "R",
                "middle": [],
                "last": "Kapadia",
                "suffix": "",
                "affiliation": {},
                "email": ""
            },
            {
                "first": "Grant",
                "middle": [],
                "last": "Reed",
                "suffix": "",
                "affiliation": {},
                "email": ""
            }
        ]
    },
    "abstract": [
        {
            "text": "Current evidence is limited to small studies describing the association between cardiac injury and outcomes in patients with COVID-19. To address this, we performed a comprehensive meta-analysis of studies in COVID-19 patients to evaluate the association between cardiac injury and all-cause mortality, intensive care unit (ICU) admission, mechanical ventilation, acute respiratory distress syndrome (ARDS), acute kidney injury (AKI) and coagulopathy.",
            "cite_spans": [],
            "ref_spans": [],
            "section": "Abstract"
        },
        {
            "text": "Further, studies comparing cardiac biomarker levels in survivors versus non-survivors were included. A total of 14 studies (3175 patients) were utilized for the final analysis. Cardiac 2 injury in patients with COVID-19 was associated with higher risk of mortality [RR:7.79 ; 95%CI: 4.69-13.01; I 2 =58%], ICU admission [RR: 4.06; 95%CI: 1.50-10.97; I 2 =61%], mechanical ventilation [RR: 5.53; 95%CI: 3.09-9.91; I 2 =0%], and developing coagulopathy [RR: 3.86 ; 95%CI:2.81-5.32; I 2 =0%]. However, cardiac injury was not associated with increased risk of ARDS [RR:3.22 ; 95%CI:0.72-14.47; I 2 =73%] or AKI [RR: 11.52 , 95%CI:0.03-4159.80; I 2 =0%]. The levels of hs-cTnI [MD:34.54 pg/ml ;95%CI: 24.67-44.40 pg/ml; I 2 =88%] , myoglobin [MD:186.81 ng/ml ;95% CI: 121.52-252.10 ng/ml; I 2 =88%], NT-pro BNP [MD:1183.55 pg/ml ; 95% CI: 520.19-1846.91 pg/ml: I 2 =96%] and CK-MB [MD:2.49 ng/ml ;95% CI: 1.86-3.12 ng/ml; I 2 =90%] were significantly elevated in nonsurvivors compared with survivors with COVID-19 infection. The results of this metaanalysis suggest that cardiac injury is associated with higher mortality, ICU admission, mechanical ventilation and coagulopathy in patients with COVID-19.",
            "cite_spans": [],
            "ref_spans": [],
            "section": "Abstract"
        }
    ],
    "body_text": [
        {
            "text": "The 2019 novel coronavirus (2019-nCoV)/severe acute respiratory syndrome coronavirus 2 (SARS-CoV-2), or COVID-19, was declared as a global pandemic on March 11 th , 2020 1 . As of June 17 th , 2020, COVID-19 has infected more than 8 million individuals with over 416,000 fatalities worldwide 2 . It has been reported that in up to 5% of infected patients, the disease may progress to a critical form manifesting as hypoxic respiratory failure, multiorgan dysfunction or shock, and approximately 2.5% of infected individuals have died from the infection 3 . Acute cardiac injury in patients infected with COVID-19 has been associated with increased risk of all-cause mortality, intensive care unit (ICU) admission, and developing severe COVID-19 infection [4] [5] [6] . However, most studies of outcomes in patients with cardiac injury and COVID-19 have been small, and limited in scope. Further delineation of outcomes with cardiac injury via pooled analysis may be important, as laboratory predictors of clinical deterioration can help stratify risk and assist in appropriate triaging and resource utilization. We therefore systematically reviewed the current scientific literature to perform a meta-analysis determining the association between acute cardiac injury and mortality, ICU admission, ARDS, mechanical ventilation, AKI and coagulopathy in patients with COVID-19.",
            "cite_spans": [
                {
                    "start": 553,
                    "end": 554,
                    "text": "3",
                    "ref_id": "BIBREF1"
                },
                {
                    "start": 755,
                    "end": 758,
                    "text": "[4]",
                    "ref_id": null
                },
                {
                    "start": 759,
                    "end": 762,
                    "text": "[5]",
                    "ref_id": "BIBREF5"
                },
                {
                    "start": 763,
                    "end": 766,
                    "text": "[6]",
                    "ref_id": "BIBREF6"
                }
            ],
            "ref_spans": [],
            "section": "INTRODUCTION"
        },
        {
            "text": "We carried out an electronic systematic search in Medline (PubMed), Embase, Google Scholar, Cochrane database and medRxiv databases using the keywords \"Coronavirus 2019\" OR \"COVID 19\" OR \"SARS-CoV-2\" OR \"severe acute respiratory syndrome coronavirus 2\" OR \"2019-nCoV\" AND \"acute cardiac injury\" OR \"cardiovascular disease\" OR \"cardiac biomarkers\" OR \"troponin\" or \"high-sensitivity cardiac troponins\" or \"hs-cTnI\" or \"creatine kinase\" or \"CK-MB\" OR \"BNP\" OR \"NT-pro BNP\" OR \"myoglobin\" between 2019 and June 17, 2020.",
            "cite_spans": [],
            "ref_spans": [],
            "section": "METHODS"
        },
        {
            "text": "The study was performed in accordance with Preferred Reporting Items for Systematic Reviews and Meta-Analyses statement (PRISMA) guidelines [ Figure 1 ]. After removing duplicates, the title and abstracts were independently screened by two authors (AB and RPP). We included the studies reporting cardiac injury associated outcomes defined as either all-cause mortality, ICU admission, ARDS, mechanical ventilation, AKI or coagulopathy, studies with information on cardiac biomarkers (hs-cTnI, myoglobin, CK-MB, NT-pro BNP) in survivors compared with non-survivors of COVID-19 infection. Articles other than original research (i.e. review articles, case reports, letter to editor, editorial or commentaries), duplicate publications and non-English publications were excluded from the analysis. Full texts of the included studies were then reviewed independently by two authors (AB and AK) and data were extracted. Any discrepancies were resolved by the consensus of the authors. To ensure that no potentially important studies were missed, the reference lists from the retrieved articles were also checked.",
            "cite_spans": [],
            "ref_spans": [
                {
                    "start": 142,
                    "end": 150,
                    "text": "Figure 1",
                    "ref_id": "FIGREF3"
                }
            ],
            "section": "METHODS"
        },
        {
            "text": "The following data were collected from each study: author name, year published, country where the study was performed, study design, age, definition of cardiac injury, mean/median cardiac biomarker levels in survivors versus non survivors, following event rates in COVID-19 patients with cardiac injury compared with patients without cardiac injury, all-cause mortality, ICU admission, ARDS, mechanical ventilation, AKI and coagulopathy. The definition of cardiac injury was as per individual studies included. In the studies included, ARDS was defined according to the Berlin definition and AKI was defined according to the Kidney disease: Improving Global Outcomes definition 7, 8 .",
            "cite_spans": [
                {
                    "start": 678,
                    "end": 680,
                    "text": "7,",
                    "ref_id": "BIBREF7"
                },
                {
                    "start": 681,
                    "end": 682,
                    "text": "8",
                    "ref_id": "BIBREF8"
                }
            ],
            "ref_spans": [],
            "section": "METHODS"
        },
        {
            "text": "Hartung-Knapp-Sidik-Jonkmanthe adjustment to calculate risk ratio (RR) with 95% confidence interval (CI), and inverse variance method with DerSimonian-Laird (DL) method to calculate mean difference (MD) with 95% confidence interval (CI). When the study didn't report mean and the standard deviation, the same were extrapolated from the sample size, median and interquartile range (Q1-Q3) as per Hozo et al. 9 . I 2 statistic was used to assess the heterogeneity between studies. Funnel plot was used to assess publication bias. All statistical analysis was carried out using R version 3.6.3.",
            "cite_spans": [
                {
                    "start": 407,
                    "end": 408,
                    "text": "9",
                    "ref_id": "BIBREF9"
                }
            ],
            "ref_spans": [],
            "section": "We used inverse variance method with Paule-Mandel (PM) estimator of tau2 and"
        },
        {
            "text": "Our systematic electronic search retrieved 39 publications after the initial screening of titles and abstracts. Subsequently, 25 studies were excluded, yielding 14 studies 4,10-22 that met the inclusion criteria for studies comparing outcomes in COVID-19 patients with cardiac injury or studies comparing levels of cardiac biomarkers in survivors and non-survivors In total, 8 studies 4, [11] [12] [13] [14] [15] [16] 20 were included for the association of cardiac injury with mortality, 4 studies for ICU admission 3,10,14,22 2 studies for mechanical ventilation 18, 20 , 3 studies for ARDS 14, 18, 20 and 2 studies each for AKI 18, 20 and coagulopathy 18, 20 . With respect to cardiac biomarkers in survivors versus non survivors, 9 studies [11] [12] [13] [15] [16] [17] [18] [19] 21 were included for hs-cTnI and 3 studies each for myoglobin [17] [18] [19] , NT-pro BNP 12, 15, 18 and CK-MB 171821 . Table 1 elucidates the characteristics of the included studies. The present meta-analysis included a total of 3175 patients from 14 studies. A funnel plot assessing publication bias of studies reporting all-cause mortality associated with cardiac injury in COVID patient, indicated that there was no publication bias in our results [ Figure 5 ].",
            "cite_spans": [
                {
                    "start": 385,
                    "end": 387,
                    "text": "4,",
                    "ref_id": null
                },
                {
                    "start": 388,
                    "end": 392,
                    "text": "[11]",
                    "ref_id": "BIBREF12"
                },
                {
                    "start": 393,
                    "end": 397,
                    "text": "[12]",
                    "ref_id": "BIBREF13"
                },
                {
                    "start": 398,
                    "end": 402,
                    "text": "[13]",
                    "ref_id": null
                },
                {
                    "start": 403,
                    "end": 407,
                    "text": "[14]",
                    "ref_id": "BIBREF16"
                },
                {
                    "start": 408,
                    "end": 412,
                    "text": "[15]",
                    "ref_id": null
                },
                {
                    "start": 413,
                    "end": 417,
                    "text": "[16]",
                    "ref_id": null
                },
                {
                    "start": 418,
                    "end": 420,
                    "text": "20",
                    "ref_id": null
                },
                {
                    "start": 565,
                    "end": 568,
                    "text": "18,",
                    "ref_id": null
                },
                {
                    "start": 569,
                    "end": 571,
                    "text": "20",
                    "ref_id": null
                },
                {
                    "start": 593,
                    "end": 596,
                    "text": "14,",
                    "ref_id": "BIBREF16"
                },
                {
                    "start": 597,
                    "end": 600,
                    "text": "18,",
                    "ref_id": null
                },
                {
                    "start": 601,
                    "end": 603,
                    "text": "20",
                    "ref_id": null
                },
                {
                    "start": 631,
                    "end": 634,
                    "text": "18,",
                    "ref_id": null
                },
                {
                    "start": 635,
                    "end": 637,
                    "text": "20",
                    "ref_id": null
                },
                {
                    "start": 655,
                    "end": 658,
                    "text": "18,",
                    "ref_id": null
                },
                {
                    "start": 659,
                    "end": 661,
                    "text": "20",
                    "ref_id": null
                },
                {
                    "start": 744,
                    "end": 748,
                    "text": "[11]",
                    "ref_id": "BIBREF12"
                },
                {
                    "start": 749,
                    "end": 753,
                    "text": "[12]",
                    "ref_id": "BIBREF13"
                },
                {
                    "start": 754,
                    "end": 758,
                    "text": "[13]",
                    "ref_id": null
                },
                {
                    "start": 759,
                    "end": 763,
                    "text": "[15]",
                    "ref_id": null
                },
                {
                    "start": 764,
                    "end": 768,
                    "text": "[16]",
                    "ref_id": null
                },
                {
                    "start": 769,
                    "end": 773,
                    "text": "[17]",
                    "ref_id": "BIBREF21"
                },
                {
                    "start": 774,
                    "end": 778,
                    "text": "[18]",
                    "ref_id": null
                },
                {
                    "start": 779,
                    "end": 783,
                    "text": "[19]",
                    "ref_id": null
                },
                {
                    "start": 784,
                    "end": 786,
                    "text": "21",
                    "ref_id": null
                },
                {
                    "start": 846,
                    "end": 850,
                    "text": "[17]",
                    "ref_id": "BIBREF21"
                },
                {
                    "start": 851,
                    "end": 855,
                    "text": "[18]",
                    "ref_id": null
                },
                {
                    "start": 856,
                    "end": 860,
                    "text": "[19]",
                    "ref_id": null
                },
                {
                    "start": 874,
                    "end": 877,
                    "text": "12,",
                    "ref_id": "BIBREF13"
                },
                {
                    "start": 878,
                    "end": 881,
                    "text": "15,",
                    "ref_id": null
                },
                {
                    "start": 882,
                    "end": 884,
                    "text": "18",
                    "ref_id": null
                }
            ],
            "ref_spans": [
                {
                    "start": 904,
                    "end": 911,
                    "text": "Table 1",
                    "ref_id": "TABREF0"
                },
                {
                    "start": 1238,
                    "end": 1246,
                    "text": "Figure 5",
                    "ref_id": "FIGREF7"
                }
            ],
            "section": "RESULTS"
        },
        {
            "text": "In the present meta-analysis, acute cardiac injury in patients with COVID-19 infection was associated with increased risk of all-cause mortality, ICU admission, need for mechanical ventilation and development of coagulopathy. In addition, the levels of cardiac biomarkers (hs-cTnI, myoglobin, NT-pro BNP and CK-MB) were significantly elevated in COVID 19 non-survivors compared with survivors. Cardiac injury was however not associated with an increased risk of ARDS or AKI.",
            "cite_spans": [],
            "ref_spans": [],
            "section": "DISCUSSION"
        },
        {
            "text": "There are several plausible mechanisms for myocardial injury in COVID-19 patients. This meta-analysis has certain limitations. All of the studies were retrospective in design, were from a single country (China), and few studies were from preprint servers. Also, there was a significant heterogeneity in the reported results likely due to the varied definitions of cardiac injury among the included studies. As such, we were unable to determine whether there is a threshold value for individual cardiac biomarker levels which could be used to predict outcomes.",
            "cite_spans": [],
            "ref_spans": [],
            "section": "DISCUSSION"
        },
        {
            "text": "In conclusion, the results of this meta-analysis suggest that cardiac biomarkers hs- ",
            "cite_spans": [],
            "ref_spans": [],
            "section": "DISCUSSION"
        }
    ],
    "bib_entries": {
        "BIBREF0": {
            "ref_id": "b0",
            "title": "Coronavirus Disease (COVID-19) Situation Reports",
            "authors": [
                {
                    "first": "",
                    "middle": [],
                    "last": "Anon",
                    "suffix": ""
                }
            ],
            "year": null,
            "venue": "",
            "volume": "",
            "issn": "",
            "pages": "",
            "other_ids": {}
        },
        "BIBREF1": {
            "ref_id": "b1",
            "title": "Clinical Characteristics of 138 Hospitalized Patients With 2019 Novel Coronavirus-Infected Pneumonia in Wuhan, China",
            "authors": [
                {
                    "first": "D",
                    "middle": [],
                    "last": "Wang",
                    "suffix": ""
                },
                {
                    "first": "B",
                    "middle": [],
                    "last": "Hu",
                    "suffix": ""
                },
                {
                    "first": "C",
                    "middle": [],
                    "last": "Hu",
                    "suffix": ""
                },
                {
                    "first": "F",
                    "middle": [],
                    "last": "Zhu",
                    "suffix": ""
                },
                {
                    "first": "X",
                    "middle": [],
                    "last": "Liu",
                    "suffix": ""
                },
                {
                    "first": "J",
                    "middle": [],
                    "last": "Zhang",
                    "suffix": ""
                },
                {
                    "first": "B",
                    "middle": [],
                    "last": "Wang",
                    "suffix": ""
                },
                {
                    "first": "H",
                    "middle": [],
                    "last": "Xiang",
                    "suffix": ""
                },
                {
                    "first": "Z",
                    "middle": [],
                    "last": "Cheng",
                    "suffix": ""
                },
                {
                    "first": "Y",
                    "middle": [],
                    "last": "Xiong",
                    "suffix": ""
                },
                {
                    "first": "Y",
                    "middle": [],
                    "last": "Zhao",
                    "suffix": ""
                },
                {
                    "first": "Y",
                    "middle": [],
                    "last": "Li",
                    "suffix": ""
                },
                {
                    "first": "X",
                    "middle": [],
                    "last": "Wang",
                    "suffix": ""
                },
                {
                    "first": "Z",
                    "middle": [],
                    "last": "Peng",
                    "suffix": ""
                }
            ],
            "year": 2020,
            "venue": "JAMA",
            "volume": "323",
            "issn": "",
            "pages": "1061--1069",
            "other_ids": {
                "DOI": [
                    "10.1001/jama.2020.1585"
                ]
            }
        },
        "BIBREF4": {
            "ref_id": "b4",
            "title": "Association of Cardiac Injury with Mortality in Hospitalized Patients with COVID-19 in Wuhan, China",
            "authors": [],
            "year": 2020,
            "venue": "JAMA Cardiol",
            "volume": "",
            "issn": "",
            "pages": "",
            "other_ids": {}
        },
        "BIBREF5": {
            "ref_id": "b5",
            "title": "Cardiac injury is associated with mortality and critically ill pneumonia in COVID-19: A meta-analysis",
            "authors": [
                {
                    "first": "A",
                    "middle": [],
                    "last": "Santoso",
                    "suffix": ""
                },
                {
                    "first": "R",
                    "middle": [],
                    "last": "Pranata",
                    "suffix": ""
                },
                {
                    "first": "A",
                    "middle": [],
                    "last": "Wibowo",
                    "suffix": ""
                },
                {
                    "first": "M",
                    "middle": [
                        "J"
                    ],
                    "last": "Al-Farabi",
                    "suffix": ""
                },
                {
                    "first": "I",
                    "middle": [],
                    "last": "Huang",
                    "suffix": ""
                },
                {
                    "first": "B",
                    "middle": [],
                    "last": "Antariksa",
                    "suffix": ""
                }
            ],
            "year": 2020,
            "venue": "Am J Emerg Med",
            "volume": "",
            "issn": "",
            "pages": "",
            "other_ids": {}
        },
        "BIBREF6": {
            "ref_id": "b6",
            "title": "Cardiac troponin I in patients with coronavirus disease 2019 (COVID-19): Evidence from a meta-analysis",
            "authors": [
                {
                    "first": "G",
                    "middle": [
                        "L"
                    ],
                    "last": "",
                    "suffix": ""
                },
                {
                    "first": "C",
                    "middle": [
                        "J L"
                    ],
                    "last": "",
                    "suffix": ""
                },
                {
                    "first": "F",
                    "middle": [],
                    "last": "S-G",
                    "suffix": ""
                },
                {
                    "first": "G",
                    "middle": [],
                    "last": "Lippi",
                    "suffix": ""
                },
                {
                    "first": "C",
                    "middle": [
                        "J"
                    ],
                    "last": "Lavie",
                    "suffix": ""
                },
                {
                    "first": "F",
                    "middle": [],
                    "last": "Sanchis-Gomar",
                    "suffix": ""
                },
                {
                    "first": "G",
                    "middle": [
                        "L"
                    ],
                    "last": "",
                    "suffix": ""
                },
                {
                    "first": "C",
                    "middle": [
                        "J L"
                    ],
                    "last": "",
                    "suffix": ""
                },
                {
                    "first": "F",
                    "middle": [],
                    "last": "S-G",
                    "suffix": ""
                }
            ],
            "year": 2020,
            "venue": "Prog Cardiovasc Dis",
            "volume": "",
            "issn": "",
            "pages": "",
            "other_ids": {}
        },
        "BIBREF7": {
            "ref_id": "b7",
            "title": "Acute Respiratory Distress Syndrome: The Berlin Definition",
            "authors": [
                {
                    "first": "*",
                    "middle": [],
                    "last": "Force",
                    "suffix": ""
                },
                {
                    "first": "",
                    "middle": [],
                    "last": "Tadt",
                    "suffix": ""
                }
            ],
            "year": 2012,
            "venue": "JAMA",
            "volume": "307",
            "issn": "",
            "pages": "2526--2533",
            "other_ids": {
                "DOI": [
                    "10.1001/jama.2012.5669"
                ]
            }
        },
        "BIBREF8": {
            "ref_id": "b8",
            "title": "Diagnosis, evaluation, and management of acute kidney injury: a KDIGO summary (Part 1)",
            "authors": [
                {
                    "first": "J",
                    "middle": [
                        "A"
                    ],
                    "last": "Kellum",
                    "suffix": ""
                },
                {
                    "first": "N",
                    "middle": [],
                    "last": "Lameire",
                    "suffix": ""
                },
                {
                    "first": "Kakigw",
                    "middle": [],
                    "last": "Group",
                    "suffix": ""
                }
            ],
            "year": 2013,
            "venue": "Crit Care",
            "volume": "17",
            "issn": "",
            "pages": "",
            "other_ids": {}
        },
        "BIBREF9": {
            "ref_id": "b9",
            "title": "Estimating the mean and variance from the median, range, and the size of a sample",
            "authors": [
                {
                    "first": "S",
                    "middle": [
                        "P"
                    ],
                    "last": "Hozo",
                    "suffix": ""
                },
                {
                    "first": "B",
                    "middle": [],
                    "last": "Djulbegovic",
                    "suffix": ""
                },
                {
                    "first": "I",
                    "middle": [],
                    "last": "Hozo",
                    "suffix": ""
                }
            ],
            "year": 2005,
            "venue": "BMC Med Res Methodol",
            "volume": "5",
            "issn": "13",
            "pages": "",
            "other_ids": {
                "DOI": [
                    "10.1186/1471-2288-5-13"
                ]
            }
        },
        "BIBREF11": {
            "ref_id": "b11",
            "title": "Clinical features of patients infected with",
            "authors": [
                {
                    "first": "J",
                    "middle": [],
                    "last": "",
                    "suffix": ""
                },
                {
                    "first": "Wei",
                    "middle": [
                        "Y"
                    ],
                    "last": "Wu",
                    "suffix": ""
                },
                {
                    "first": "W",
                    "middle": [],
                    "last": "Xie",
                    "suffix": ""
                },
                {
                    "first": "X",
                    "middle": [],
                    "last": "Yin",
                    "suffix": ""
                },
                {
                    "first": "W",
                    "middle": [],
                    "last": "Li",
                    "suffix": ""
                },
                {
                    "first": "H",
                    "middle": [],
                    "last": "Liu",
                    "suffix": ""
                },
                {
                    "first": "M",
                    "middle": [],
                    "last": "Xiao",
                    "suffix": ""
                },
                {
                    "first": "Y",
                    "middle": [],
                    "last": "Gao",
                    "suffix": ""
                },
                {
                    "first": "H",
                    "middle": [],
                    "last": "Guo",
                    "suffix": ""
                },
                {
                    "first": "L",
                    "middle": [],
                    "last": "Xie",
                    "suffix": ""
                },
                {
                    "first": "J",
                    "middle": [],
                    "last": "Wang",
                    "suffix": ""
                },
                {
                    "first": "G",
                    "middle": [],
                    "last": "Jiang",
                    "suffix": ""
                },
                {
                    "first": "R",
                    "middle": [],
                    "last": "Gao",
                    "suffix": ""
                },
                {
                    "first": "Z",
                    "middle": [],
                    "last": "",
                    "suffix": ""
                },
                {
                    "first": "Jin",
                    "middle": [
                        "Q"
                    ],
                    "last": "Wang",
                    "suffix": ""
                },
                {
                    "first": "J",
                    "middle": [],
                    "last": "Cao",
                    "suffix": ""
                },
                {
                    "first": "B",
                    "middle": [],
                    "last": "",
                    "suffix": ""
                }
            ],
            "year": 2019,
            "venue": "Lancet",
            "volume": "395",
            "issn": "",
            "pages": "497--506",
            "other_ids": {}
        },
        "BIBREF12": {
            "ref_id": "b12",
            "title": "Clinical features of critically ill patients with COVID-19 infection in China",
            "authors": [
                {
                    "first": "B",
                    "middle": [],
                    "last": "Hu",
                    "suffix": ""
                },
                {
                    "first": "D",
                    "middle": [],
                    "last": "Wang",
                    "suffix": ""
                },
                {
                    "first": "C",
                    "middle": [],
                    "last": "Hu",
                    "suffix": ""
                },
                {
                    "first": "M",
                    "middle": [],
                    "last": "Hu",
                    "suffix": ""
                },
                {
                    "first": "F",
                    "middle": [],
                    "last": "Zhu",
                    "suffix": ""
                },
                {
                    "first": "H",
                    "middle": [],
                    "last": "Xiang",
                    "suffix": ""
                },
                {
                    "first": "B",
                    "middle": [],
                    "last": "Zhao",
                    "suffix": ""
                },
                {
                    "first": "X",
                    "middle": [],
                    "last": "Zhang",
                    "suffix": ""
                },
                {
                    "first": "K",
                    "middle": [],
                    "last": "Kashani",
                    "suffix": ""
                },
                {
                    "first": "Z",
                    "middle": [],
                    "last": "Peng",
                    "suffix": ""
                }
            ],
            "year": 2020,
            "venue": "",
            "volume": "",
            "issn": "",
            "pages": "",
            "other_ids": {}
        },
        "BIBREF13": {
            "ref_id": "b13",
            "title": "Radiographic Findings and other Predictors in Adults with Covid-19",
            "authors": [
                {
                    "first": "K",
                    "middle": [],
                    "last": "Li",
                    "suffix": ""
                },
                {
                    "first": "D",
                    "middle": [],
                    "last": "Chen",
                    "suffix": ""
                },
                {
                    "first": "S",
                    "middle": [],
                    "last": "Chen",
                    "suffix": ""
                },
                {
                    "first": "Y",
                    "middle": [],
                    "last": "Feng",
                    "suffix": ""
                },
                {
                    "first": "C",
                    "middle": [],
                    "last": "Chang",
                    "suffix": ""
                },
                {
                    "first": "Z",
                    "middle": [],
                    "last": "Wang",
                    "suffix": ""
                },
                {
                    "first": "N",
                    "middle": [],
                    "last": "Wang",
                    "suffix": ""
                },
                {
                    "first": "G",
                    "middle": [],
                    "last": "Zhen",
                    "suffix": ""
                }
            ],
            "year": null,
            "venue": "",
            "volume": "",
            "issn": "",
            "pages": "",
            "other_ids": {}
        },
        "BIBREF15": {
            "ref_id": "b15",
            "title": "Characteristics of patients with COVID-19 during epidemic ongoing outbreak in Wuhan",
            "authors": [
                {
                    "first": "B",
                    "middle": [],
                    "last": "",
                    "suffix": ""
                }
            ],
            "year": 2003,
            "venue": "",
            "volume": "",
            "issn": "",
            "pages": "",
            "other_ids": {}
        },
        "BIBREF16": {
            "ref_id": "b16",
            "title": "Heart injury signs are associated with higher and earlier mortality in coronavirus disease",
            "authors": [
                {
                    "first": "C",
                    "middle": [],
                    "last": "Wu",
                    "suffix": ""
                },
                {
                    "first": "X",
                    "middle": [],
                    "last": "Hu",
                    "suffix": ""
                },
                {
                    "first": "J",
                    "middle": [],
                    "last": "Song",
                    "suffix": ""
                },
                {
                    "first": "C",
                    "middle": [],
                    "last": "Du",
                    "suffix": ""
                },
                {
                    "first": "J",
                    "middle": [],
                    "last": "Xu",
                    "suffix": ""
                },
                {
                    "first": "D",
                    "middle": [],
                    "last": "Yang",
                    "suffix": ""
                },
                {
                    "first": "D",
                    "middle": [],
                    "last": "Chen",
                    "suffix": ""
                },
                {
                    "first": "M",
                    "middle": [],
                    "last": "Zhong",
                    "suffix": ""
                },
                {
                    "first": "J",
                    "middle": [],
                    "last": "Jiang",
                    "suffix": ""
                },
                {
                    "first": "W",
                    "middle": [],
                    "last": "Xiong",
                    "suffix": ""
                },
                {
                    "first": "K",
                    "middle": [],
                    "last": "Lang",
                    "suffix": ""
                },
                {
                    "first": "Y",
                    "middle": [],
                    "last": "Zhang",
                    "suffix": ""
                },
                {
                    "first": "G",
                    "middle": [],
                    "last": "Shi",
                    "suffix": ""
                },
                {
                    "first": "L",
                    "middle": [],
                    "last": "Xu",
                    "suffix": ""
                },
                {
                    "first": "Y",
                    "middle": [],
                    "last": "Song",
                    "suffix": ""
                },
                {
                    "first": "X",
                    "middle": [],
                    "last": "Zhou",
                    "suffix": ""
                },
                {
                    "first": "M",
                    "middle": [],
                    "last": "Wei",
                    "suffix": ""
                },
                {
                    "first": "J",
                    "middle": [],
                    "last": "Zheng",
                    "suffix": ""
                }
            ],
            "year": 2019,
            "venue": "",
            "volume": "",
            "issn": "",
            "pages": "",
            "other_ids": {}
        },
        "BIBREF18": {
            "ref_id": "b18",
            "title": "Clinical characteristics of 113 deceased patients with coronavirus disease 2019: retrospective study",
            "authors": [
                {
                    "first": "W",
                    "middle": [],
                    "last": "",
                    "suffix": ""
                },
                {
                    "first": "Chen",
                    "middle": [
                        "J"
                    ],
                    "last": "Ding",
                    "suffix": ""
                },
                {
                    "first": "C",
                    "middle": [],
                    "last": "Zhang",
                    "suffix": ""
                },
                {
                    "first": "X",
                    "middle": [],
                    "last": "Huang",
                    "suffix": ""
                },
                {
                    "first": "J",
                    "middle": [],
                    "last": "Han",
                    "suffix": ""
                },
                {
                    "first": "M",
                    "middle": [],
                    "last": "Li",
                    "suffix": ""
                },
                {
                    "first": "S",
                    "middle": [],
                    "last": "Luo",
                    "suffix": ""
                },
                {
                    "first": "X",
                    "middle": [],
                    "last": "Zhao",
                    "suffix": ""
                },
                {
                    "first": "J",
                    "middle": [],
                    "last": "Ning",
                    "suffix": ""
                },
                {
                    "first": "Q",
                    "middle": [],
                    "last": "",
                    "suffix": ""
                }
            ],
            "year": 2020,
            "venue": "BMJ",
            "volume": "368",
            "issn": "",
            "pages": "1091--1091",
            "other_ids": {}
        },
        "BIBREF20": {
            "ref_id": "b20",
            "title": "Clinical course and risk factors for mortality of adult inpatients with COVID-19 in Wuhan, China: a retrospective cohort study",
            "authors": [
                {
                    "first": "H",
                    "middle": [],
                    "last": "Wu",
                    "suffix": ""
                },
                {
                    "first": "X",
                    "middle": [],
                    "last": "Xu",
                    "suffix": ""
                },
                {
                    "first": "J",
                    "middle": [],
                    "last": "Tu",
                    "suffix": ""
                },
                {
                    "first": "S",
                    "middle": [],
                    "last": "Zhang",
                    "suffix": ""
                },
                {
                    "first": "Y",
                    "middle": [],
                    "last": "Chen",
                    "suffix": ""
                },
                {
                    "first": "H",
                    "middle": [],
                    "last": "Cao",
                    "suffix": ""
                },
                {
                    "first": "B",
                    "middle": [],
                    "last": "",
                    "suffix": ""
                }
            ],
            "year": 2020,
            "venue": "Lancet",
            "volume": "395",
            "issn": "",
            "pages": "1054--1062",
            "other_ids": {}
        },
        "BIBREF21": {
            "ref_id": "b21",
            "title": "Clinical Course and Outcomes of 344 Intensive Care Patients with COVID-19",
            "authors": [
                {
                    "first": "Y",
                    "middle": [],
                    "last": "Wang",
                    "suffix": ""
                },
                {
                    "first": "X",
                    "middle": [],
                    "last": "Lu",
                    "suffix": ""
                },
                {
                    "first": "Y",
                    "middle": [],
                    "last": "Li",
                    "suffix": ""
                },
                {
                    "first": "H",
                    "middle": [],
                    "last": "Chen",
                    "suffix": ""
                },
                {
                    "first": "T",
                    "middle": [],
                    "last": "Chen",
                    "suffix": ""
                },
                {
                    "first": "N",
                    "middle": [],
                    "last": "Su",
                    "suffix": ""
                },
                {
                    "first": "F",
                    "middle": [],
                    "last": "Huang",
                    "suffix": ""
                },
                {
                    "first": "J",
                    "middle": [],
                    "last": "Zhou",
                    "suffix": ""
                },
                {
                    "first": "B",
                    "middle": [],
                    "last": "Zhang",
                    "suffix": ""
                },
                {
                    "first": "F",
                    "middle": [],
                    "last": "Yan",
                    "suffix": ""
                },
                {
                    "first": "J",
                    "middle": [],
                    "last": "Wang",
                    "suffix": ""
                }
            ],
            "year": 2020,
            "venue": "Am J Respir Crit Care Med",
            "volume": "201",
            "issn": "",
            "pages": "1430--1434",
            "other_ids": {
                "DOI": [
                    "10.1164/rccm.202003-0736LE"
                ]
            }
        },
        "BIBREF23": {
            "ref_id": "b23",
            "title": "Characteristics and clinical significance of myocardial injury in patients with severe coronavirus disease 2019",
            "authors": [
                {
                    "first": "C",
                    "middle": [],
                    "last": "Huang",
                    "suffix": ""
                }
            ],
            "year": 2020,
            "venue": "Eur Heart J",
            "volume": "41",
            "issn": "",
            "pages": "2070--2079",
            "other_ids": {
                "DOI": [
                    "10.1093/eurheartj/ehaa408"
                ]
            }
        },
        "BIBREF24": {
            "ref_id": "b24",
            "title": "Clinical predictors of mortality due to COVID-19 based on an analysis of data of 150 patients from Wuhan, China",
            "authors": [
                {
                    "first": "Q",
                    "middle": [],
                    "last": "Ruan",
                    "suffix": ""
                },
                {
                    "first": "K",
                    "middle": [],
                    "last": "Yang",
                    "suffix": ""
                },
                {
                    "first": "W",
                    "middle": [],
                    "last": "Wang",
                    "suffix": ""
                },
                {
                    "first": "L",
                    "middle": [],
                    "last": "Jiang",
                    "suffix": ""
                },
                {
                    "first": "J",
                    "middle": [],
                    "last": "Song",
                    "suffix": ""
                }
            ],
            "year": 2020,
            "venue": "Intensive Care Med",
            "volume": "46",
            "issn": "",
            "pages": "846--848",
            "other_ids": {}
        },
        "BIBREF28": {
            "ref_id": "b28",
            "title": "Cardiovascular Implications of Fatal Outcomes of Patients with Coronavirus Disease",
            "authors": [],
            "year": 2019,
            "venue": "",
            "volume": "",
            "issn": "",
            "pages": "",
            "other_ids": {}
        },
        "BIBREF31": {
            "ref_id": "b31",
            "title": "Myocardial injury is associated with in-hospital mortality of confirmed or suspected COVID-19 in Wuhan, China: A single center retrospective cohort study",
            "authors": [
                {
                    "first": "L",
                    "middle": [],
                    "last": "Li",
                    "suffix": ""
                },
                {
                    "first": "Y",
                    "middle": [],
                    "last": "Fang",
                    "suffix": ""
                },
                {
                    "first": "J",
                    "middle": [],
                    "last": "Liu",
                    "suffix": ""
                },
                {
                    "first": "G",
                    "middle": [],
                    "last": "Tian",
                    "suffix": ""
                },
                {
                    "first": "L",
                    "middle": [],
                    "last": "He",
                    "suffix": ""
                }
            ],
            "year": null,
            "venue": "",
            "volume": "",
            "issn": "",
            "pages": "",
            "other_ids": {}
        },
        "BIBREF32": {
            "ref_id": "b32",
            "title": "Clinical Features of Patients Infected with the 2019 Novel Coronavirus (COVID-19",
            "authors": [
                {
                    "first": "M",
                    "middle": [],
                    "last": "Cao",
                    "suffix": ""
                },
                {
                    "first": "D",
                    "middle": [],
                    "last": "Zhang",
                    "suffix": ""
                },
                {
                    "first": "Y",
                    "middle": [],
                    "last": "Wang",
                    "suffix": ""
                },
                {
                    "first": "Y",
                    "middle": [],
                    "last": "Lu",
                    "suffix": ""
                },
                {
                    "first": "X",
                    "middle": [],
                    "last": "Zhu",
                    "suffix": ""
                },
                {
                    "first": "Y",
                    "middle": [],
                    "last": "Li",
                    "suffix": ""
                },
                {
                    "first": "H",
                    "middle": [],
                    "last": "Xue",
                    "suffix": ""
                },
                {
                    "first": "Y",
                    "middle": [],
                    "last": "Lin",
                    "suffix": ""
                },
                {
                    "first": "M",
                    "middle": [],
                    "last": "Zhang",
                    "suffix": ""
                },
                {
                    "first": "Y",
                    "middle": [],
                    "last": "Sun",
                    "suffix": ""
                },
                {
                    "first": "Z",
                    "middle": [],
                    "last": "Yang",
                    "suffix": ""
                },
                {
                    "first": "J",
                    "middle": [],
                    "last": "Shi",
                    "suffix": ""
                },
                {
                    "first": "Y",
                    "middle": [],
                    "last": "Wang",
                    "suffix": ""
                },
                {
                    "first": "C",
                    "middle": [],
                    "last": "Zhou",
                    "suffix": ""
                },
                {
                    "first": "Y",
                    "middle": [],
                    "last": "Dong",
                    "suffix": ""
                },
                {
                    "first": "P",
                    "middle": [],
                    "last": "Liu",
                    "suffix": ""
                },
                {
                    "first": "S",
                    "middle": [
                        "M"
                    ],
                    "last": "Dudek",
                    "suffix": ""
                },
                {
                    "first": "Xiao",
                    "middle": [
                        "Z"
                    ],
                    "last": "Lu",
                    "suffix": ""
                },
                {
                    "first": "H",
                    "middle": [],
                    "last": "Peng",
                    "suffix": ""
                },
                {
                    "first": "L",
                    "middle": [],
                    "last": "",
                    "suffix": ""
                }
            ],
            "year": 2003,
            "venue": "",
            "volume": "",
            "issn": "",
            "pages": "",
            "other_ids": {}
        },
        "BIBREF33": {
            "ref_id": "b33",
            "title": "Angiotensin Converting Enzyme 2: SARS-CoV-2 Receptor and Regulator of the Renin-Angiotensin System",
            "authors": [
                {
                    "first": "M",
                    "middle": [],
                    "last": "Gheblawi",
                    "suffix": ""
                },
                {
                    "first": "K",
                    "middle": [],
                    "last": "Wang",
                    "suffix": ""
                },
                {
                    "first": "A",
                    "middle": [],
                    "last": "Viveiros",
                    "suffix": ""
                },
                {
                    "first": "Q",
                    "middle": [],
                    "last": "Nguyen",
                    "suffix": ""
                },
                {
                    "first": "J-C",
                    "middle": [],
                    "last": "Zhong",
                    "suffix": ""
                },
                {
                    "first": "A",
                    "middle": [
                        "J"
                    ],
                    "last": "Turner",
                    "suffix": ""
                },
                {
                    "first": "M",
                    "middle": [
                        "K"
                    ],
                    "last": "Raizada",
                    "suffix": ""
                },
                {
                    "first": "M",
                    "middle": [
                        "B"
                    ],
                    "last": "Grant",
                    "suffix": ""
                },
                {
                    "first": "G",
                    "middle": [
                        "Y"
                    ],
                    "last": "Oudit",
                    "suffix": ""
                }
            ],
            "year": 2020,
            "venue": "Circ Res",
            "volume": "",
            "issn": "",
            "pages": "",
            "other_ids": {}
        },
        "BIBREF34": {
            "ref_id": "b34",
            "title": "Myocardial injury and COVID-19: Possible mechanisms",
            "authors": [
                {
                    "first": "S",
                    "middle": [],
                    "last": "Babapoor-Farrokhran",
                    "suffix": ""
                },
                {
                    "first": "D",
                    "middle": [],
                    "last": "Gill",
                    "suffix": ""
                },
                {
                    "first": "J",
                    "middle": [],
                    "last": "Walker",
                    "suffix": ""
                },
                {
                    "first": "R",
                    "middle": [
                        "T"
                    ],
                    "last": "Rasekhi",
                    "suffix": ""
                },
                {
                    "first": "B",
                    "middle": [],
                    "last": "Bozorgnia",
                    "suffix": ""
                },
                {
                    "first": "A",
                    "middle": [],
                    "last": "Amanullah",
                    "suffix": ""
                }
            ],
            "year": 2020,
            "venue": "Life Sci",
            "volume": "253",
            "issn": "",
            "pages": "",
            "other_ids": {}
        },
        "BIBREF35": {
            "ref_id": "b35",
            "title": "Severe Acute Respiratory Syndrome-associated Coronavirus Nucleocapsid Protein Interacts with Smad3 and Modulates Transforming Growth Factor-\u03b2 Signaling",
            "authors": [
                {
                    "first": "X",
                    "middle": [],
                    "last": "Zhao",
                    "suffix": ""
                },
                {
                    "first": "J",
                    "middle": [
                        "M"
                    ],
                    "last": "Nicholls",
                    "suffix": ""
                },
                {
                    "first": "Y-G",
                    "middle": [],
                    "last": "Chen",
                    "suffix": ""
                }
            ],
            "year": null,
            "venue": "",
            "volume": "",
            "issn": "",
            "pages": "",
            "other_ids": {}
        }
    },
    "ref_entries": {
        "FIGREF0": {
            "text": "After pooled analysis, cardiac injury in COVID-19  patients was associated with higher risk of all-cause mortality [RR:7.79; 95%CI:4.69-13.01:I 2 =58%] [Figure 2]. The levels of hs-cTnI [MD:34.54 pg/ml ;95%CI: 24.67-44.40 pg/ml; I2=88%] , myoglobin [MD:186.81 ng/ml ;95% CI: 121.52-252.10 ng/ml; I2=88%], NT-pro BNP [MD:1183.55 pg/ml ; 95% CI: 520.19-1846.91 pg/ml: I2=96%] and CK-MB [MD:2.49 ng/ml ;95% CI: 1.86-3.12 ng/ml; I2=90%] were significantly elevated in non-survivors compared with survivors with COVID-19 infection [Figure 3]. Cardiac injury in patients with COVID-19 was likewise associated with higher risk of ICU admission [RR: 4.06; 95%CI: 1.50-10.97; I2=61%], mechanical ventilation [RR: 5.53; 95%CI: 3.09-9.91; I2=0%], and developing coagulopathy [RR: 3.86; 95%CI: 2.81-5.32; I2=0%]. However, cardiac injury was not associated with a risk of ARDS [RR:3.22 ; 95%CI:0.72-14.47; I2=73%] or AKI [RR: 11.52 , 95%CI:0.03-4159.80; I2=0%] [Figure 4].",
            "latex": null,
            "type": "figure"
        },
        "FIGREF1": {
            "text": ", it is postulated that human SARS-CoV can infect the myocardium directly by binding to the ACE-2 receptors leading to myocardial inflammation and damage. Further, the downregulation of ACE-2 by SARS-CoV infection can impair the cardioprotective effects of angiotensin 1-7, resulting in enhanced production of inflammatory cytokines TNF-a that can cause indirect myocardial injury 23,24 . Guo et al. in their study reported that higher cardiac biomarker levels in COVID-19 patients were associated with higher levels of inflammatory markers, thus suggesting the possibility of indirect myocardial injury due to inflammatory state 20 . Additionally, SARS-CoV can also activate the TGF-b signaling and induce myocardial injury 25 . Similarly, type 2 myocardial infarction can occur in critically ill patients because of demand-supply inequity in patients with stable coronary artery disease. To this point, patients with severe COVID-19 infection often have other co-morbidities (such as but not limited to chronic renal insufficiency and congestive heart failure), which can predispose to type 2 myocardial infarction as a cause of cardiac biomarkers. Further, intense inflammation and cytokine stimulation from COVID-19 infection can lead to plaque destabilization and rupture resulting in a type 1 myocardial infarction. It has been well established that patients with a history of cardiovascular disease are at an increased risk of developing complications from severe coronavirus infection, which may in part be explained by these reasons.",
            "latex": null,
            "type": "figure"
        },
        "FIGREF2": {
            "text": "cTnI, myoglobin, NT-pro BNP and CK-MB are more likely to be significantly elevated in patients who die from COVID-19. Further, the presence of cardiac injury was associated with higher risk of mortality and other adverse outcomes. The initial measurement of cardiac biomarkers along with their continuous monitoring during hospitalization can aid in the early identification of patients with severe COVID-19 infection, and thus be an indication to escalate care as appropriate. Further studies are required to assess if routine monitoring of cardiac biomarker levels may lead to improved patient outcomes in patients hospitalized with COVID-19.",
            "latex": null,
            "type": "figure"
        },
        "FIGREF3": {
            "text": "PRISMA diagram describing the selection of studies for our meta-analysis",
            "latex": null,
            "type": "figure"
        },
        "FIGREF4": {
            "text": "Forest plot for all-cause mortality in COVID-19 patients with cardiac injury compared with patients without cardiac injury; RR: Risk ratio; CI: Confidence interval.",
            "latex": null,
            "type": "figure"
        },
        "FIGREF5": {
            "text": "Forest plot for cardiac troponins, myoglobin, NT-pro BNP and CK-MB in non survivors compared with survivors, among COVID-19 infected patients; MD: Mean difference; CI: Confidence interval.",
            "latex": null,
            "type": "figure"
        },
        "FIGREF6": {
            "text": "Forest plot for coagulopathy, acute kidney injury, ICU admission, ARDS and mechanical ventilation in COVID-19 patients with cardiac injury compared with patients without cardiac injury; RR: Risk ratio; CI: Confidence interval.",
            "latex": null,
            "type": "figure"
        },
        "FIGREF7": {
            "text": "Funnel-plot analysis assessing publication bias of studies reporting all-cause mortality in COVID-19 patients with cardiac injury compared with patients without cardiac injury",
            "latex": null,
            "type": "figure"
        },
        "TABREF0": {
            "text": "Characteristics of the studies included in the meta-analysis",
            "latex": null,
            "type": "table"
        }
    },
    "back_matter": []
}