{
    "paper_id": "00945745d3068c07c6a4ad340370feb8438cba9e",
    "metadata": {
        "title": "Journal Pre-proof Testing of the inhibitory effects of loratadine and desloratadine on SARS-CoV-2 spike pseudotyped virus viropexis",
        "authors": [
            {
                "first": "Yajing",
                "middle": [],
                "last": "Hou",
                "suffix": "",
                "affiliation": {},
                "email": ""
            },
            {
                "first": "Shuai",
                "middle": [],
                "last": "Ge",
                "suffix": "",
                "affiliation": {},
                "email": ""
            },
            {
                "first": "Xiaowei",
                "middle": [],
                "last": "Li",
                "suffix": "",
                "affiliation": {},
                "email": ""
            },
            {
                "first": "Cheng",
                "middle": [],
                "last": "Wang",
                "suffix": "",
                "affiliation": {},
                "email": ""
            },
            {
                "first": "Huaizhen",
                "middle": [],
                "last": "He",
                "suffix": "",
                "affiliation": {},
                "email": ""
            },
            {
                "first": "Langchong",
                "middle": [],
                "last": "He",
                "suffix": "",
                "affiliation": {},
                "email": ""
            }
        ]
    },
    "abstract": [],
    "body_text": [
        {
            "text": "December 2019, this coronavirus has rapidly spread to many countries worldwide. 58 Because of the rapid and global spreading of SARS-CoV-2, COVID-19 has been 59 identified as a public health emergency of international concern [3-5]. As a virus 60 belonging to the order Nidovirales and family Coronaviridae, SARS-CoV-2 requires 61 the interaction of the viral spike (S) glycoprotein with angiotensin-converting enzyme 62 2 (ACE2) to enter cells [6] [7] [8] . The viral spike protein is a trimer, and each monomer 63 contains two subunits, S1 and S2. During the infection period, S1 is responsible for 64 viral attachment to the host cell surface through a receptor-binding domain, whereas 65 S2 is required for the fusion of the viral and cellular membranes [9, 10] . Recent 66 studies have verified that binding to ACE2 is a critical initial step for the entry of 67 SARS-CoV-2 into target cells [11, 12] . Therefore, blocking or manipulating this 68 binding process may prove very effective in defeating the virus. antagonists LOR and DES are on the top of these SARS-CoV-2-inhibiting drugs [29] . 101 Therefore, in this study, we evaluated the inhibitory effects and preliminary 102 mechanism of action of LOR and DES on SARS-CoV-2 viropexis, hoping to find 103 effective agents in against SARS-CoV-2 infection. All statistical analyses of the data were carried out using GraphPad 5.0 Prism software. 168 All of the results were represented as the mean \u00b1 standard derivation (SD) from three 169 independent experiments. * represents p-value <0.05; ** represents p-value <0.01; 170 *** represents p-value <0.001 by Student's t-test. The expression of ACE2 protein in ACE2 h cells was significantly higher than that in 174 HEK293T cells, indicating a successful construction of ACE2 h cells (Fig. 1A) . The indicating that DES had much better binding to the ACE2 receptor than LOR (Fig.   224 3A). Additionally, surface plasmon resonance (SPR) method was used to detect the 225 binding affinity of LOR and DES with ACE2. The response value of DES was easily 226 observed to be higher than that of LOR at the same concentration, with binding 227 constants of (9.13 \u00b1 0.67) \u00d7 10 -6 M and (1.02 \u00b1 0.38) \u00d7 10 -7 M, respectively (Fig. 3B) . 228 This result revealed that the binding affinity between DES and ACE2 was much 229 stronger than that between LOR and ACE2, which is in accordance with the CMC ",
            "cite_spans": [
                {
                    "start": 80,
                    "end": 82,
                    "text": "58",
                    "ref_id": null
                },
                {
                    "start": 445,
                    "end": 448,
                    "text": "[6]",
                    "ref_id": null
                },
                {
                    "start": 449,
                    "end": 452,
                    "text": "[7]",
                    "ref_id": null
                },
                {
                    "start": 453,
                    "end": 456,
                    "text": "[8]",
                    "ref_id": null
                },
                {
                    "start": 758,
                    "end": 761,
                    "text": "[9,",
                    "ref_id": null
                },
                {
                    "start": 762,
                    "end": 765,
                    "text": "10]",
                    "ref_id": null
                },
                {
                    "start": 897,
                    "end": 901,
                    "text": "[11,",
                    "ref_id": null
                },
                {
                    "start": 902,
                    "end": 905,
                    "text": "12]",
                    "ref_id": null
                },
                {
                    "start": 1093,
                    "end": 1097,
                    "text": "[29]",
                    "ref_id": null
                },
                {
                    "start": 1100,
                    "end": 1103,
                    "text": "101",
                    "ref_id": null
                },
                {
                    "start": 1404,
                    "end": 1407,
                    "text": "168",
                    "ref_id": null
                },
                {
                    "start": 2237,
                    "end": 2240,
                    "text": "228",
                    "ref_id": null
                }
            ],
            "ref_spans": [
                {
                    "start": 1792,
                    "end": 1801,
                    "text": "(Fig. 1A)",
                    "ref_id": null
                },
                {
                    "start": 1882,
                    "end": 1893,
                    "text": "(Fig.   224",
                    "ref_id": "FIGREF10"
                },
                {
                    "start": 2225,
                    "end": 2234,
                    "text": "(Fig. 3B)",
                    "ref_id": "FIGREF8"
                }
            ],
            "section": ""
        },
        {
            "text": "To explain the different activities of LOR and DES, molecular docking was used for 238 the virtual evaluation of their binding character with ACE2 (PDB code: 6M0J). The 239 contacting residues of ACE2 and SARS-CoV-2 spike proteins were labeled at the 240 ACE2 interfaces (Fig. 4B) . Docking results showed that the position of LOR was far 241 away from the active site of ACE2 and their interaction was mainly based on 242 non-hydrogen bonds (Fig. 4C) . However, after removing the substituent group in of them can bind with ACE2 protein, but also revealed that the binding affinity 278 between DES and ACE2 was much stronger than that between LOR and ACE2. ",
            "cite_spans": [],
            "ref_spans": [
                {
                    "start": 271,
                    "end": 280,
                    "text": "(Fig. 4B)",
                    "ref_id": "FIGREF10"
                },
                {
                    "start": 442,
                    "end": 451,
                    "text": "(Fig. 4C)",
                    "ref_id": "FIGREF10"
                }
            ],
            "section": "Binding character of LOR and DES with ACE2 receptor via docking 237"
        }
    ],
    "bib_entries": {
        "BIBREF1": {
            "ref_id": "b1",
            "title": "Asymptomatic carrier state, acute respiratory disease, and pneumonia due to 351 severe acute respiratory syndrome coronavirus 2 (SARS-CoV-2): Facts and myths",
            "authors": [],
            "year": null,
            "venue": "",
            "volume": "",
            "issn": "",
            "pages": "",
            "other_ids": {}
        },
        "BIBREF3": {
            "ref_id": "b3",
            "title": "COVID-19): what we know? J",
            "authors": [
                {
                    "first": "F",
                    "middle": [],
                    "last": "He",
                    "suffix": ""
                },
                {
                    "first": "Y",
                    "middle": [],
                    "last": "Deng",
                    "suffix": ""
                },
                {
                    "first": "W",
                    "middle": [],
                    "last": "Li",
                    "suffix": ""
                }
            ],
            "year": 2019,
            "venue": "Coronavirus Disease",
            "volume": "",
            "issn": "",
            "pages": "",
            "other_ids": {}
        },
        "BIBREF6": {
            "ref_id": "b6",
            "title": "A pneumonia 359 outbreak associated with a new coronavirus of probable batorigin",
            "authors": [],
            "year": 2020,
            "venue": "Nature",
            "volume": "579",
            "issn": "",
            "pages": "270--273",
            "other_ids": {}
        },
        "BIBREF7": {
            "ref_id": "b7",
            "title": "A new coronavirus associated 362 with human respiratory disease in china",
            "authors": [
                {
                    "first": "F",
                    "middle": [],
                    "last": "Wu",
                    "suffix": ""
                },
                {
                    "first": "S",
                    "middle": [],
                    "last": "Zhao",
                    "suffix": ""
                },
                {
                    "first": "B",
                    "middle": [],
                    "last": "Yu",
                    "suffix": ""
                },
                {
                    "first": "Y",
                    "middle": [
                        "M"
                    ],
                    "last": "Chen",
                    "suffix": ""
                },
                {
                    "first": "Y",
                    "middle": [
                        "Z"
                    ],
                    "last": "Zhang",
                    "suffix": ""
                }
            ],
            "year": 2020,
            "venue": "Nature",
            "volume": "579",
            "issn": "",
            "pages": "265--269",
            "other_ids": {}
        },
        "BIBREF10": {
            "ref_id": "b10",
            "title": "A novel coronavirus from patients with pneumonia in China",
            "authors": [
                {
                    "first": "G",
                    "middle": [
                        "Z"
                    ],
                    "last": "Wu",
                    "suffix": ""
                },
                {
                    "first": "G",
                    "middle": [],
                    "last": "Gao",
                    "suffix": ""
                }
            ],
            "year": 2019,
            "venue": "N. Engl. J.Med",
            "volume": "366",
            "issn": "",
            "pages": "727--733",
            "other_ids": {}
        },
        "BIBREF11": {
            "ref_id": "b11",
            "title": "Comparing the Binding Interactions in the 368 usage for SARS-CoV-2 and other lineage B betacoronaviruses",
            "authors": [
                {
                    "first": "M",
                    "middle": [],
                    "last": "Amin",
                    "suffix": ""
                },
                {
                    "first": "M",
                    "middle": [
                        "K"
                    ],
                    "last": "Sorour",
                    "suffix": ""
                },
                {
                    "first": "A",
                    "middle": [],
                    "last": "Kasry",
                    "suffix": ""
                }
            ],
            "year": 2020,
            "venue": "Nat. Microbiol",
            "volume": "5",
            "issn": "",
            "pages": "562--569",
            "other_ids": {}
        },
        "BIBREF14": {
            "ref_id": "b14",
            "title": "CoV-2 Cell entry depends on ACE2 and TMPRSS2 and is 388 blocked by a clinically proven protease inhibitor",
            "authors": [
                {
                    "first": "Sars",
                    "middle": [],
                    "last": "P\u00f6hlmann",
                    "suffix": ""
                }
            ],
            "year": 2020,
            "venue": "Cell",
            "volume": "181",
            "issn": "2",
            "pages": "271--280",
            "other_ids": {}
        },
        "BIBREF16": {
            "ref_id": "b16",
            "title": "Angiotensin-converting enzyme 2 (ace2) receptor and sars-cov-2: potential 391 therapeutic targeting",
            "authors": [],
            "year": 2020,
            "venue": "Eur. J. Pharmacol",
            "volume": "884",
            "issn": "",
            "pages": "",
            "other_ids": {}
        },
        "BIBREF17": {
            "ref_id": "b17",
            "title": "Development of vaccines for sars-cov-2, 393 F1000 Research",
            "authors": [
                {
                    "first": "W",
                    "middle": [
                        "H"
                    ],
                    "last": "Ng",
                    "suffix": ""
                },
                {
                    "first": "X",
                    "middle": [],
                    "last": "Liu",
                    "suffix": ""
                },
                {
                    "first": "S",
                    "middle": [],
                    "last": "Mahalingam",
                    "suffix": ""
                }
            ],
            "year": 2020,
            "venue": "",
            "volume": "9",
            "issn": "",
            "pages": "",
            "other_ids": {}
        },
        "BIBREF18": {
            "ref_id": "b18",
            "title": "Timely development of vaccines against sars-cov-2, Emerg. Microbes 395 Infec",
            "authors": [
                {
                    "first": "S",
                    "middle": [],
                    "last": "Lu",
                    "suffix": ""
                }
            ],
            "year": 2020,
            "venue": "",
            "volume": "9",
            "issn": "",
            "pages": "542--544",
            "other_ids": {}
        },
        "BIBREF19": {
            "ref_id": "b19",
            "title": "Vaccines for sars-cov-2: lessons from other coronavirus 397 strains",
            "authors": [
                {
                    "first": "E",
                    "middle": [],
                    "last": "Padron-Regalado",
                    "suffix": ""
                }
            ],
            "year": 2020,
            "venue": "Infect. Dis. Ther",
            "volume": "9",
            "issn": "2",
            "pages": "255--274",
            "other_ids": {}
        },
        "BIBREF20": {
            "ref_id": "b20",
            "title": "In silico screening of 399 natural compounds against covid-19 by targeting mpro and ace2 using molecular 400 docking",
            "authors": [
                {
                    "first": "T",
                    "middle": [],
                    "last": "Joshi",
                    "suffix": ""
                },
                {
                    "first": "T",
                    "middle": [],
                    "last": "Joshi",
                    "suffix": ""
                },
                {
                    "first": "P",
                    "middle": [],
                    "last": "Sharma",
                    "suffix": ""
                },
                {
                    "first": "S",
                    "middle": [],
                    "last": "Mathpal",
                    "suffix": ""
                },
                {
                    "first": "S",
                    "middle": [],
                    "last": "Chandra",
                    "suffix": ""
                }
            ],
            "year": 2020,
            "venue": "Eur. Rev. Med. Pharmaco",
            "volume": "24",
            "issn": "",
            "pages": "4529--4536",
            "other_ids": {}
        },
        "BIBREF21": {
            "ref_id": "b21",
            "title": "In silico molecular 402 docking analysis for repurposing therapeutics against multiple proteins from 403 sars-cov-2",
            "authors": [
                {
                    "first": "R",
                    "middle": [
                        "R"
                    ],
                    "last": "Deshpande",
                    "suffix": ""
                },
                {
                    "first": "A",
                    "middle": [
                        "P"
                    ],
                    "last": "Tiwari",
                    "suffix": ""
                },
                {
                    "first": "N",
                    "middle": [],
                    "last": "Nyayanit",
                    "suffix": ""
                },
                {
                    "first": "M",
                    "middle": [],
                    "last": "Modak",
                    "suffix": ""
                }
            ],
            "year": 2020,
            "venue": "Eur. J. Pharmacol",
            "volume": "886",
            "issn": "",
            "pages": "",
            "other_ids": {}
        },
        "BIBREF23": {
            "ref_id": "b23",
            "title": "Curcumin, a traditional spice 406 component, can hold the promise against COVID-19?",
            "authors": [
                {
                    "first": "N",
                    "middle": [],
                    "last": "Chaturvedi",
                    "suffix": ""
                },
                {
                    "first": "D",
                    "middle": [],
                    "last": "Shukla",
                    "suffix": ""
                },
                {
                    "first": "N",
                    "middle": [
                        "K"
                    ],
                    "last": "Vishvakarma",
                    "suffix": ""
                }
            ],
            "year": 2020,
            "venue": "Eur. J. Pharmacol",
            "volume": "886",
            "issn": "",
            "pages": "",
            "other_ids": {}
        },
        "BIBREF24": {
            "ref_id": "b24",
            "title": "Andrographolide and its 409 fluorescent derivative inhibit the main proteases of 2019-ncov and sars-cov 410 through covalent linkage",
            "authors": [
                {
                    "first": "T",
                    "middle": [
                        "H"
                    ],
                    "last": "Shi",
                    "suffix": ""
                },
                {
                    "first": "Y",
                    "middle": [
                        "L"
                    ],
                    "last": "Huang",
                    "suffix": ""
                },
                {
                    "first": "C",
                    "middle": [
                        "C"
                    ],
                    "last": "Chen",
                    "suffix": ""
                },
                {
                    "first": "W",
                    "middle": [
                        "C"
                    ],
                    "last": "Pi",
                    "suffix": ""
                },
                {
                    "first": "C",
                    "middle": [
                        "H"
                    ],
                    "last": "Lin",
                    "suffix": ""
                }
            ],
            "year": 2020,
            "venue": "Biochem. Bioph. Res. Co",
            "volume": "",
            "issn": "",
            "pages": "",
            "other_ids": {
                "DOI": [
                    "10.1016/j.bbrc.2020.08.086"
                ]
            }
        },
        "BIBREF26": {
            "ref_id": "b26",
            "title": "Research and development on 414 therapeutic agents and vaccines for COVID-19 and related human coronavirus 415 diseases",
            "authors": [
                {
                    "first": "A",
                    "middle": [
                        "D"
                    ],
                    "last": "Gregg",
                    "suffix": ""
                },
                {
                    "first": "S",
                    "middle": [],
                    "last": "Daniels",
                    "suffix": ""
                },
                {
                    "first": "D",
                    "middle": [],
                    "last": "Jervey",
                    "suffix": ""
                },
                {
                    "first": "",
                    "middle": [],
                    "last": "Albaiu",
                    "suffix": ""
                }
            ],
            "year": 2020,
            "venue": "ACS Cent. Sci",
            "volume": "6",
            "issn": "",
            "pages": "315--331",
            "other_ids": {}
        },
        "BIBREF27": {
            "ref_id": "b27",
            "title": "T. severe acute respiratory syndrome coronavirus 2 (SARS-CoV-2)",
            "authors": [
                {
                    "first": "S",
                    "middle": [],
                    "last": "Pushpakom",
                    "suffix": ""
                },
                {
                    "first": "F",
                    "middle": [],
                    "last": "Iorio",
                    "suffix": ""
                },
                {
                    "first": "P",
                    "middle": [
                        "A"
                    ],
                    "last": "Eyers",
                    "suffix": ""
                },
                {
                    "first": "K",
                    "middle": [
                        "J"
                    ],
                    "last": "Escott",
                    "suffix": ""
                },
                {
                    "first": "S",
                    "middle": [],
                    "last": "Hopper",
                    "suffix": ""
                },
                {
                    "first": "A",
                    "middle": [],
                    "last": "Wells",
                    "suffix": ""
                },
                {
                    "first": "A",
                    "middle": [],
                    "last": "Doig",
                    "suffix": ""
                }
            ],
            "year": 2020,
            "venue": "Clin. Infect. Dis",
            "volume": "428",
            "issn": "15",
            "pages": "732--739",
            "other_ids": {}
        },
        "BIBREF28": {
            "ref_id": "b28",
            "title": "Insights into antiviral mechanisms 430 of remdesivir, lopinavir/ritonavir and chloroquine/hydroxychloroquine affecting 431 the new sars-cov-2",
            "authors": [
                {
                    "first": "K",
                    "middle": [],
                    "last": "Uzunova",
                    "suffix": ""
                },
                {
                    "first": "E",
                    "middle": [],
                    "last": "Filipova",
                    "suffix": ""
                },
                {
                    "first": "V",
                    "middle": [],
                    "last": "Pavlova",
                    "suffix": ""
                },
                {
                    "first": "T",
                    "middle": [],
                    "last": "Vekov",
                    "suffix": ""
                }
            ],
            "year": 2020,
            "venue": "Biomed. Pharmacother",
            "volume": "131",
            "issn": "",
            "pages": "",
            "other_ids": {}
        },
        "BIBREF30": {
            "ref_id": "b30",
            "title": "Remdesivir is a direct-acting antiviral that inhibits rna-dependent rna 434 polymerase from severe acute respiratory syndrome coronavirus 2 with high 435 potency",
            "authors": [
                {
                    "first": "",
                    "middle": [],
                    "last": "Gtte",
                    "suffix": ""
                }
            ],
            "year": 2020,
            "venue": "J. Biol. Chem",
            "volume": "295",
            "issn": "",
            "pages": "6785--6797",
            "other_ids": {}
        },
        "BIBREF31": {
            "ref_id": "b31",
            "title": "Anti-inflammatory activity of",
            "authors": [
                {
                    "first": "E",
                    "middle": [
                        "W"
                    ],
                    "last": "Gelfand",
                    "suffix": ""
                },
                {
                    "first": "S",
                    "middle": [],
                    "last": "Appajosyula",
                    "suffix": ""
                },
                {
                    "first": "S",
                    "middle": [],
                    "last": "Meeves",
                    "suffix": ""
                }
            ],
            "year": null,
            "venue": "",
            "volume": "",
            "issn": "",
            "pages": "",
            "other_ids": {}
        },
        "BIBREF32": {
            "ref_id": "b32",
            "title": "H1-receptor antagonists: review of recent experimental research",
            "authors": [],
            "year": null,
            "venue": "Curr. Med. Res",
            "volume": "",
            "issn": "",
            "pages": "",
            "other_ids": {}
        },
        "BIBREF35": {
            "ref_id": "b35",
            "title": "Molecular docking and dynamics simulation of FDA approved drugs with the 441 main protease from 2019 novel coronavirus",
            "authors": [],
            "year": 2020,
            "venue": "Bioinformation",
            "volume": "16",
            "issn": "3",
            "pages": "",
            "other_ids": {}
        },
        "BIBREF37": {
            "ref_id": "b37",
            "title": "Systemic in 445 silico screening in drug discovery for coronavirus disease (covid-19) with an 446 online interactive web server",
            "authors": [
                {
                    "first": "Z",
                    "middle": [],
                    "last": "Yang",
                    "suffix": ""
                },
                {
                    "first": "P",
                    "middle": [],
                    "last": "Huang",
                    "suffix": ""
                },
                {
                    "first": "X",
                    "middle": [],
                    "last": "Lv",
                    "suffix": ""
                },
                {
                    "first": "D",
                    "middle": [],
                    "last": "Wang",
                    "suffix": ""
                },
                {
                    "first": "Y",
                    "middle": [],
                    "last": "Han",
                    "suffix": ""
                },
                {
                    "first": "N",
                    "middle": [],
                    "last": "Li",
                    "suffix": ""
                },
                {
                    "first": "B",
                    "middle": [],
                    "last": "Qiao",
                    "suffix": ""
                },
                {
                    "first": "",
                    "middle": [],
                    "last": "Liu",
                    "suffix": ""
                }
            ],
            "year": 2020,
            "venue": "J. Chem. Inf. Model",
            "volume": "",
            "issn": "",
            "pages": "",
            "other_ids": {}
        },
        "BIBREF42": {
            "ref_id": "b42",
            "title": "Chloroquine and hydroxychloroquine as 452 ace2 blockers to inhibit viropexis of 2019-ncov spike pseudotyped virus",
            "authors": [
                {
                    "first": "W",
                    "middle": [],
                    "last": "Zhou",
                    "suffix": ""
                },
                {
                    "first": "Y",
                    "middle": [],
                    "last": "Ta",
                    "suffix": ""
                },
                {
                    "first": "S",
                    "middle": [],
                    "last": "Wang",
                    "suffix": ""
                },
                {
                    "first": "L",
                    "middle": [],
                    "last": "Lu",
                    "suffix": ""
                },
                {
                    "first": "",
                    "middle": [],
                    "last": "He",
                    "suffix": ""
                }
            ],
            "year": 2020,
            "venue": "Phytomedicine",
            "volume": "453",
            "issn": "",
            "pages": "",
            "other_ids": {}
        },
        "BIBREF43": {
            "ref_id": "b43",
            "title": "A vascular smooth muscle/cell 455 membrane chromatography-offline-gas chromatography/mass spectrometry 456 method for recognition, separation and identification of active components from 457 traditional chinese medicines",
            "authors": [
                {
                    "first": "X",
                    "middle": [],
                    "last": "Hou",
                    "suffix": ""
                },
                {
                    "first": "M",
                    "middle": [],
                    "last": "Zhou",
                    "suffix": ""
                },
                {
                    "first": "Q",
                    "middle": [],
                    "last": "Jiang",
                    "suffix": ""
                },
                {
                    "first": "S",
                    "middle": [],
                    "last": "Wang",
                    "suffix": ""
                },
                {
                    "first": "L",
                    "middle": [],
                    "last": "He",
                    "suffix": ""
                }
            ],
            "year": 2009,
            "venue": "J. Chromatogr. A",
            "volume": "1216",
            "issn": "",
            "pages": "7081--7087",
            "other_ids": {}
        },
        "BIBREF44": {
            "ref_id": "b44",
            "title": "Coating and fusing cell membranes onto a silica 459 surface and their chromatographic characteristics",
            "authors": [
                {
                    "first": "L",
                    "middle": [],
                    "last": "He",
                    "suffix": ""
                },
                {
                    "first": "S",
                    "middle": [],
                    "last": "Wang",
                    "suffix": ""
                },
                {
                    "first": "X",
                    "middle": [],
                    "last": "Geng",
                    "suffix": ""
                }
            ],
            "year": 2001,
            "venue": "Chromatographia",
            "volume": "54",
            "issn": "",
            "pages": "",
            "other_ids": {}
        },
        "BIBREF45": {
            "ref_id": "b45",
            "title": "Identification of SARS-CoV-2 entry 472 inhibitors among already approved drugs",
            "authors": [
                {
                    "first": "S",
                    "middle": [],
                    "last": "Xiao",
                    "suffix": ""
                },
                {
                    "first": "X",
                    "middle": [],
                    "last": "Tong",
                    "suffix": ""
                },
                {
                    "first": "B",
                    "middle": [],
                    "last": "Zhang",
                    "suffix": ""
                },
                {
                    "first": "J",
                    "middle": [],
                    "last": "Zuo",
                    "suffix": ""
                }
            ],
            "year": 2020,
            "venue": "Acta Pharmacol. Sin",
            "volume": "",
            "issn": "",
            "pages": "",
            "other_ids": {}
        },
        "BIBREF47": {
            "ref_id": "b47",
            "title": "Pharmacology and clinical efficacy of desloratadine as an 475 anti-allergic and anti-inflammatory drug",
            "authors": [
                {
                    "first": "K",
                    "middle": [],
                    "last": "Agrawal",
                    "suffix": ""
                },
                {
                    "first": "Devendra",
                    "middle": [],
                    "last": "",
                    "suffix": ""
                }
            ],
            "year": 2001,
            "venue": "Expert Opin. Inv. drug",
            "volume": "10",
            "issn": "",
            "pages": "",
            "other_ids": {}
        },
        "BIBREF48": {
            "ref_id": "b48",
            "title": "Impact of desloratadine 477 and loratadine on the crosstalk between human keratinocytes and leukocytes: 478 implications for anti-inflammatory activity of antihistamines",
            "authors": [
                {
                    "first": "C",
                    "middle": [],
                    "last": "Traidl-Hoffmann",
                    "suffix": ""
                },
                {
                    "first": "I",
                    "middle": [],
                    "last": "M\u00fc",
                    "suffix": ""
                },
                {
                    "first": "J",
                    "middle": [],
                    "last": "Nster",
                    "suffix": ""
                },
                {
                    "first": "H",
                    "middle": [],
                    "last": "Ring",
                    "suffix": ""
                },
                {
                    "first": "",
                    "middle": [],
                    "last": "Behrendt",
                    "suffix": ""
                }
            ],
            "year": null,
            "venue": "",
            "volume": "479",
            "issn": "",
            "pages": "",
            "other_ids": {}
        },
        "BIBREF51": {
            "ref_id": "b51",
            "title": "Effect of desloratadine and loratadine on rhinovirus-induced intercellular 482 adhesion molecule 1 upregulation and promoter activation in respiratory 483 epithelial cells",
            "authors": [],
            "year": 2001,
            "venue": "J. Allergy Clin. Immun",
            "volume": "108",
            "issn": "",
            "pages": "221--228",
            "other_ids": {}
        },
        "BIBREF53": {
            "ref_id": "b53",
            "title": "Discovery of a novel coronavirus associated with the recent 486 pneumonia outbreak in humans and its potential bat origin",
            "authors": [
                {
                    "first": "C",
                    "middle": [
                        "L"
                    ],
                    "last": "Li",
                    "suffix": ""
                },
                {
                    "first": "",
                    "middle": [],
                    "last": "Huang",
                    "suffix": ""
                }
            ],
            "year": null,
            "venue": "",
            "volume": "",
            "issn": "",
            "pages": "",
            "other_ids": {
                "DOI": [
                    "10.1101/2020.01.22.914952"
                ]
            }
        },
        "BIBREF54": {
            "ref_id": "b54",
            "title": "Structural basis of receptor recognition by 489 sars-cov-2",
            "authors": [
                {
                    "first": "J",
                    "middle": [],
                    "last": "Shang",
                    "suffix": ""
                },
                {
                    "first": "G",
                    "middle": [],
                    "last": "Ye",
                    "suffix": ""
                },
                {
                    "first": "K",
                    "middle": [],
                    "last": "Shi",
                    "suffix": ""
                },
                {
                    "first": "Y",
                    "middle": [],
                    "last": "Wan",
                    "suffix": ""
                },
                {
                    "first": "F",
                    "middle": [],
                    "last": "Li",
                    "suffix": ""
                }
            ],
            "year": 2020,
            "venue": "Nature",
            "volume": "581",
            "issn": "",
            "pages": "",
            "other_ids": {}
        },
        "BIBREF56": {
            "ref_id": "b56",
            "title": "Structure of the SARS-CoV-2 spike receptor-binding domain 492 bound to the ACE2 receptor",
            "authors": [
                {
                    "first": "",
                    "middle": [],
                    "last": "Zhang\uff0cx",
                    "suffix": ""
                },
                {
                    "first": "",
                    "middle": [],
                    "last": "Wang",
                    "suffix": ""
                }
            ],
            "year": 2020,
            "venue": "Nature",
            "volume": "581",
            "issn": "",
            "pages": "215--220",
            "other_ids": {}
        },
        "BIBREF58": {
            "ref_id": "b58",
            "title": "Establishment 495 and validation of a pseudovirus neutralization assay for sars",
            "authors": [
                {
                    "first": "Q",
                    "middle": [],
                    "last": "",
                    "suffix": ""
                },
                {
                    "first": "Lu\uff0c",
                    "middle": [
                        "X"
                    ],
                    "last": "Li\uff0c",
                    "suffix": ""
                },
                {
                    "first": "Q",
                    "middle": [],
                    "last": "Sun\uff0c",
                    "suffix": ""
                },
                {
                    "first": "J",
                    "middle": [],
                    "last": "Liu\uff0c",
                    "suffix": ""
                },
                {
                    "first": "C",
                    "middle": [],
                    "last": "Fan\uff0c",
                    "suffix": ""
                },
                {
                    "first": "W",
                    "middle": [],
                    "last": "Huang\uff0c",
                    "suffix": ""
                },
                {
                    "first": "M",
                    "middle": [],
                    "last": "Xu\uff0c",
                    "suffix": ""
                },
                {
                    "first": "Y",
                    "middle": [],
                    "last": "Wang",
                    "suffix": ""
                }
            ],
            "year": null,
            "venue": "",
            "volume": "",
            "issn": "",
            "pages": "",
            "other_ids": {}
        }
    },
    "ref_entries": {
        "FIGREF0": {
            "text": "To fight SARS-CoV-2, scientists all over the world have been attempting to employ 70 different strategies[13]. In the past few months, government, academia, and71 industries have made huge efforts and spent several resources for the development of 72 vaccines [14, 15]. However, developing a new, effective, and safe vaccine often 73 requires years and poses great risks [16]. At the same time, a lot of compounds 74 obtained from natural products have been reported for their potential activity in 75 preventing viral entry into cells using in silico analysis and in vitro inhibition 76 experiments [17, 18]. For example, curcumin has been reported to modulate the 77 events of SARS-CoV-2 cellular entry and replication [19]. Additionally, 78 andrographolide has been shown to inhibit the enzyme activity of SARS-CoV-2 main 79 proteases by covalently linking to active cysteine [20]. However, the toxicology and 80 bioavailability of these compounds remain unclear. Unfortunately, there is no 81 effective medication for SARS-CoV-2 at present [21]; thus, the search for a suitable 82 therapy to combat this virus still requires unremitting efforts globally. 83 Drug repurposing has gained enormous attention nowadays in treating various 84 diseases, rather than the specific diseases for which they were originally developed. virtual screening efforts have developed rapidly. Azelastine, clemastine, loratadine 97 (LOR), desloratadine (DES) and other antihistamines have been reported for the 98 potential ability of preventing the infection of SARS-CoV-2 [28]. An online 99 interactive web server of Xu's systemic in silico screening ranks histamine H 1 100",
            "latex": null,
            "type": "figure"
        },
        "FIGREF2": {
            "text": "134 away and replaced by 200 \u03bcL of fresh DMEM, and the cells were incubated 135 continuously at 37\u2103 for 48 h. After that, the culture medium was aspirated. 20 \u03bcL of 136 cell lysate and 100 \u03bcL of luminescence solution were added to each well before the 137 luciferase luminescence detection by a microplate reader under 560 nm with exposure 138 time as 1 s. 139 2.5. ACE2-HEK293T/ Cell membrane chromatography (ACE2-HEK293T/CMC) 140 ACE2-HEK293T/CMC columns were prepared using ACE2 h cells and according to a 141 published procedure [31, 32]. The CMC assay was performed via LC-40A high 142 performance liquid chromatography instrument. The CMC column were 143 pre-equilibrated for 1 h before sample injection. Then, LOR and DES were analyzed 144 with the CMC columns, respectively.",
            "latex": null,
            "type": "figure"
        },
        "FIGREF3": {
            "text": "Surface plasmon resonance (SPR) 146 ACE2 protein (30 \u03bcg/mL) was fixed on the COOH sensor chip (Nicoya, Canada) by 147 capture-coupling. LOR and DES were configured with DMSO as 100 mM first, then 148 diluted with PBS to 40, 20, 10 or 5 \u03bcM before the experiment. After that, they were 149 sequentially injected into the chamber in PBS running buffer. PBS containing 0.04% 150 DMSO was used as a control. The interaction of ACE2 with the small molecules was 151 detected by OpenSPRTM (Nicoya Lifesciences, Waterloo, Canada) at 25\u00b0C. The 152 binding time and disassociation time were both 250 s, the flow rate was 20 \u03bcL/s. A 153 one to one diffusion corrected model was fitted to the wavelength shifts 154 corresponding to the varied drug concentration. The data was retrieved and analyzed 155 with TraceDrawer software.",
            "latex": null,
            "type": "figure"
        },
        "FIGREF5": {
            "text": "Viability of LOR and DES on ACE2 h cells 173",
            "latex": null,
            "type": "figure"
        },
        "FIGREF6": {
            "text": "175effects of LOR and DES on the viability of ACE2 h cells were then evaluated. As176 shown in Fig. 1B, LOR (<40 \u03bcM) and DES (<20 \u03bcM) were non-toxic to the ACE2 h 177 cells. However, at 80 \u03bcM concentration, cell viability reduced to 35.57% and 25.30% 178 for LOR and DES, respectively, revealing that the effect of the toxicity of DES on the 179 viability of ACE2 h cells was higher than that of LOR. Thus, to ensure accuracy in 180 further experiments, both antagonists were tested at \u226420 \u03bcM concentrations.",
            "latex": null,
            "type": "figure"
        },
        "FIGREF7": {
            "text": "The effect of cell viability on ACE2 h cells treated with LOR and DES for 24 h.183   (A) The protein expression level of ACE2 in HEK293T cell and ACE2-HEK293T cell. (B)184   The cell viability of LOR and DES on ACE2 h cells. n=5, *p < 0.05, **p < 0.01, ***p < 0.001,185   compared with concentration was 0 \u03bcM. 186Although both inhibitors exhibited significant inhibitory effect on the pseudotyped 197 viral entry, DES was better than LOR at the same concentration. Different198 concentrations of DES were then evaluated, and the results are shown in Fig. dependent manner. Moreover, this inhibitory effect of DES could be intuitively 202 reflected by the decrease in the fluorescence intensity observed in the cells after 203 infection with SARS-CoV-2 spike pseudotyped virus at 24 and 48 h (Fig. 2C). The effect of LOR and DES on the entrance of SARS-CoV-2 Spike pseudotyped 205 virus into ACE2 h cells. (A) The entrance of SARS-CoV-2 Spike pseudotyped virus into 206 ACE2 h cells after treated with 20 \u03bcM LOR and DES. (B) The effect of different concentration 207 of DES on the entrance of SARS-CoV-2 Spike pseudotyped virus into ACE2 h cells. (C) The 208 fluorescence image of SARS-CoV-2 Spike pseudotyped virus infected ACE2 h cells in 24 h 209 and 48 h after treated with 20 \u03bcM DES. Data are presented as mean \u00b1 S.D. n=3, *p<0.05, 210 **p<0.01, ***p<0.001 compared with group 0 or control. 211 3.3. Detection of the binding affinity of LOR and DES with ACE2 receptor 212 It is well known that SARS-CoV-2 can initiate infection by binding spike protein 213 functional subunits to ACE2 on host cells. Therefore, in this experiment, we focused 214 on whether LOR or DES could bind to ACE2. Cell membrane chromatography (CMC) 215 is a new receptor kinetics method for the research of drug-receptor interactions. This 216 method has high accuracy and reliability for analyzing these interactions because it 217 guarantees the structural integrity of the membrane receptor [32]. Our CMC results 218 showed that LOR and DES have obvious retention characteristics on the 219 ACE2-HEK293T/CMC column with retention times of 6.04 and 58.92 min, 220respectively. HEK293T/CMC was also used to evaluate the nonspecific binding 221 durations of LOR (3.55 min) and DES (7.12 min). Further, the specific binding",
            "latex": null,
            "type": "figure"
        },
        "FIGREF8": {
            "text": "The binding character of LOR and DES with ACE2. (A) Chromatogram of LOR or 234 DES on the HEK293T/CMC and ACE2-HEK293T/CMC model. (B) SPR analysis of LOR or 235 DES and ACE2 protein.",
            "latex": null,
            "type": "figure"
        },
        "FIGREF10": {
            "text": "243 piperidine, compared with LOR, DES could form one hydrogen bond with LYS31 at a 244 distance of 2.07 \u00c5, and the position also moved to the center of the active site, The molecular docking of LOR and DES with ACE2 receptor. (A) The chemical 248 structural of LOR and DES. (B) The docking mode of ACE2 and SARS-CoV-2 spike protein, 249 in which the contacting residues are shown as sticks at the SARS-CoV-2 RBD-ACE2 250 interfaces. (C) The docking mode of LOR with ACE2. (D) The docking mode of DES 251 withACE2. (E) The docking mode of LOR and DES with ACE2 represented in cavity depth 252 maps. ACE2 is shown in green, and the SARS-CoV-2 RBD core is shown in orange. DES is 253 shown in blue, and LOR shown in purple. (PDB ID: 6M0J).",
            "latex": null,
            "type": "figure"
        },
        "FIGREF11": {
            "text": "COVID-19 pandemic presents an immense challenge globally that has been 256 met with a remarkable response through the rapid production of pharmacological 257 research and clinical trials.Although many studies and clinical trials with 258 small-molecule drugs and vaccines have been performed or are ongoing, there are still 259 no specific drugs against COVID-19. Therefore, finding the treatment of COVID-19 260 infection is still an urgent matter.",
            "latex": null,
            "type": "figure"
        },
        "FIGREF12": {
            "text": "have a long history of clinical efficacy in a variety of 262 allergic inflammatory disorders. Besides of that, they also have been reported for the 263 potent antiviral activity against Ebola, Marburg, and a broad spectrum of influenza 264 viruses [34, 35]. Recently, molecular docking and simulation studies have also 265 reported that azelastine has optimal features for binding with the main protease on study, to evaluate the antiviral effect of LOR and DES on SARS-CoV-2, a 271 cytotoxicity assay was carried out that indicated nearly no cytotoxicity of them on 272 ACE2 h cells under 20 \u03bcM concentration. Then they were tested for the subsequent 273 antiviral evaluations at 20 \u03bcM. It was observed that both of them inhibited virus entry 274 into ACE2 h cells, and DES was more obvious. Further test verified the effective 275 concentration of DES as low as 1 \u03bcM. In order to evaluate the differences in their 276 antiviral effect, CMC and SPR experiments was conducted. We not only found both 277",
            "latex": null,
            "type": "figure"
        },
        "FIGREF13": {
            "text": "Hence, our results indicted that antihistamines LOR and DES can inhibit280 SARS-CoV-2 entry into cells, which confirmed the antiviral effect of LOR and DES 281 at the experimental level. 282 LOR and DES are new-generation antihistamines that lack central nervous system 283 and cardiovascular side effects. Besides blocking airway inflammation and 284 bronchoconstriction provoked by histamine release from mast cells, LOR and DES 285 possess a number of anti-inflammatory activities [37, 38]. Their inhibitory effects on 286 the rhinovirus-induced upregulation of intercellular adhesion molecule 1 and 287 promoter activation in respiratory epithelial cells have been documented recently, 288 which might be important for the therapeutic control of virus-induced asthma 289 exacerbations [39]. Therefore, we inferred that in addition to the inhibitory effects of 290 LOR and DES against SARS-CoV-2, their anti-inflammatory properties are attractive 291 research options to ease the symptoms of COVID-19 and could be promising new 292 agents for COVID-19 treatment. 293 SARS-CoV-2, a beta coronavirus, similar to SARS-CoV and Middle East respiratory 294 syndrome-CoV, binds to ACE2 to enter human cells [40]. The spike glycoprotein of 295 SARS-CoV-2 is essential for attachment, fusion, and viral invasion [7]. Before the 296 virus binds to ACE2, blocking or manipulating the SARS-CoV-2 receptor binding 297 domain (RBD) and ACE2 binding interface may be a very effective strategy against 298 the virus. Here, by combining CMC and SPR method, we demonstrated for the first 299 time that histamine H 1 antagonists LOR and DES can bind with ACE2, which may be 300 why they exhibit the antiviral effects.",
            "latex": null,
            "type": "figure"
        },
        "FIGREF14": {
            "text": "study on the crystal structure of the binding between SARS-CoV-2 RBD and 302 ACE2 showed that the overall interface is similar to that between SARS-CoV and 303 ACE2, mediated mainly through polar interactions. With a cut-off distance of 4 \u00c5interfaces of ACE2, as shown inFig. 4B. Further, our docking results revealed 308 that removing the substituent group in piperidine of LOR led to differences in location309 and binding forces. The ethoxycarbonyl group in LOR has strong electronegativity, 310 which reduces the electron cloud density of nitrogen atoms in piperidine, resulting in 311 difficulty in forming hydrogen bonds with amino acid residues. Thus, DES could 312 form one hydrogen bond with LYS31, but LOR binding to ACE2 relied on 313 non-hydrogen bonds. This may explain why the binding affinity between DES and 314 ACE2 is much stronger than that between LOR and ACE2. Notably, LEU455 of 315 SARS-CoV-2 RBD can interact with LYS31 of ACE2 [42]. However, the binding of 316 DES to LYS31 can block the interaction between SARS-CoV-2 RBD and ACE2. This 317 may result in better inhibitory effect of DES on SARS-CoV-2 spike pseudotyped virus 318 than that of LOR. 319 Because of the highly pathogenic and infectious nature of SARS-CoV-2, the 320 handling of live viruses needs to achieve a laboratory safety level of 3 or above [43]. 321 Limited by these strict experimental conditions, this study could only be conducted 322 using a pseudotyped virus technology. The anti-SARS-CoV-2 activities of LOR and 323 DES would be examined in a native virus and animal models in further studies. We 324 believe that these drugs could be effective in the clinical treatment of COVID-19 as 325 well as act as novel targets and lead compounds for anti-SARS-CoVrevealed that LOR and DES could prevent the entry of SARS-CoV-2 spike 329 pseudotyped virus into cells by blocking the binding of SARS-CoV-2 with ACE2. For 330 the treatment of COVID-19, DES may be a more effective novel drug than LOR.",
            "latex": null,
            "type": "figure"
        },
        "FIGREF15": {
            "text": "The effect of cell viability on ACE2 h cells treated with LOR and DES for 24 502 h. (A) The protein expression level of ACE2 in HEK293T cell and ACE2-HEK293T 503 cell. (B) The cell viability of LOR and DES on ACE2 h cells. n=5, The effect of LOR and DES on the entrance of SARS-CoV-2 Spike 507 pseudotyped virus into ACE2 h cells. (A) The entrance of SARS-CoV-2 Spike 508 pseudotyped virus into ACE2 h cells after treated with 20 \u03bcM LOR and DES. (B) The 509 effect of different concentration of DES on the entrance of SARS-CoV-2 Spike 510 pseudotyped virus into ACE2 h cells. (C) The fluorescence image of SARS-CoV-2 511 Spike pseudotyped virus infected ACE2 h cells in 24 h and 48 h after treated with 20 512 \u03bcM DES. Data are presented as mean \u00b1 S.D. n=3, *p<0.05, **p<0.01, ***p<0.001 513 compared with group 0 or control.",
            "latex": null,
            "type": "figure"
        },
        "FIGREF16": {
            "text": "The binding character of LOR and DES with ACE2. The molecular docking of LOR and DES with ACE2 receptor. (A) The 520 chemical structural of LOR and DES. (B) The docking mode of ACE2 and 521 SARS-CoV-2 spike protein, in which the contacting residues are shown as sticks at 522 the SARS-CoV-2 RBD-ACE2 interfaces. (C) The docking mode of LOR with ACE2. 523 (D) The docking mode of DES withACE2. (E) The docking mode of LOR and DES 524 with ACE2 represented in cavity depth maps. ACE2 is shown in green, and the 525 SARS-CoV-2 RBD core is shown in orange. DES is shown in blue, and LOR shown 526 in purple. (PDB ID: 6M0J).",
            "latex": null,
            "type": "figure"
        },
        "TABREF0": {
            "text": "LOR and DES were from Dalian meilun Co. Ltd. (Dalian, China) with the purity of 99%. Dulbecco's Modification of Eagle's Medium (DMEM) with high glucose and 108 fetal bovine serum (FBS) was obtained from HyClone (Logan, UT, USA). Penicillinstreptomycin solution was purchased from Xi'an Hat Biotechnology Co., Ltd (Xi'an, China). Cell Counting Kit was purchased from 7Sea Pharmatech Co., Ltd (Shanghai, ACE2 overexpressing HEK293T cells (ACE2 h ) were built by the preliminary work of our group [30]. The cells were cultured in DMEM containing 10% FBS, 1%penicillin-streptomycin and 4 \u03bcg/mL puromycin at 37\u00b0C in a 5% CO 2 incubator.Cell viability was determined using Cell Counting Kit assays. ACE2 h cells were seeded into 96-well plates at a density of 5 \u00d7 10 3 cells per well. After cultured the plate for 24 h, cells were treated with different concentrations of LOR or DES (0, 1, cultured in a 37\u00b0C incubator containing 5% CO 2 for 24 h. Then 50 \u03bcL of medium was carefully aspirated from wells followed by adding another 50 \u03bcL of medium containing corresponding dose of LOR or DES and incubating for 2 h. 10 \u03bcL of SARS-CoV-2 Spike pseudotyped virus was then added. After infection at 37\u00b0C with 5% CO 2 in incubator for 10-12 h, the culture medium containing the virus was sucked",
            "latex": null,
            "type": "table"
        }
    },
    "back_matter": []
}