{
    "paper_id": "0097c577b894dac827321f8fce718e2939416ea4",
    "metadata": {
        "title": "Endoscopy news Clinical, financial and academic implications of COVID-19 on a tertiary care interventional endoscopy programme",
        "authors": [
            {
                "first": "Ji",
                "middle": [
                    "Young"
                ],
                "last": "Bang",
                "suffix": "",
                "affiliation": {
                    "laboratory": "",
                    "institution": "AdventHealth Orlando",
                    "location": {
                        "addrLine": "AdventHealth Orlando",
                        "postCode": "32803-1489",
                        "settlement": "Orlando, Orlando",
                        "region": "Florida, FL",
                        "country": "USA, USA"
                    }
                },
                "email": ""
            },
            {
                "first": "Robert",
                "middle": [],
                "last": "Hawes",
                "suffix": "",
                "affiliation": {
                    "laboratory": "",
                    "institution": "AdventHealth Orlando",
                    "location": {
                        "addrLine": "AdventHealth Orlando",
                        "postCode": "32803-1489",
                        "settlement": "Orlando, Orlando",
                        "region": "Florida, FL",
                        "country": "USA, USA"
                    }
                },
                "email": ""
            },
            {
                "first": "Shyam",
                "middle": [],
                "last": "Varadarajulu",
                "suffix": "",
                "affiliation": {
                    "laboratory": "",
                    "institution": "AdventHealth Orlando",
                    "location": {
                        "addrLine": "AdventHealth Orlando",
                        "postCode": "32803-1489",
                        "settlement": "Orlando, Orlando",
                        "region": "Florida, FL",
                        "country": "USA, USA"
                    }
                },
                "email": ""
            }
        ]
    },
    "abstract": [],
    "body_text": [
        {
            "text": "While there is consensus that the COVID-19 pandemic has negatively impacted delivery of routine clinical care and has put enormous stress on the financial status of healthcare systems, definitive data on the effect of this ongoing pandemic on individual subspecialties, such as interventional endoscopy, are lacking. In an audit, we projected a 7.3% decline in the annual procedural volume, 15.2% increase in anticipated procedure-related reimbursement and 22.6% loss in downstream revenue to the health system, per Medicare fee structure calculations. While lack of patient enrolment delayed conclusion of clinical trials, educational activities transitioned from inperson to online attendance with greater outreach and more delegate participation. Some changes, particularly pertaining to patient referrals and education, are likely permanent.",
            "cite_spans": [],
            "ref_spans": [],
            "section": "MESSAGE"
        },
        {
            "text": "The healthcare system has not experienced a pandemic crisis in several generations. When healthcare delivery is severely disrupted, screening and diagnostic evaluations can often be delayed without adversely affecting long-term health. However, for interventional endoscopy centres, where referrals are often for diagnosis of suspected malignancies or for minimally invasive treatment such as resection of early cancer, delay in medical care carries consequences. While an estimated 18 million GI endoscopic procedures are performed each year, before and after undergoing procedures, patients often require additional work-up that includes hospitalisations, diagnostic investigations and oncological or surgical treatment. These evaluations and interventions generate both direct and indirect downstream revenue for health systems. 1 While it is widely believed that healthcare institutions face unprecedented clinical workflow and financial pressures due to COVID-19, 2 its impact on the discipline of interventional endoscopy is unclear. Our objective was to examine the clinical, financial and academic implications of COVID-19 on a tertiary-level interventional endoscopy centre in the USA.",
            "cite_spans": [
                {
                    "start": 832,
                    "end": 833,
                    "text": "1",
                    "ref_id": "BIBREF0"
                }
            ],
            "ref_spans": [],
            "section": "IN MORE DETAIL"
        },
        {
            "text": "The Center for Interventional Endoscopy, instituted in the AdventHealth Orlando hospital in April 2013, is staffed by 5 full-time endoscopists and 62 support personnel that include nurses, technicians, and administrative and research staff. Only advanced endoscopies are undertaken, with 78% being performed on outpatients referred for procedures from a 1000-kilometres radius. Academic activities include live endoscopy courses, regional symposiums, clinical trials and publications in peerreviewed journals. The impact of COVID-19 was measured by comparing procedural volume, anticipated direct and indirect downstream revenue per Medicare calculations, and academic productivity between 2019 and 2020. The procedural volumes for January 2019-September 2020 were extracted from the endoscopy database, except for the months of October-December 2020, which were based on monthly volumes during the same time period in 2019, with provision for projected increase, based on 2020 monthly trends. The cost data for January 2019-September 2020 were obtained from the hospital finance department; the financial data for October-December 2020 were extrapolated based on the same period in 2019, with provision for projected increase, based on 2020 monthly trends. As a surrogate indicator for revenue, cost to charge ratio was applied for all procedural and hospitalrelated downstream services, based on Medicare reimbursement fee structure.",
            "cite_spans": [],
            "ref_spans": [],
            "section": "IN MORE DETAIL"
        },
        {
            "text": "During March through May 2020, public policy mandated that all elective procedures be deferred. During this period, procedural indications were categorised as urgent, semiurgent or non-urgent (online supplemental table 1), and only procedures deemed urgent or being requested on inpatients were performed. Two of five endoscopy suites were kept operational with two teams of nurses and technicians to perform urgent procedures. A dedicated team and suite were identified to perform procedures on COVID-19-positive patients. Two personnel were assigned to contact all referred patients to reassure that procedures would be undertaken once restrictions were eased. All referring physicians were informed that uninterrupted services would be provided based on clinical urgency. Two research nurses were assigned to collect follow-up data on eligible study subjects to facilitate statistical analysis. Figure 1 shows the total procedural volume from 2013 to 2020. While a year-to-year mean annual increase of 12% was observed until 2019, a 7.3% decrease is projected for 2020. Figure 2 shows that, when compared with 2019, the mean procedural Endoscopy news volume increased in 2020, except for the months of March through May, with overall growth of 5.9%. Since June 2020, when restrictions were eased, after confirmation of COVID-19negative status, procedures deemed semiurgent were performed first followed by non-urgent cases. Of the 916 patients categorised as semiurgent or non-urgent, 54 (5.9%) preferred to wait until a later time, 49 (5.3%) refused care, 86 (9.4%) declined procedures for fear of infection transmission, 50 (5.5%) had undergone procedures at other facilities, and 10 (1.1%) died due to underlying disease comorbidity. Of the remaining 667 patients, 532 (79.8%) had already undergone or are scheduled to undergo procedures at our facility and data on others are not available.",
            "cite_spans": [],
            "ref_spans": [
                {
                    "start": 898,
                    "end": 906,
                    "text": "Figure 1",
                    "ref_id": "FIGREF0"
                },
                {
                    "start": 1073,
                    "end": 1081,
                    "text": "Figure 2",
                    "ref_id": "FIGREF1"
                }
            ],
            "section": "COVID-19 organisation"
        },
        {
            "text": "When compared with 2019, we project a 15.2% increase in reimbursement (based on Medicare calculation) for endoscopic procedures and 22.6% decrease in downstream revenue to the healthcare system for 2020. While no substantial difference was projected for the number of patients being transferred or admitted to the endoscopic service (660 in 2019 vs 676 in 2020), the overall downstream surgical referrals in 2020 is likely to be less by 27.5% (276 vs 200).",
            "cite_spans": [],
            "ref_spans": [],
            "section": "Direct and downstream costs"
        },
        {
            "text": "As clinical trial enrolments were discontinued by institutionmandated policy for 7 months (March-September 2020), only two of five ongoing randomised trials could be concluded. However, the number of original research manuscripts accepted for publication was more in 2020 compared with 2019 (10 vs 6). While four symposiums that encompassed one live demonstration drew attendance of 640 delegates from 35 countries in 2019, all inperson conferences were cancelled in 2020 and converted to webinars. Five online webinars that incorporated live demonstrations drew a cumulative attendance of 11 724 delegates from 88 countries ( figure 3) . The median cost of webinar that incorporates live transmissions from four endoscopy suites was approximately US$4750 (IQR=2000-9850) as compared with nearly US$51 000 (IQR=36 000-274 500) for inperson symposiums (p=0.020).",
            "cite_spans": [],
            "ref_spans": [
                {
                    "start": 627,
                    "end": 636,
                    "text": "figure 3)",
                    "ref_id": "FIGREF2"
                }
            ],
            "section": "Academic productivity"
        },
        {
            "text": "The fee for service rendered by a physician is measured by Medicare in relative value units (RVUs). Compared with 2019, a 7.6% decline in total pooled RVUs for the five endoscopists is projected for 2020 (69 652 vs 64 317). However, as the physician group met threshold RVU requirements (50 000 RVU/year), the base professional compensation was not negatively impacted. ",
            "cite_spans": [],
            "ref_spans": [],
            "section": "Physician productivity"
        },
        {
            "text": "While 60% of the nursing staff rotated to other areas of the hospital requiring nursing support or took paid time off, other staff personnel worked remotely. None of the staff was furloughed or laid off and all 62 personnel resumed routine work from June 2020. Also, no member of the healthcare team contracted COVID-19.",
            "cite_spans": [],
            "ref_spans": [],
            "section": "Manpower utilisation"
        },
        {
            "text": "The COVID-19 pandemic has dramatically changed how patient care is delivered in health systems. At the peak of the pandemic, to decrease the risk of virus transmission to both patients and healthcare workers, elective and preventive procedures were deferred. For their part, many patients continue to avoid hospital visits to minimise risk of exposure. During this period, the American Hospital Association estimated a total 4-month financial impact of $202.6 billion in losses for hospitals and health systems, or an average of $50.7 billion per month.",
            "cite_spans": [],
            "ref_spans": [],
            "section": "COMMENTS"
        },
        {
            "text": "Our study pertaining to interventional endoscopy projects that while COVID-19 may have resulted in 22.6% decrease in downstream revenue for the health system, there was no adverse impact on direct revenue from procedural services. While we speculate that a quick return to 5.9% sustained growth and higher payment, more recently, for complexity of therapeutic endoscopy services may have compensated for the financial loss due to brief decline in procedural volume, the projected decrease in downstream revenue was likely due to fewer surgical referrals. We observed that this was mainly because patients with suspected pancreatic or intraluminal mass lesions had locally advanced or metastatic cancer diagnosed on endoscopic ultrasound, likely due to delay in seeking care because of the desire to minimise exposure to COVID-19. Although fewer patients were enrolled in clinical trials, given the relatively light procedural schedule for 3 months, academic productivity as measured by peer-reviewed publications was higher in 2020. A major change in educational endeavours was the transformation from inperson live courses to web-based online transmissions. This transformation increased delegate attendance by nearly 20-fold and enabled outreach to majority of countries across all continents. More importantly, the administrative cost of organising symposiums decreased significantly by more than 90%.",
            "cite_spans": [],
            "ref_spans": [],
            "section": "COMMENTS"
        },
        {
            "text": "While we have not seen the last of this pandemic yet, what are the long-term implications and what lessons can we learn from this experience? One, the pandemic may have negatively impacted long-term plans for expansion of clinical programmes or infrastructure as health systems require demonstration of increasing procedural volume or ongoing demand for services, particularly during financial duress. While our annual procedural volume demonstrated 5.8%-15% year-to-year growth for 7 consecutive years and a 5.9% increase since ease of state-mandated restrictions, there was still 7.3% overall decline in procedural volume for 2020. It is unclear whether this trend is temporary or permanent. In order to overcome these unanticipated setbacks, it is important for tertiary interventional endoscopy centres such as ours, which are inherently dependent on outside referrals, to periodically reassess service portfolio and make available innovative and critical services that are in demand. With this objective in mind, we intend to initiate a signature bariatric endoscopy programme in 2021. A comprehensive programme that can offer an array of expert services is more likely to draw newer referrals thereby maintaining procedural volume and withstand downturns. Two, this pandemic is unlikely to be the last that the endoscopy society will face. The experience, although difficult, has taught us how to prioritise procedural services, maintain communication with referring physicians and patients, regulate clinical flow, undertake safety measures, use modern technology (telehealth) to perform distant consultations, and receive payment for rendering these services. However, a lot more needs to be done. A streamlined contingency plan must be instituted in tertiary referral centres so that minimally invasive endoscopic interventions can be seamlessly delivered even in the midst of a global pandemic or emergency. While these contingencies may not resolve every challenge, they may ensure timely delivery of critically needed services, generate revenue to health systems when other departments experience large declines, and facilitate a faster path to recovery. Three, the present experience may have left a permanent impact on endoscopic education. While certain experiences such as one-on-one interaction in hands-onlabs may not be reproducible, most other features such as small group teaching, preceptorships and live demonstrations can still be undertaken. It is very likely that additional technical and technological iterations will further enhance this learning experience. These changes will help curtail conference budgets, obviate travel inconvenience, minimise personal and business expense, and reduce time away from work. A limitation of this report is that it pertains to one major, private, not-for-profit health system in the USA and the news presented herein may not be generalisable. Also, not all facets of financial implications, such as the cost of COVID-19 testing, mandatory use of personal protective equipment that has universally increased hospital costs for delivering clinical care and loss of revenue due to decrease in downstream referrals to radiology or oncology, were evaluated.",
            "cite_spans": [],
            "ref_spans": [],
            "section": "COMMENTS"
        },
        {
            "text": "The three major tenets of an academic interventional endoscopy unit are delivery of high-end clinical services, world-class education and cutting-edge research. It is important that these goals are maintained even during difficult times so that when the unforeseen strikes, clinical care is not compromised, high impact research is still pursued, and the programme remains a beacon of resource for patients, referring physicians and the regional community. ",
            "cite_spans": [],
            "ref_spans": [],
            "section": "COMMENTS"
        },
        {
            "text": "Contributors JYB: study design, statistical analysis, interpretation of data, drafting of the manuscript, critical revision of the manuscript. SV: study concept and design, interpretation of data, drafting of the manuscript, critical revision of the manuscript. RH: critical revision of manuscript.",
            "cite_spans": [],
            "ref_spans": [],
            "section": "Endoscopy news"
        },
        {
            "text": "Funding The authors have not declared a specific grant for this research from any funding agency in the public, commercial or not-for-profit sectors. Ethics approval Given that patient care was not involved, the institutional review board exempted the study protocol from review.",
            "cite_spans": [],
            "ref_spans": [],
            "section": "Endoscopy news"
        },
        {
            "text": "Provenance and peer review Not commissioned; externally peer reviewed.",
            "cite_spans": [],
            "ref_spans": [],
            "section": "Competing interests"
        },
        {
            "text": "Supplemental material This content has been supplied by the author(s). It has not been vetted by BMJ Publishing Group Limited (BMJ) and may not have been peer-reviewed. Any opinions or recommendations discussed are solely those of the author(s) and are not endorsed by BMJ. BMJ disclaims all liability and responsibility arising from any reliance placed on the content. Where the content includes any translated material, BMJ does not warrant the accuracy and reliability of the translations (including but not limited to local regulations, clinical guidelines, terminology, drug names and drug dosages), and is not responsible for any error and/or omissions arising from translation and adaptation or otherwise.",
            "cite_spans": [],
            "ref_spans": [],
            "section": "Competing interests"
        },
        {
            "text": "This article is made freely available for use in accordance with BMJ's website terms and conditions for the duration of the covid-19 pandemic or until otherwise determined by BMJ. You may use, download and print the article for any lawful, non-commercial purpose (including text and data mining) provided that all copyright notices and trade marks are retained.",
            "cite_spans": [],
            "ref_spans": [],
            "section": "Competing interests"
        },
        {
            "text": "Ji Young Bang http:// orcid. org/ 0000-0001-9351-3267 Shyam Varadarajulu http:// orcid. org/ 0000-0002-0047-0016",
            "cite_spans": [],
            "ref_spans": [],
            "section": "ORCID iDs"
        }
    ],
    "bib_entries": {
        "BIBREF0": {
            "ref_id": "b0",
            "title": "Upstream and downstream revenue of upper gastrointestinal endoscopic ultrasound determined with an episode-of-care approach",
            "authors": [
                {
                    "first": "D",
                    "middle": [],
                    "last": "Maeng",
                    "suffix": ""
                },
                {
                    "first": "B",
                    "middle": [],
                    "last": "Wall",
                    "suffix": ""
                },
                {
                    "first": "D",
                    "middle": [],
                    "last": "Hassen",
                    "suffix": ""
                }
            ],
            "year": 2019,
            "venue": "Endosc Int Open",
            "volume": "7",
            "issn": "",
            "pages": "1316--1337",
            "other_ids": {
                "DOI": [
                    "10.1055/a-0990-9458"
                ]
            }
        },
        "BIBREF1": {
            "ref_id": "b1",
            "title": "Hospitals and health systems face unprecedented financial pressures due to COVID-19",
            "authors": [],
            "year": null,
            "venue": "",
            "volume": "",
            "issn": "",
            "pages": "",
            "other_ids": {}
        }
    },
    "ref_entries": {
        "FIGREF0": {
            "text": "Interventional endoscopy procedural volume from 2013 to 2020.",
            "latex": null,
            "type": "figure"
        },
        "FIGREF1": {
            "text": "Monthly procedural volume trend in 2020 as compared with 2019.",
            "latex": null,
            "type": "figure"
        },
        "FIGREF2": {
            "text": "International delegate participation for inperson symposiums (left panel) as compared with online symposiums (right panel).",
            "latex": null,
            "type": "figure"
        },
        "TABREF0": {
            "text": "JYB: consultant for Olympus America and Boston Scientific. SV: consultant for Boston Scientific, Olympus America, Covidien and Creo Medical. RH: consultant for Boston Scientific, Olympus America, Covidien, Creo Medical, Nine Point Medical and Cook Medical. Patient consent for publication Not required.",
            "latex": null,
            "type": "table"
        }
    },
    "back_matter": []
}