{"paper_id": "009892e02bc1a4c9abf6f547b979e68ecbde8087", "metadata": {"title": "Viral respiratory tract infections in young children with cystic fibrosis: a prospective full-year seasonal study", "authors": [{"first": "Mathilde", "middle": [], "last": "Eymery", "suffix": "", "affiliation": {}, "email": ""}, {"first": "Florence", "middle": [], "last": "Morfin", "suffix": "", "affiliation": {}, "email": ""}, {"first": "Anne", "middle": [], "last": "Doleans-Jordheim", "suffix": "", "affiliation": {}, "email": ""}, {"first": "Marie", "middle": [], "last": "Perceval", "suffix": "", "affiliation": {}, "email": ""}, {"first": "Camille", "middle": [], "last": "Ohlmann", "suffix": "", "affiliation": {}, "email": ""}, {"first": "Catherine", "middle": [], "last": "Mainguy", "suffix": "", "affiliation": {}, "email": ""}, {"first": "Philippe", "middle": [], "last": "Reix", "suffix": "", "affiliation": {}, "email": ""}]}, "abstract": [{"text": "Background: Viral respiratory tract infections are common during early childhood. How they impact cystic fibrosis lung disease history in young children is poorly known. The principal aim of our study was to determinate respiratory tract infections frequency in this cystic fibrosis young population. Secondary outcomes were nature of viral agents recovered and impact of such infections.", "cite_spans": [], "ref_spans": [], "section": "Abstract"}, {"text": "We conducted a prospective cohort study of 25 children affected by cystic fibrosis and aged less than 2 years. Nasal samplings were taken systematically monthly or bimonthly with additional samples taken during respiratory tract infections episodes. Ten pathogens were tested by a combination of five duplex RT-PCRs or PCRs: influenza A and B, respiratory syncytial virus (RSV), metapneumovirus (MPV), rhinovirus/enterovirus (RV/EV)), coronavirus (HKU1, NL63, 229E and OC43), parainfluenza virus (1-4), adenovirus and bocavirus (Respiratory Multi-Well System MWS r-gene\u00ae, BioM\u00e9rieux, Marcy l'\u00c9toile, France). Cycle thresholds (CTs) were reported for all positive samples and considered positive for values below 40. Quantitative variables were compared using a nonparametric statistical test (Wilcoxon signed rank for paired comparisons). Pearson's correlation coefficient (r) was used to assess relationships between two variables. Statistical analyses were performed using SAS v9.4 (SAS Institute, Cary, NC, USA) or GraphPad Prism V6.00 (GraphPad Software, La Jolla, CA, USA). The significance level was set at 0.05. Results: The mean age at inclusion was 9.6 \u00b1 6.7 months. The patients had 3.4 \u00b1 1.7 respiratory tract infections episodes per child per year. Forty-four respiratory tract infections (69%) were associated with virus: rhinovirus and enterovirus (RV/EV) were implied in 61% of them and respiratory syncytial virus (RSV) in 14%. Only one patient required hospitalization for lower respiratory tract infections. 86% of the patients were treated by antibiotics for a mean of 13.8 \u00b1 6.2 days. RSV infections (n = 6) were usually of mild severity.", "cite_spans": [], "ref_spans": [], "section": "Abstract"}, {"text": "Conclusions: Respiratory tract infections in young children with cystic fibrosis were of mild severity, rarely requiring hospitalization. Unsurprisingly, RV/EV were the most frequent agents. RSV-related morbidity seems low in this population. This raises the question of the usefulness of RSV preventive medication in this young population.", "cite_spans": [], "ref_spans": [], "section": "Abstract"}], "body_text": [{"text": "Cystic fibrosis (CF) is a rare genetic condition affecting more than 90,000 people worldwide. Despite implementation of neonatal newborn screening programs in some countries and improvement in patient care over the last few years, CF-related lung disease remains the main cause of morbidity-mortality in these patients. The role of bacterial pathogens such as Staphylococcus aureus (SA) and Pseudomonas aeruginosa (PA) has been extensively studied for several decades whereas the respiratory viruses pathogenesis remained little explored. The availability of new diagnostic molecular tests to detect virus infections has recently boosted the interest in evaluating their impact during pathological conditions such as CF in children [1] [2] [3] [4] [5] [6] [7] [8] [9] and in adults [10] [11] [12] [13] [14] [15] .", "cite_spans": [{"start": 732, "end": 735, "text": "[1]", "ref_id": "BIBREF0"}, {"start": 736, "end": 739, "text": "[2]", "ref_id": "BIBREF1"}, {"start": 740, "end": 743, "text": "[3]", "ref_id": "BIBREF2"}, {"start": 744, "end": 747, "text": "[4]", "ref_id": "BIBREF3"}, {"start": 748, "end": 751, "text": "[5]", "ref_id": "BIBREF4"}, {"start": 752, "end": 755, "text": "[6]", "ref_id": "BIBREF5"}, {"start": 756, "end": 759, "text": "[7]", "ref_id": "BIBREF6"}, {"start": 760, "end": 763, "text": "[8]", "ref_id": "BIBREF7"}, {"start": 764, "end": 767, "text": "[9]", "ref_id": "BIBREF8"}, {"start": 782, "end": 786, "text": "[10]", "ref_id": "BIBREF9"}, {"start": 787, "end": 791, "text": "[11]", "ref_id": "BIBREF10"}, {"start": 792, "end": 796, "text": "[12]", "ref_id": "BIBREF11"}, {"start": 797, "end": 801, "text": "[13]", "ref_id": null}, {"start": 802, "end": 806, "text": "[14]", "ref_id": "BIBREF12"}, {"start": 807, "end": 811, "text": "[15]", "ref_id": "BIBREF13"}], "ref_spans": [], "section": "Background"}, {"text": "There is however a critical lack of data describing viral respiratory tract infections (RTIs) in young children with CF aged less than 2 years, when RTIs are particularly frequent and potentially more severe at this early period of life. Some studies conducted in the late 1980s and 1990s have drawn a pessimistic scenario of viral RTIs in this vulnerable population that is no longer observed. In these seminal studies, clinical manifestations were described as severe, frequently requiring hospitalization and prolonged oxygen supply or mechanical ventilation [16] [17] [18] . Some patients were described as acquiring pathogens such as PA in the weeks or months following RTI [18, 19] . At that time, respiratory syncytial virus (RSV) was found to be the most frequently recovered virus, but diagnostic tools were limited to immunological assays and viral culture, thus limiting the spectrum of virus that may be recovered. Recent studies have shown that RSV epidemics may be associated with the occurrence of more pulmonary exacerbations [20] , but RSV is rarely responsible for hospitalization because of respiratory events in CF patients [21, 22] .", "cite_spans": [{"start": 562, "end": 566, "text": "[16]", "ref_id": "BIBREF14"}, {"start": 567, "end": 571, "text": "[17]", "ref_id": "BIBREF15"}, {"start": 572, "end": 576, "text": "[18]", "ref_id": "BIBREF16"}, {"start": 679, "end": 683, "text": "[18,", "ref_id": "BIBREF16"}, {"start": 684, "end": 687, "text": "19]", "ref_id": "BIBREF17"}, {"start": 1042, "end": 1046, "text": "[20]", "ref_id": "BIBREF18"}, {"start": 1144, "end": 1148, "text": "[21,", "ref_id": "BIBREF19"}, {"start": 1149, "end": 1152, "text": "22]", "ref_id": "BIBREF20"}], "ref_spans": [], "section": "Background"}, {"text": "We designed a prospective cohort study to better explore the frequency of RTI, along with their severity, the nature of viral agents recovered and the associated short-term outcomes.", "cite_spans": [], "ref_spans": [], "section": "Background"}, {"text": "Between March 2015 and April 2016, 33 families were contacted. Eight refused to participate (three because repeated nasal swab samplings were required, two because of the overall burden of the study, two for unexplained reasons, one for a language barrier issue). Finally, 25 young children with CF aged less than 24 months were recruited to participate in the study. All had confirmed CF based on compatible clinical features associated with two positive sweat tests (sweat chloride concentration \u2265 60 mmol/L) and/or two CFTR gene mutations. None received palivizumab because it is not used in our current practice.", "cite_spans": [], "ref_spans": [], "section": "Patient recruitment"}, {"text": "This was a prospective cohort study conducted in a single pediatric center (Lyon, France). The study was approved by the local Institutional Review Board (Comit\u00e9 Consultatif de Protection des Personnes dans la Recherche Biom\u00e9dicale, Lyon; No. 2014-AO1387640). Parents or legal guardians gave their assent and signed an informed consent form before their children entered the study.", "cite_spans": [], "ref_spans": [], "section": "Study design, ethics, objectives and outcome measures"}, {"text": "The primary outcome measure was the frequency of RTIs per year. The secondary outcomes measured during the year of follow-up were: (1) virus identification by multiplex PCR; (2) number of hospitalizations, number of oral/intravenous antibiotic courses, steroids, bronchodilator use, number of days of parental work absenteeism, unscheduled outpatient visits; (3) difference in weight Z-scores between the start and the end of the study; (4) comparison between virus-negative and -positive RTIs for age and weight Z-score at inclusion, difference in weight Z-scores between the beginning and end of the study period, total number of RTIs, cumulative number of days of antibiotics; (5) percentage of samples positive for PA and SA out of the the total number of samples taken routinely during the study, new isolation of a pathogen.", "cite_spans": [], "ref_spans": [], "section": "Study design, ethics, objectives and outcome measures"}, {"text": "It is routine practice in France for chest physiotherapists to visit patients at home to ensure regular chest physiotherapy and respiratory surveillance. As already reported [23] we thought that proper nasal sampling and filling out diaries by parents may be difficult to perform repeatedly over a long period of time; chest physiotherapists were therefore involved in the study to take nasal samples and recognize RTIs. Parents and chest physiotherapists were instructed to recognize RTI using a modified clinical score already used in a previous study conducted by van Ewijk and al in young children with CF [9] . There, the score was systematically performed twice weekly by parents, while in our study it was used on request by parents and physiotherapists to detect or confirm a possible RTI episodes revealed by the occurrence of symptoms. Briefly, Upper and Lower respiratory tract infection (URTI and LRTI) symptoms as well as general signs such as fever were recorded and a score calculated. In case of doubt, parents could ask the research nurse (by phone) or their chest physiotherapist (during the home visit) to confirm their findings. When the score was over 2, a nasal sample was collected at home by the chest physiotherapist within a maximum 3 days after the beginning of the symptoms, or at the center when the episode was coinciding with a visit.", "cite_spans": [{"start": 174, "end": 178, "text": "[23]", "ref_id": "BIBREF21"}, {"start": 610, "end": 613, "text": "[9]", "ref_id": "BIBREF8"}], "ref_spans": [], "section": "RTI identification, nasal swab sampling and viral analysis"}, {"text": "Furthermore, nasal swabs were systematically scheduled (even in absence of RTI signs) at the following frequencies depending on viral seasonality: every month from September 1st to March 31st and every 2 months from April 1st to October 31st during the year following inclusion in the study.", "cite_spans": [], "ref_spans": [], "section": "RTI identification, nasal swab sampling and viral analysis"}, {"text": "Nasopharyngeal samples were taken according to a recently described procedure using swabs (Sigma-Virocult\u00ae M40 compliant. MWE. Corsham Wiltshire, UK) after saline instillation [24] .", "cite_spans": [{"start": 176, "end": 180, "text": "[24]", "ref_id": "BIBREF22"}], "ref_spans": [], "section": "RTI identification, nasal swab sampling and viral analysis"}, {"text": "Respiratory specimen sampling (pharyngeal swabs) for bacterial cultures was performed at each center visit (four to six samples per patient per year depending on the age at inclusion). Bacterial cultures were performed on specific medias in order to identify major CF pathogens such as SA or PA. Colonies morphology, gram staining were than used for a first identification of each bacterial species. Than a MALDI-TOF-MS approach was done for the final identification. ", "cite_spans": [], "ref_spans": [], "section": "RTI identification, nasal swab sampling and viral analysis"}, {"text": "Quantitative variables are reported as mean \u00b1 standard deviation. Quantitative variables were compared using a nonparametric statistical test (Wilcoxon signed rank for paired comparisons). Pearson's correlation coefficient (r) was used to assess relationships between two variables. Statistical analyses were performed using SAS v9.4 (SAS Institute, Cary, NC, USA) or GraphPad Prism V6.00 (GraphPad Software, La Jolla, CA, USA). The significance level was set at 0.05.", "cite_spans": [], "ref_spans": [], "section": "Statistical analysis"}, {"text": "Twenty-five young children with a mean age of 9.6 \u00b1 6.7 months (range, 2-22.9 months) were included ( Table 1) . Half of them had siblings in their immediate family environment. Half attended exclusively family daycare. None received palivizumab and 22 patients (88%) were vaccinated against influenza virus. Sixty percent had commensal flora at inclusion.", "cite_spans": [], "ref_spans": [{"start": 102, "end": 110, "text": "Table 1)", "ref_id": "TABREF0"}], "section": "Patient characteristics at inclusion"}, {"text": "Eighty-five RTIs were identified for an average of 3.4 \u00b1 1.7 RTIs per child per year. Virally proven RTIs were identified at an average of 1.8 \u00b1 1.5 per child per year. There was no correlation between age at inclusion and the total number of RTIs (Pearson correlation, r = \u2212 0.24, p = 0.2353) nor virus-positive RTIs (Pearson correlation, (Table 2) .", "cite_spans": [], "ref_spans": [{"start": 340, "end": 349, "text": "(Table 2)", "ref_id": "TABREF1"}], "section": "Primary outcome: RTI frequency"}, {"text": "For the six patients presenting a RSV infection, the clinical progression was uncomplicated (Table 3) .", "cite_spans": [], "ref_spans": [{"start": 92, "end": 101, "text": "(Table 3)", "ref_id": "TABREF2"}], "section": "Primary outcome: RTI frequency"}, {"text": "One-third of the viral samples collected outside RTI episodes were virus-positive (Table 2 ). Compared to those recovered during RTI, the proportions were quite similar for RV, adenoviruses and metapneumovirus. However, a smaller proportion of RSV and influenza but a higher proportion of bocavirus and coronavirus were found in nasal swabs collected outside RTI periods.", "cite_spans": [], "ref_spans": [{"start": 82, "end": 90, "text": "(Table 2", "ref_id": "TABREF1"}], "section": "Viruses recovered without RTI"}, {"text": "Comparison of virus-positive and -negative RTI outcomes (Table 4) No differences were found between virus-positive and -negative RTIs among the following outcome measures: age at inclusion, weight Z-score at inclusion, difference of weight Z-scores between the beginning and end of the study period, total number of RTIs and cumulative number of days of antibiotics.", "cite_spans": [], "ref_spans": [{"start": 56, "end": 65, "text": "(Table 4)", "ref_id": "TABREF3"}], "section": "Viruses recovered without RTI"}, {"text": "One hospitalization was directly related to a viral RTI (LRTI related to RV/EV-adenovirus co-infection) out of the five hospitalizations. The others causes of hospitalization were non-respiratory viral infection (gastroenteritis) in two cases, one for prolonged cardiorespiratory monitoring and one for surgery (hexadactylia).", "cite_spans": [], "ref_spans": [], "section": "Viral RTI-related healthcare consumption"}, {"text": "Supplemental medications were needed in the vast majority of viral RTIs: oral antibiotics were prescribed at least once in 22 patients (88%) for a mean length of 13.8 \u00b1 6.2 days and a mean cumulative number of days of 28.9 \u00b1 21 days. Oral steroids were used in five patients (21%) for a mean length of 4.4 \u00b1 1.4 days because of prolonged or recurrent wheezing spells, and bronchodilators were used in four (18%) for a mean length of 4.5 \u00b1 7.8 days. A significant correlation was found between the total number of RTIs (virally proven or not) and the cumulative number of days under antibiotics used during the year of follow-up (Pearson correlation, r = 0.7941, p < 0.0001).", "cite_spans": [], "ref_spans": [], "section": "Viral RTI-related healthcare consumption"}, {"text": "Viral RTI was associated with a mean 0 \u00b1 0.2 days of parental absenteeism.", "cite_spans": [], "ref_spans": [], "section": "Viral RTI-related healthcare consumption"}, {"text": "At the beginning of the study the mean weight Z-score was \u2212 1.3 \u00b1 1.4; it was \u2212 0.9 \u00b1 1.6 at the end of the study. There was no correlation between weight Z-score differences between the start and the end of the study and the number of viral RTIs occurring during the year (Pearson correlation, r = \u2212 0.1708, p = 0.4142).", "cite_spans": [], "ref_spans": [], "section": "Nutritional impact"}, {"text": "Four percent of the patients were positive for PA and 32% for SA at inclusion. A mean 5.6 \u00b1 1.5 swabs were taken during the scheduled visit at the center for bacterial analysis. During the study, new isolation of PA occurred in five patients (5/24; 21%) and in ten patients (10/17; 59%) for SA. It is noteworthy that while none of our participants had Stenotrophomonas maltophilia (SM) at inclusion, four acquired this bacterium during the study period. The small number of patients in each subgroup precluded further statistical analysis. However, there was a trend for a higher number of total RTIs in patients with new isolations of PA, and the same was noticed for SM (Table 5 ).", "cite_spans": [], "ref_spans": [{"start": 672, "end": 680, "text": "(Table 5", "ref_id": "TABREF5"}], "section": "New pathogen acquisition"}, {"text": "Until recently, there were very few data describing RTI frequency, clinical consequences and nature of the virus recovered in young patients (\u2264 2 years) with CF using molecular diagnostic tools [6] . A consortium has been set up between the USA and Australia to precisely evaluate the impact of early respiratory viral infections in young children with CF (NCT01973192). We found that a mean 3.4 RTI episodes occurred in our patients over 1 year; the maximum number of RTIs recorded was seven in one patient. This frequency is in accordance with data reported by Collinson et al. in the late 1990s (3.4 URTIs per year in children under 6 years of age) using cultural or serological tools [18] , but is half the 3.8 episodes identified using PCR over the 6 winter months reported by van Ewijk et al. in a population of children with CF who were a mean 3.5 years old [9] . The most recent data published by the Swiss group did not provide a precise RTI frequency calculation because their methodology differed from ours [6] . The reason for the LRTI frequency reported in our study likely stems from the scoring system itself and the way we used it for the purposes Co-infections a 8 (20%) 8 (13%) a co-infections during RTI: rhinovirus associated with adenovirus (n = 2), RSV (n = 1), bocavirus (n = 1); bocavirus associated with influenza (n = 1), adenovirus (n = 1) and adenovirus associated with RSV (n = 3) Co-infections without RTI: rhinovirus associated with adenovirus (n = 2), bocavirus (n = 2), coronavirus (n = 1); bocavirus associated with adenovirus (n = 1), influenza (n = 1), cytomegalovirus (n = 1) of the study. This so-called \"respiratory illness\" scoring system was developed by van Ewijk et al. for parents for self-recording of URTI and/or LRTI clinical symptoms. This clinical score was systematically measured twice weekly. In the present study, because of the high risk of errors in filling in the diary or giving up over a longer period of time (12 months vs. 6 in the van Ewijk et al. study), we chose not to use it on a systematic basis, but rather as an aid for both parents and home caregivers to detect RTIs and launch nasal sampling. Furthermore, it appears that some RTI episodes may have been missed using this score, particularly mild URTIs. As expected in this young population, RV/EV remain the most frequently recovered viruses during RTI. Since the spread of molecular diagnostic tools, many studies have reported the same results in older children [1, 4, 6, 9, 15, 25, 26] , adolescents and adults [3, 10, 11, 15] . Overall, RV/EV are responsible for 70-80% of virally induced RTIs. However, we were more intrigued by the few RSV infections detected. Six patients were infected by RSV at a mean age of 14 \u00b1 6.4 months; none required hospitalization, and even in the youngest patients, the clinical course was uncomplicated. These findings contrast with those reported decades ago in unscreened CF babies in whom RSV infection was described as severe (requiring oxygen supply or invasive ventilation) in three out of seven patients (43%) [16, 17, 27] . The overall better health status of the children with CF in the present sample is likely the main explanation for this result, as well as their older age at the time of RSV infection. These results are particularly interesting in terms of RSV infection prevention and subsequent clinical trials. Our population of patients was palivizumab-free. The American Academy of Pediatrics recommends the use of palivizumab in CF for targeted patients, particularly those with poor nutritional status or with several siblings [28] . We speculate that precautions and preventive measures (hand washing, family daycare attendance, avoidance of virally infected individuals, etc.) followed by parents (on medical advice and on their own initiative) may be efficient enough to reduce virus circulation around these patients.", "cite_spans": [{"start": 194, "end": 197, "text": "[6]", "ref_id": "BIBREF5"}, {"start": 598, "end": 602, "text": "(3.4", "ref_id": null}, {"start": 688, "end": 692, "text": "[18]", "ref_id": "BIBREF16"}, {"start": 865, "end": 868, "text": "[9]", "ref_id": "BIBREF8"}, {"start": 1018, "end": 1021, "text": "[6]", "ref_id": "BIBREF5"}, {"start": 2485, "end": 2488, "text": "[1,", "ref_id": "BIBREF0"}, {"start": 2489, "end": 2491, "text": "4,", "ref_id": "BIBREF3"}, {"start": 2492, "end": 2494, "text": "6,", "ref_id": "BIBREF5"}, {"start": 2495, "end": 2497, "text": "9,", "ref_id": "BIBREF8"}, {"start": 2498, "end": 2501, "text": "15,", "ref_id": "BIBREF13"}, {"start": 2502, "end": 2505, "text": "25,", "ref_id": "BIBREF23"}, {"start": 2506, "end": 2509, "text": "26]", "ref_id": "BIBREF24"}, {"start": 2535, "end": 2538, "text": "[3,", "ref_id": "BIBREF2"}, {"start": 2539, "end": 2542, "text": "10,", "ref_id": "BIBREF9"}, {"start": 2543, "end": 2546, "text": "11,", "ref_id": "BIBREF10"}, {"start": 2547, "end": 2550, "text": "15]", "ref_id": "BIBREF13"}, {"start": 3074, "end": 3078, "text": "[16,", "ref_id": "BIBREF14"}, {"start": 3079, "end": 3082, "text": "17,", "ref_id": "BIBREF15"}, {"start": 3083, "end": 3086, "text": "27]", "ref_id": "BIBREF25"}, {"start": 3605, "end": 3609, "text": "[28]", "ref_id": "BIBREF26"}], "ref_spans": [], "section": "RTI epidemiology in young children with CF"}, {"text": "Approximately one-third of the study population carried viruses without any symptoms. RV/EV were recovered in 51% of these cases. The clinical significance of this finding is currently unknown, as are the underlying mechanisms and potential consequences. Whether or not this was the same subtype of picornavirus (RV or EV) was not addressed in this study, but prolonged carriage has been reported [4, 29] . In a recent study conducted in a mean of Over the year of the study follow-up 3.5 years old (range, 0-17 years) CF patients population sampled weekly for 6 months, the authors found that patients with CF had a more frequent and prolonged carriage of RV in comparison to their healthy counterparts, even if the subtypes did not differ [4] . The authors conclude that \"this may indicate increased viral replication and/or decreased viral antiviral defense in patients with CF.\" In younger patients (included within their first 3 months of life), Korten et al. found that RV without symptoms was detected in 20% of cases and that virus detection was less frequently associated with symptoms in comparison to healthy infants. This raises the question of the pathogenicity of these viruses in young patients with CF.", "cite_spans": [{"start": 397, "end": 400, "text": "[4,", "ref_id": "BIBREF3"}, {"start": 401, "end": 404, "text": "29]", "ref_id": "BIBREF27"}, {"start": 741, "end": 744, "text": "[4]", "ref_id": "BIBREF3"}], "ref_spans": [], "section": "RV/EV carriage"}, {"text": "We found that there was a trend toward a higher frequency of total RTI in young children in whom the first isolation of PA and SM occurred during the year of follow-up. However, we did not find the same trend for SA. However the study was not powered to specifically address this question, thus preventing us from drawing a firm conclusion. The risk factor that RTI represents for PA colonization was underlined several years ago, particularly after a severe episode of RTI [17, 27] . Furthermore, major pathogen acquisition in young children with CF (PA, SA, Achromobacter xylosoxidans) may follow seasonality, underpinning the concept of predisposing seasonal environmental factors such as respiratory virus epidemics [30, 31] . However, the trend identified herein for SM seems somewhat new and will need further attention. Whether viruses are able to directly alter airway bacterial flora in young patients with CF or these alterations are related to the frequent usage of antibiotics remains to be determined.", "cite_spans": [{"start": 474, "end": 478, "text": "[17,", "ref_id": "BIBREF15"}, {"start": 479, "end": 482, "text": "27]", "ref_id": "BIBREF25"}, {"start": 720, "end": 724, "text": "[30,", "ref_id": "BIBREF28"}, {"start": 725, "end": 728, "text": "31]", "ref_id": "BIBREF29"}], "ref_spans": [], "section": "Viral-bacterial interactions"}, {"text": "This study's strengths include its prospective cohort design, one of the first such studies conducted in young children with palivizumab-free CF, preventing potential interference of the monoclonal antibody on respiratory viral epidemiology. At home, samples were taken by physiotherapists using a detailed protocol, ensuring collection of good-quality samples.", "cite_spans": [], "ref_spans": [], "section": "Strengths and limitations of the study"}, {"text": "This study also has limitations. (1) There were fewer samples in comparison to recent studies [4, 6] . (2) In our hands, despite the presence of healthcare providers at home, the scoring system used to help parents and professional caregivers identify RITs in children was weak and may have missed several mild RTIs. (3) The overall low number of samples in each subgroup make the analysis of some well-known risk factors of RTIs such as daycare attendance or tobacco smoke exposure impossible. (4) The subjects' median age at inclusion was 6.4 months, which is likely already \"too late\" to evaluate the clinical impact of some viral RTIs that are known to be more worrisome at the youngest ages (usually before 3 months of age). (5) Finally, healthy controls were not included for comparison purposes.", "cite_spans": [{"start": 94, "end": 97, "text": "[4,", "ref_id": "BIBREF3"}, {"start": 98, "end": 100, "text": "6]", "ref_id": "BIBREF5"}], "ref_spans": [], "section": "Strengths and limitations of the study"}, {"text": "This study shows that respiratory viruses are responsible for around two-thirds of RTIs in young children with CF. In contrast to older studies and in accordance with more recent studies, viral RTIs are usually of mild severity, exceptionally leading to hospitalization. RSV infections were rare, and this raises the question of the usefulness of RSV preventive medication in this young population. ", "cite_spans": [], "ref_spans": [], "section": "Conclusion and future work"}], "bib_entries": {"BIBREF0": {"ref_id": "b0", "title": "Role of respiratory viruses in pulmonary exacerbations in children with cystic fibrosis", "authors": [{"first": "S", "middle": [], "last": "Asner", "suffix": ""}, {"first": "V", "middle": [], "last": "Waters", "suffix": ""}, {"first": "M", "middle": [], "last": "Solomon", "suffix": ""}], "year": 2012, "venue": "J Cyst Fibros", "volume": "11", "issn": "5", "pages": "433--442", "other_ids": {}}, "BIBREF1": {"ref_id": "b1", "title": "Respiratory viruses in children with cystic fibrosis: viral detection and clinical findings. Influenza Other Respir Viruses", "authors": [{"first": "J", "middle": ["L"], "last": "Burns", "suffix": ""}, {"first": "J", "middle": [], "last": "Emerson", "suffix": ""}, {"first": "J", "middle": [], "last": "Kuypers", "suffix": ""}], "year": 2012, "venue": "", "volume": "6", "issn": "", "pages": "218--241", "other_ids": {}}, "BIBREF2": {"ref_id": "b2", "title": "Rhinovirus-associated pulmonary exacerbations show a lack of FEV1 improvement in children with cystic fibrosis. Influenza Other Respir Viruses", "authors": [{"first": "M", "middle": [], "last": "Cousin", "suffix": ""}, {"first": "N", "middle": [], "last": "Molinari", "suffix": ""}, {"first": "V", "middle": [], "last": "Foulongne", "suffix": ""}], "year": 2016, "venue": "", "volume": "10", "issn": "", "pages": "109--121", "other_ids": {}}, "BIBREF3": {"ref_id": "b3", "title": "Frequency and duration of rhinovirus infections in children with cystic fibrosis and healthy controls: a longitudinal cohort study", "authors": [{"first": "J", "middle": ["S"], "last": "Dijkema", "suffix": ""}, {"first": "B", "middle": ["E"], "last": "Van Ewijk", "suffix": ""}, {"first": "B", "middle": [], "last": "Wilbrink", "suffix": ""}], "year": 2016, "venue": "Pediatr Infect Dis J", "volume": "35", "issn": "4", "pages": "379--83", "other_ids": {}}, "BIBREF4": {"ref_id": "b4", "title": "High rhinovirus burden in lower airways of children with cystic fibrosis", "authors": [{"first": "E", "middle": [], "last": "Kieninger", "suffix": ""}, {"first": "F", "middle": [], "last": "Singer", "suffix": ""}, {"first": "C", "middle": [], "last": "Tapparel", "suffix": ""}], "year": 2013, "venue": "Chest", "volume": "143", "issn": "3", "pages": "782--90", "other_ids": {}}, "BIBREF5": {"ref_id": "b5", "title": "Respiratory viruses in healthy infants and infants with cystic fibrosis: a prospective cohort study", "authors": [{"first": "I", "middle": [], "last": "Korten", "suffix": ""}, {"first": "E", "middle": [], "last": "Kieninger", "suffix": ""}, {"first": "S", "middle": [], "last": "Klenja", "suffix": ""}], "year": 2017, "venue": "", "volume": "", "issn": "", "pages": "", "other_ids": {}}, "BIBREF6": {"ref_id": "b6", "title": "Multiplex PCR reveals that viruses are more frequent than bacteria in children with cystic fibrosis", "authors": [{"first": "S", "middle": [], "last": "Miro-Canis", "suffix": ""}, {"first": "S", "middle": [], "last": "Capilla-Rubio", "suffix": ""}, {"first": "L", "middle": [], "last": "Marzo-Checa", "suffix": ""}], "year": 2017, "venue": "J Clin Virol", "volume": "86", "issn": "", "pages": "1--4", "other_ids": {}}, "BIBREF7": {"ref_id": "b7", "title": "Human rhinovirus types and association with respiratory symptoms during the first year of life", "authors": [{"first": "L", "middle": [], "last": "Muller", "suffix": ""}, {"first": "I", "middle": [], "last": "Mack", "suffix": ""}, {"first": "C", "middle": [], "last": "Tapparel", "suffix": ""}], "year": 2015, "venue": "Pediatr Infect Dis J", "volume": "34", "issn": "8", "pages": "907--916", "other_ids": {}}, "BIBREF8": {"ref_id": "b8", "title": "Prevalence and impact of respiratory viral infections in young children with cystic fibrosis: prospective cohort study", "authors": [{"first": "B", "middle": ["E"], "last": "Van Ewijk", "suffix": ""}, {"first": "M", "middle": ["M"], "last": "Van Der Zalm", "suffix": ""}, {"first": "T", "middle": ["F"], "last": "Wolfs", "suffix": ""}], "year": 2008, "venue": "Pediatrics", "volume": "122", "issn": "6", "pages": "1171--1177", "other_ids": {}}, "BIBREF9": {"ref_id": "b9", "title": "The role of respiratory viruses in adult patients with cystic fibrosis receiving intravenous antibiotics for a pulmonary exacerbation", "authors": [{"first": "C", "middle": [], "last": "Etherington", "suffix": ""}, {"first": "R", "middle": [], "last": "Naseer", "suffix": ""}, {"first": "S", "middle": ["P"], "last": "Conway", "suffix": ""}], "year": 2014, "venue": "J Cyst Fibros", "volume": "13", "issn": "1", "pages": "49--55", "other_ids": {}}, "BIBREF10": {"ref_id": "b10", "title": "Incidence and clinical impact of respiratory viruses in adults with cystic fibrosis", "authors": [{"first": "W", "middle": ["G"], "last": "Flight", "suffix": ""}, {"first": "R", "middle": ["J"], "last": "Bright-Thomas", "suffix": ""}, {"first": "P", "middle": [], "last": "Tilston", "suffix": ""}], "year": 2014, "venue": "Thorax", "volume": "69", "issn": "3", "pages": "247--53", "other_ids": {}}, "BIBREF11": {"ref_id": "b11", "title": "Virus and cystic fibrosis: rhinoviruses are associated with exacerbations in adult patients", "authors": [{"first": "H", "middle": [], "last": "Frickmann", "suffix": ""}, {"first": "S", "middle": [], "last": "Jungblut", "suffix": ""}, {"first": "T", "middle": ["O"], "last": "Hirche", "suffix": ""}], "year": 2012, "venue": "Eur J Microbiol Immunol (Bp)", "volume": "2", "issn": "3", "pages": "147--53", "other_ids": {}}, "BIBREF12": {"ref_id": "b12", "title": "Incidence of viral respiratory pathogens causing exacerbations in adult cystic fibrosis patients", "authors": [{"first": "R", "middle": ["A"], "last": "Hoek", "suffix": ""}, {"first": "M", "middle": ["S"], "last": "Paats", "suffix": ""}, {"first": "S", "middle": ["D"], "last": "Pas", "suffix": ""}], "year": 2013, "venue": "Scand J Infect Dis", "volume": "45", "issn": "1", "pages": "65--74", "other_ids": {}}, "BIBREF13": {"ref_id": "b13", "title": "Viral infections trigger exacerbations of cystic fibrosis in adults and children", "authors": [{"first": "P", "middle": ["A"], "last": "Wark", "suffix": ""}, {"first": "M", "middle": [], "last": "Tooze", "suffix": ""}, {"first": "L", "middle": [], "last": "Cheese", "suffix": ""}, {"first": "B", "middle": [], "last": "Whitehead", "suffix": ""}], "year": 2012, "venue": "Eur Respir J", "volume": "40", "issn": "2", "pages": "510--512", "other_ids": {}}, "BIBREF14": {"ref_id": "b14", "title": "Role of respiratory syncytial virus in early hospitalizations for respiratory distress of young infants with cystic fibrosis", "authors": [{"first": "S", "middle": ["H"], "last": "Abman", "suffix": ""}, {"first": "J", "middle": ["W"], "last": "Ogle", "suffix": ""}, {"first": "N", "middle": [], "last": "Butler-Simon", "suffix": ""}], "year": 1988, "venue": "J Pediatr", "volume": "113", "issn": "5", "pages": "826--856", "other_ids": {}}, "BIBREF15": {"ref_id": "b15", "title": "Severe viral respiratory infections in infants with cystic fibrosis", "authors": [{"first": "D", "middle": [], "last": "Armstrong", "suffix": ""}, {"first": "K", "middle": [], "last": "Grimwood", "suffix": ""}, {"first": "J", "middle": ["B"], "last": "Carlin", "suffix": ""}], "year": 1998, "venue": "Pediatr Pulmonol", "volume": "26", "issn": "6", "pages": "371--380", "other_ids": {}}, "BIBREF16": {"ref_id": "b16", "title": "Effects of upper respiratory tract infections in patients with cystic fibrosis", "authors": [{"first": "J", "middle": [], "last": "Collinson", "suffix": ""}, {"first": "K", "middle": ["G"], "last": "Nicholson", "suffix": ""}, {"first": "E", "middle": [], "last": "Cancio", "suffix": ""}], "year": 1996, "venue": "Thorax", "volume": "51", "issn": "11", "pages": "1115--1137", "other_ids": {}}, "BIBREF17": {"ref_id": "b17", "title": "The effect of respiratory viral infections on patients with cystic fibrosis", "authors": [{"first": "B", "middle": ["W"], "last": "Ramsey", "suffix": ""}, {"first": "E", "middle": ["J"], "last": "Gore", "suffix": ""}, {"first": "A", "middle": ["L"], "last": "Smith", "suffix": ""}], "year": 1989, "venue": "Am J Dis Child", "volume": "143", "issn": "6", "pages": "662--670", "other_ids": {}}, "BIBREF18": {"ref_id": "b18", "title": "Cystic fibrosis pulmonary exacerbations attributable to respiratory syncytial virus and influenza: a population-based study", "authors": [{"first": "R", "middle": [], "last": "Somayaji", "suffix": ""}, {"first": "C", "middle": ["H"], "last": "Goss", "suffix": ""}, {"first": "U", "middle": [], "last": "Khan", "suffix": ""}], "year": 2017, "venue": "Clin Infect Dis", "volume": "64", "issn": "12", "pages": "1760--1767", "other_ids": {}}, "BIBREF19": {"ref_id": "b19", "title": "Respiratory syncytial virus infection-associated hospitalization rates in infants and children with cystic fibrosis", "authors": [{"first": "J", "middle": [], "last": "Metz", "suffix": ""}, {"first": "E", "middle": [], "last": "Eber", "suffix": ""}, {"first": "B", "middle": [], "last": "Resch", "suffix": ""}], "year": 2017, "venue": "Pediatr Infect Dis J", "volume": "36", "issn": "6", "pages": "545--553", "other_ids": {}}, "BIBREF20": {"ref_id": "b20", "title": "Palivizumab prophylaxis in infants with cystic fibrosis does not delay first isolation of Pseudomonas aeruginosa or Staphylococcus aureus", "authors": [{"first": "C", "middle": [], "last": "Buchs", "suffix": ""}, {"first": "M", "middle": ["L"], "last": "Dalphin", "suffix": ""}, {"first": "S", "middle": [], "last": "Sanchez", "suffix": ""}], "year": 2017, "venue": "Eur J Pediatr", "volume": "176", "issn": "7", "pages": "891--898", "other_ids": {}}, "BIBREF21": {"ref_id": "b21", "title": "Feasibility of parental collected nasal swabs for virus detection in young children with cystic fibrosis", "authors": [{"first": "C", "middle": ["L"], "last": "Gangell", "suffix": ""}, {"first": "C", "middle": [], "last": "Shackleton", "suffix": ""}, {"first": "S", "middle": [], "last": "Poreddy", "suffix": ""}], "year": 2014, "venue": "J Cyst Fibros", "volume": "13", "issn": "6", "pages": "661--667", "other_ids": {}}, "BIBREF22": {"ref_id": "b22", "title": "Home self-collection of nasal swabs for diagnosis of acute respiratory virus infections in children with cystic fibrosis", "authors": [{"first": "J", "middle": [], "last": "Emerson", "suffix": ""}, {"first": "E", "middle": [], "last": "Cochrane", "suffix": ""}, {"first": "S", "middle": [], "last": "Mcnamara", "suffix": ""}], "year": 2013, "venue": "J Pediatric Infect Dis Soc", "volume": "2", "issn": "4", "pages": "345--51", "other_ids": {}}, "BIBREF23": {"ref_id": "b23", "title": "Lack of an exaggerated inflammatory response on virus infection in cystic fibrosis", "authors": [{"first": "E", "middle": [], "last": "Kieninger", "suffix": ""}, {"first": "M", "middle": [], "last": "Vareille", "suffix": ""}, {"first": "B", "middle": ["S"], "last": "Kopf", "suffix": ""}], "year": 2012, "venue": "Eur Respir J", "volume": "39", "issn": "2", "pages": "297--304", "other_ids": {}}, "BIBREF24": {"ref_id": "b24", "title": "Respiratory viruses are associated with common respiratory pathogens in cystic fibrosis", "authors": [{"first": "C", "middle": ["R"], "last": "Esther", "suffix": ""}, {"first": "F", "middle": ["C"], "last": "Lin", "suffix": ""}, {"first": "A", "middle": [], "last": "Kerr", "suffix": ""}], "year": 2014, "venue": "Pediatr Pulmonol", "volume": "49", "issn": "9", "pages": "926--957", "other_ids": {}}, "BIBREF25": {"ref_id": "b25", "title": "Effects of viral lower respiratory tract infection on lung function in infants with cystic fibrosis", "authors": [{"first": "P", "middle": ["W"], "last": "Hiatt", "suffix": ""}, {"first": "S", "middle": ["C"], "last": "Grace", "suffix": ""}, {"first": "C", "middle": ["A"], "last": "Kozinetz", "suffix": ""}], "year": 1999, "venue": "Pediatrics", "volume": "103", "issn": "3", "pages": "619--645", "other_ids": {}}, "BIBREF26": {"ref_id": "b26", "title": "American Academy of Pediatrics Bronchiolitis Guidelines C. Updated guidance for palivizumab prophylaxis among infants and young children at increased risk of hospitalization for respiratory syncytial virus infection", "authors": [], "year": 2014, "venue": "American Academy of Pediatrics Committee on Infectious D", "volume": "134", "issn": "2", "pages": "620--658", "other_ids": {}}, "BIBREF27": {"ref_id": "b27", "title": "Chronic rhinovirus infection in an adult with cystic fibrosis", "authors": [{"first": "W", "middle": ["G"], "last": "Flight", "suffix": ""}, {"first": "R", "middle": ["J"], "last": "Bright-Thomas", "suffix": ""}, {"first": "P", "middle": [], "last": "Tilston", "suffix": ""}], "year": 2013, "venue": "J Clin Microbiol", "volume": "51", "issn": "11", "pages": "3893--3899", "other_ids": {}}, "BIBREF28": {"ref_id": "b28", "title": "Season is associated with Pseudomonas aeruginosa acquisition in young children with cystic fibrosis", "authors": [{"first": "K", "middle": ["J"], "last": "Psoter", "suffix": ""}, {"first": "A", "middle": ["J"], "last": "De Roos", "suffix": ""}, {"first": "J", "middle": [], "last": "Wakefield", "suffix": ""}], "year": 2013, "venue": "Clin Microbiol Infect", "volume": "19", "issn": "11", "pages": "483--492", "other_ids": {}}, "BIBREF29": {"ref_id": "b29", "title": "Seasonality of acquisition of respiratory bacterial pathogens in young children with cystic fibrosis", "authors": [{"first": "K", "middle": ["J"], "last": "Psoter", "suffix": ""}, {"first": "A", "middle": ["J"], "last": "De Roos", "suffix": ""}, {"first": "J", "middle": [], "last": "Wakefield", "suffix": ""}], "year": 2017, "venue": "BMC Infect Dis", "volume": "17", "issn": "1", "pages": "", "other_ids": {}}}, "ref_entries": {"FIGREF0": {"text": "Ten pathogens were tested by a combination of five duplex RT-PCRs or PCRs: influenza A and B, respiratory syncytial virus (RSV), metapneumovirus (MPV), rhinovirus/enterovirus (RV/EV)), coronavirus (HKU1, NL63, 229E and OC43), parainfluenza virus (1-4), adenovirus and bocavirus (Respiratory Multi-Well System MWS r-gene\u00ae, BioM\u00e9rieux, Marcy l'\u00c9toile, France). Cycle thresholds (CTs) were reported for all positive samples and considered positive for values below 40.", "latex": null, "type": "figure"}, "FIGREF1": {"text": "Flow chart of virus sample results", "latex": null, "type": "figure"}, "TABREF0": {"text": "Patient characteristics at inclusion Small group means fewer than four children, collective daycare means more than or equal to four children d DTPa-IPV/Hib vaccine: diphtheria-tetanus, acellular pertussis, inactivated poliomyelitis, adsorbed conjugated Haemophilus influenzae type b vaccine e Cytomegalovirus was not part of the viral panel. It was identified from a respiratory sample by viral culture r = 0.065, p = 0.6710)(Fig. 1correlation between age at inclusion and a. total respiratory tract infections or b. virus positive respiratory tract infection episodes). There were no specific clinical features related to viral-positive RTIs.co-infections were identified during RTIs; one of them required hospitalization", "latex": null, "type": "table"}, "TABREF1": {"text": "Viruses recovered during RTI and without RTI", "latex": null, "type": "table"}, "TABREF2": {"text": "RSV infected patient's characteristics Patient number Age at inclusion (months) Age at RSV infection (months) Requirements for extra-careHospitali-zation/ Oxygen supply Antibiotics SABD c Oral steroids", "latex": null, "type": "table"}, "TABREF3": {"text": "Comparison of outcomes in virus-positive and -negative RTIs", "latex": null, "type": "table", "html": "<html><body><table><tr><td>Outcome measures </td><td>Virus (\u2212) RTI </td><td>Virus (+) RTI </td><td>P-value\n</td></tr><tr><td>Number of episodes </td><td>(n = 20) </td><td>(n = 44)\n</td><td>\u00a0</td></tr><tr><td>Age at inclusion (months) </td><td>7.1 \u00b1 1.4 </td><td>8.3 \u00b1 0.9 </td><td>0.4668\n</td></tr><tr><td>Total number of RTI episodes </td><td>4.6 \u00b1 0.3 </td><td>4.3 \u00b1 0.2 </td><td>0.6037\n</td></tr><tr><td>Respiratory symptom duration (days) </td><td>7.8 \u00b1 0.5 </td><td>8.3 \u00b1 0.5 </td><td>0.9585\n</td></tr><tr><td>Weight Z-score at inclusion </td><td>\u2212 1.4 \u00b1 0.3 </td><td>\u22121.4 \u00b1 0.2 </td><td>0.1166\n</td></tr><tr><td>Difference of weight Z-scoresa </td><td>\u22120.5 \u00b1 0.2 </td><td>0.3 \u00b1 0.1 </td><td>0.5703\n</td></tr><tr><td>Cumulative number of days of antibioticsb </td><td>41.1 \u00b1 5 </td><td>37.8 \u00b1 3.2 </td><td>0.5646\n</td></tr></table></body></html>"}, "TABREF4": {"text": "Abbreviations CF: Cystic fibrosis; EV: Enterovirus; LRTI: Lower RTI; PA: Pseudomonas aeruginosa; RSV: Respiratory syncytial virus; RTI: Respiratory tract infection; RV: Rhinovirus; SA: Staphylococcus aureus; URTI: Upper RTI", "latex": null, "type": "table"}, "TABREF5": {"text": "Microbiological outcome measures PA+: patient with new isolation of Pseudomonas aeruginosa (PA) during the study period PA-: patient without new isolation of Pseudomonas aeruginosa (PA) during the study period SA+: patient with new isolation of Staphylococcus aureus (SA) during the study period SA-: patient without new isolation of Staphylococcus aureus (SA) during the study period SM+: patient with new isolation of Stenotrophomonas maltophilia (SM) during the study period SM-: patient without new isolation of Stenotrophomonas maltophilia (SM) during the study period", "latex": null, "type": "table"}, "TABREF6": {"text": "Table 3 RSV infected patient ' s characteristics", "latex": null, "type": "table", "html": "<html><body><table><tr><td>Patient number </td><td>Age at inclusion (months) </td><td>Age at RSV infection (months) </td><td>Requirements for extra-care\n</td><td>\u00a0</td><td>\u00a0</td><td>\u00a0</td></tr><tr><td>\u00a0</td><td>\u00a0</td><td>\u00a0</td><td>Hospitali-zation/ Oxygen supply </td><td>Antibiotics </td><td>SABDc </td><td>Oral steroids\n</td></tr><tr><td>1 </td><td>16.3 </td><td>22.9 </td><td>No/No </td><td>Yes </td><td>Yes </td><td>No\n</td></tr><tr><td>2 </td><td>8.1 </td><td>19.6 </td><td>No/No </td><td>Yes </td><td>Yes </td><td>Yes\n</td></tr><tr><td>3 </td><td>4.0 </td><td>12.8 </td><td>No/No </td><td>Yes </td><td>Yes </td><td>Yes\n</td></tr><tr><td>4 </td><td>2.0 </td><td>14.1a </td><td>No/No </td><td>Yes </td><td>No </td><td>No\n</td></tr><tr><td>5 </td><td>2.7 </td><td>4.5b </td><td>No/No </td><td>Yes </td><td>No </td><td>No\n</td></tr><tr><td>6 </td><td>3.2 </td><td>12.3a </td><td>No/No </td><td>Yes </td><td>No </td><td>Yes\n</td></tr></table></body></html>"}}, "back_matter": [{"text": "Authors' contributions ME: data collection and analysis, manuscript writing and review. FM: data analysis, results discussion, manuscript review. AD-J: data analysis, results discussion, manuscript review. MP: database work-up and data collection. CO: results discussion, manuscript review. CM: results discussion, manuscript review. PR: study design, data analysis, manuscript writing and review. All authors read and approved the final manuscript.", "cite_spans": [], "ref_spans": [], "section": "Not applicable"}, {"text": "This study was funded by two grants from the Association Logistique Lyonnaise Post Hospitali\u00e8re in 2013 and 2014. These fundings were used to support the cost of virologic analyses.", "cite_spans": [], "ref_spans": [], "section": "Funding"}, {"text": "The datasets used and/or analysed during the current study are available from the corresponding author on reasonable request.Ethics approval and consent to participate All procedures performed in studies involving human participants were in accordance with the ethical standards of the institutional and/or national research committee and with the 1964 Helsinki Declaration and its later amendments or comparable ethical standards. The study was approved by the local Institutional Review Board (Comit\u00e9 Consultatif de Protection des Personnes dans la Recherche Biom\u00e9dicale, Lyon; No. 2014-AO1387640). Informed consent to participate was obtained from all individual participants (or their legal representative) included in the study.", "cite_spans": [], "ref_spans": [], "section": "Availability of data and materials"}, {"text": "Informed consent for publication was obtained from all individual participants (or their legal representative) included in the study.", "cite_spans": [], "ref_spans": [], "section": "Consent for publication"}, {"text": "The authors declare that they have no competing interests. Publisher's Note Springer Nature remains neutral with regard to jurisdictional claims in published maps and institutional affiliations.", "cite_spans": [], "ref_spans": [], "section": "Competing interests"}]}