{
    "paper_id": "0099a0669794d070df610d4e7565380666684934",
    "metadata": {
        "title": "Prevalence and Clinical Significance of Persistent Viral Shedding in Hospitalized Adult Patients with SARS- CoV-2 Infection: A Prospective Observational Study",
        "authors": [
            {
                "first": "Antonio",
                "middle": [
                    "Vena"
                ],
                "last": "Lucia",
                "suffix": "",
                "affiliation": {},
                "email": ""
            },
            {
                "first": "Taramasso",
                "middle": [],
                "last": "Antonio",
                "suffix": "",
                "affiliation": {},
                "email": ""
            },
            {
                "first": "Di",
                "middle": [],
                "last": "Biagio",
                "suffix": "",
                "affiliation": {},
                "email": ""
            },
            {
                "first": "Mikulska",
                "middle": [],
                "last": "Malgorzata",
                "suffix": "",
                "affiliation": {},
                "email": ""
            },
            {
                "first": "Dentone",
                "middle": [
                    "Andrea"
                ],
                "last": "Chiara",
                "suffix": "",
                "affiliation": {},
                "email": ""
            },
            {
                "first": "Maria",
                "middle": [],
                "last": "De",
                "suffix": "",
                "affiliation": {},
                "email": ""
            },
            {
                "first": "Magnasco",
                "middle": [],
                "last": "Laura",
                "suffix": "",
                "affiliation": {},
                "email": ""
            },
            {
                "first": "Ambra",
                "middle": [
                    "Nicolini"
                ],
                "last": "Laura",
                "suffix": "",
                "affiliation": {},
                "email": ""
            },
            {
                "first": "Bruzzone",
                "middle": [],
                "last": "Bianca",
                "suffix": "",
                "affiliation": {},
                "email": ""
            },
            {
                "first": "Icardi",
                "middle": [],
                "last": "Giancarlo",
                "suffix": "",
                "affiliation": {},
                "email": ""
            },
            {
                "first": "Orsi",
                "middle": [],
                "last": "Andrea",
                "suffix": "",
                "affiliation": {},
                "email": ""
            },
            {
                "first": "Pelosi",
                "middle": [],
                "last": "Paolo",
                "suffix": "",
                "affiliation": {},
                "email": ""
            },
            {
                "first": "Ball",
                "middle": [],
                "last": "Lorenzo",
                "suffix": "",
                "affiliation": {},
                "email": ""
            },
            {
                "first": "Battaglini",
                "middle": [],
                "last": "Denise",
                "suffix": "",
                "affiliation": {},
                "email": ""
            },
            {
                "first": "Brunetti",
                "middle": [],
                "last": "Iole",
                "suffix": "",
                "affiliation": {},
                "email": ""
            },
            {
                "first": "Loconte",
                "middle": [],
                "last": "Maurizio",
                "suffix": "",
                "affiliation": {},
                "email": ""
            },
            {
                "first": "A",
                "middle": [
                    "Patroniti"
                ],
                "last": "Nicol\u00f2",
                "suffix": "",
                "affiliation": {},
                "email": ""
            },
            {
                "first": "Robba",
                "middle": [],
                "last": "Chiara",
                "suffix": "",
                "affiliation": {},
                "email": ""
            },
            {
                "first": "Bavastro",
                "middle": [],
                "last": "Martina",
                "suffix": "",
                "affiliation": {},
                "email": ""
            },
            {
                "first": "Cerchiaro",
                "middle": [],
                "last": "Matteo",
                "suffix": "",
                "affiliation": {},
                "email": ""
            },
            {
                "first": "Roberto",
                "middle": [],
                "last": "Daniele",
                "suffix": "",
                "affiliation": {},
                "email": ""
            },
            {
                "first": "",
                "middle": [
                    "Irene"
                ],
                "last": "Giacobbe",
                "suffix": "",
                "affiliation": {},
                "email": ""
            },
            {
                "first": "",
                "middle": [],
                "last": "Schiavetti",
                "suffix": "",
                "affiliation": {},
                "email": ""
            },
            {
                "first": "Berruti",
                "middle": [],
                "last": "Marco",
                "suffix": "",
                "affiliation": {},
                "email": ""
            }
        ]
    },
    "abstract": [
        {
            "text": "Background: The goal of this study was to investigate the prevalence and factors associated with persistent viral shedding (PVS) in hospitalized patients with severe acute respiratory syndrome coronavirus 2 (SARS-CoV-2) infection.",
            "cite_spans": [],
            "ref_spans": [],
            "section": "Abstract"
        },
        {
            "text": "This was a prospective observational study including all consecutive adults hospitalized with SARS-CoV-2 infection. When the first nasopharyngeal swab was positive for SARS-CoV-2 RNA (day 0), additional samples were obtained on days ? 3, ? 5, ? 7 and then once every 7 days until virus detection was negative. PVS was defined as the duration of shedding of at least 21 days after diagnosis. The primary endpoint of this study was the prevalence of PVS. Results: Data were obtained regarding 121 consecutive hospitalized patients with SARS-Supplementary Information The online version contains supplementary material available at https:// CoV-2 infection (median age 66 years, male sex 65.3%). Overall, the prevalence of PVS was 38% (46/121 patients). According to univariate analysis, factors associated with PVS were immunosuppression (6.7% vs 21.7%, p = 0.02), increased interleukin-6 (IL-6) levels (C 35 ng/ ml) at the time of diagnosis (43.4% vs 67.3%, p = 0.02), time from onset of symptoms to diagnosis (median days 7.0 vs 3.5, p = 0.001), intensive care unit admission (22.7% vs 43.5%, p = 0.02), and need for invasive mechanical ventilation (20.0% vs 41.3%, p = 0.01). The multivariate analysis indicated that immunosuppression, increased IL-6 levels at the time of diagnosis, time from onset of symptoms to diagnosis, and need for mechanical ventilation were independent factors associated with PVS. Conclusions: PVS was detected in up to 38% of hospitalized patients with SARS-CoV-2 infection and was strongly associated with immunosuppression, increased IL-6 levels, and the need for mechanical ventilation.",
            "cite_spans": [],
            "ref_spans": [],
            "section": "Abstract"
        }
    ],
    "body_text": [
        {
            "text": "Severe acute respiratory syndrome coronavirus 2 (SARS-CoV-2) virus has recently emerged as a new cause of acute respiratory disease [1] [2] [3] , whose clinical spectrum encompasses asymptomatic infection, mild upper respiratory tract illness, and severe pneumonia with respiratory failure and even death [4] [5] [6] [7] .",
            "cite_spans": [
                {
                    "start": 132,
                    "end": 135,
                    "text": "[1]",
                    "ref_id": "BIBREF41"
                },
                {
                    "start": 136,
                    "end": 139,
                    "text": "[2]",
                    "ref_id": "BIBREF42"
                },
                {
                    "start": 140,
                    "end": 143,
                    "text": "[3]",
                    "ref_id": "BIBREF43"
                },
                {
                    "start": 305,
                    "end": 308,
                    "text": "[4]",
                    "ref_id": "BIBREF44"
                },
                {
                    "start": 309,
                    "end": 312,
                    "text": "[5]",
                    "ref_id": "BIBREF45"
                },
                {
                    "start": 313,
                    "end": 316,
                    "text": "[6]",
                    "ref_id": "BIBREF46"
                },
                {
                    "start": 317,
                    "end": 320,
                    "text": "[7]",
                    "ref_id": "BIBREF47"
                }
            ],
            "ref_spans": [],
            "section": "INTRODUCTION"
        },
        {
            "text": "Viral clearance in the respiratory tract usually occurs within 21 days [8, 9] . However, a variable proportion of patients with SARS-CoV-2 infection may experience persistent virus shedding (PVS) lasting up to 60-80 days after diagnosis [10] [11] [12] . Unfortunately, our understanding of why some patients with SARS-CoV-2 infection do or do not present with PVS has not been fully investigated and PVS remains an entity of uncertain clinical significance [13] [14] [15] [16] [17] [18] [19] . Literature on this topic is scarce and difficult to interpret because of the heterogeneity of definitions proposed [15] [16] [17] [18] [19] or different specimens collected for RNA detection (upper versus lower respiratory tract samples) [15] .",
            "cite_spans": [
                {
                    "start": 71,
                    "end": 74,
                    "text": "[8,",
                    "ref_id": "BIBREF48"
                },
                {
                    "start": 75,
                    "end": 77,
                    "text": "9]",
                    "ref_id": "BIBREF49"
                },
                {
                    "start": 237,
                    "end": 241,
                    "text": "[10]",
                    "ref_id": "BIBREF50"
                },
                {
                    "start": 242,
                    "end": 246,
                    "text": "[11]",
                    "ref_id": "BIBREF51"
                },
                {
                    "start": 247,
                    "end": 251,
                    "text": "[12]",
                    "ref_id": "BIBREF52"
                },
                {
                    "start": 457,
                    "end": 461,
                    "text": "[13]",
                    "ref_id": "BIBREF53"
                },
                {
                    "start": 462,
                    "end": 466,
                    "text": "[14]",
                    "ref_id": "BIBREF54"
                },
                {
                    "start": 467,
                    "end": 471,
                    "text": "[15]",
                    "ref_id": "BIBREF55"
                },
                {
                    "start": 472,
                    "end": 476,
                    "text": "[16]",
                    "ref_id": "BIBREF56"
                },
                {
                    "start": 477,
                    "end": 481,
                    "text": "[17]",
                    "ref_id": "BIBREF57"
                },
                {
                    "start": 482,
                    "end": 486,
                    "text": "[18]",
                    "ref_id": "BIBREF58"
                },
                {
                    "start": 487,
                    "end": 491,
                    "text": "[19]",
                    "ref_id": "BIBREF60"
                },
                {
                    "start": 609,
                    "end": 613,
                    "text": "[15]",
                    "ref_id": "BIBREF55"
                },
                {
                    "start": 614,
                    "end": 618,
                    "text": "[16]",
                    "ref_id": "BIBREF56"
                },
                {
                    "start": 619,
                    "end": 623,
                    "text": "[17]",
                    "ref_id": "BIBREF57"
                },
                {
                    "start": 624,
                    "end": 628,
                    "text": "[18]",
                    "ref_id": "BIBREF58"
                },
                {
                    "start": 629,
                    "end": 633,
                    "text": "[19]",
                    "ref_id": "BIBREF60"
                },
                {
                    "start": 732,
                    "end": 736,
                    "text": "[15]",
                    "ref_id": "BIBREF55"
                }
            ],
            "ref_spans": [],
            "section": "INTRODUCTION"
        },
        {
            "text": "In this study, we analyzed viral shedding data of adult patients with SARS-CoV-2 infection admitted to our hospital. Our aims were to investigate (1) the prevalence of PVS and (2) the association between PVS and patients' underlying diseases, interleukin-6 (IL-6) levels at the time of diagnosis, and clinical outcome. We hypothesized that immunosuppressed patients with marked cytokine activation would be more likely to present with persistent SARS-CoV-2 RNA shedding.",
            "cite_spans": [],
            "ref_spans": [],
            "section": "INTRODUCTION"
        },
        {
            "text": "This was a prospective observational study of patients with laboratory-confirmed SARS-CoV-2 infection who were consecutively admitted to San Martino Policlinico Hospital (Genoa, Italy) from February 25, 2020 through March 25, 2020 . Our institution is a 1200-bed teaching hospital with a full range of clinical services and attending an urban population of approximately 400,000 persons. The study was carried out in accordance with the principles of the Declaration of Helsinki and approved by the Ethics Committee of Liguria Region (N. CER Liguria 114/2020-ID 10420). All patients provided verbal informed consent because of isolation precautions for performing nasopharyngeal swab according to the local protocol approved by hospital authorities, for data collection and for participation in the study.",
            "cite_spans": [
                {
                    "start": 190,
                    "end": 207,
                    "text": "February 25, 2020",
                    "ref_id": null
                },
                {
                    "start": 208,
                    "end": 230,
                    "text": "through March 25, 2020",
                    "ref_id": null
                }
            ],
            "ref_spans": [],
            "section": "Patients and Study Design"
        },
        {
            "text": "As soon as the first nasopharyngeal swab was positive for SARS-CoV-2 RNA (day 0), designated research doctors obtained the patient's consent and managed each case according to routine clinical care, until death or hospital discharge. Consecutive nasopharyngeal swabs for SARS-CoV-2 real-time reverse transcriptase (RT)-PCR were obtained at day ? 3, day ? 5, day ? 7 ,and then once every 7 days until viral detection was negative. If a first nasopharyngeal swab was negative, a second one was repeated after 24 h in order to confirm its negativity and, potentially, discontinue droplet precautions in patients with clinical resolution of the symptoms. Additionally, research doctors requested routine coagulation, and biochemical blood tests at day 0 and when clinically indicated.",
            "cite_spans": [],
            "ref_spans": [],
            "section": "Test Performed"
        },
        {
            "text": "Exclusion criteria included (1) patients aged less than 18 years; (2) patients with positive nasopharyngeal swabs who were discharged early (less than 21 days from diagnosis) into fiduciary isolation (also known as self-isolation); (3) death within the first 21 days after diagnosis without evidence of SARS-CoV-2 RNA clearance; (4) missing virologic data at any study time point.",
            "cite_spans": [
                {
                    "start": 329,
                    "end": 332,
                    "text": "(4)",
                    "ref_id": "BIBREF44"
                }
            ],
            "ref_spans": [],
            "section": "Exclusion Criteria"
        },
        {
            "text": "During the study period, patients with suspected SARS-CoV-2 infection were managed and treated according to a local protocol. Briefly, nasopharyngeal swabs were taken in all symptomatic patients with suspected SARS-CoV-2 infection. Patients were only admitted to the hospital if they presented with acute respiratory insufficiency (PaO 2 \\ 60 mmHg at rest in ambient air) or if the exacerbation of their underlying disease or severe symptoms were considered unmanageable at home. According to local guidelines, short-term antibiotic coverage and hydroxychloroquine 400 mg bid p.o. were recommended to all patients. Darunavir/ ritonavir 800/100 once daily for 10 days was also recommended until March 24. Thereafter, the combination darunavir/ritonavir was withdrawn on the basis of published data regarding possible lack of efficacy of protease inhibitors for treating SARS-CoV-2 infections [20] . Since March 11 a single intravenous infusion of tocilizumab (dose 8 mg/kg) was also considered in the case of severe COVID-19 pneumonia. Moreover, following an internal review of risks and benefits of steroid treatment in patients with severe COVID-19, since March 19 intravenous administration of methylprednisolone (1 mg/kg for 5 days, followed by 0.5 mg/kg for another 5 days) was included in the protocol and administered in the emergency department in patients with severe pneumonia due to SARS-CoV-2.",
            "cite_spans": [
                {
                    "start": 891,
                    "end": 895,
                    "text": "[20]",
                    "ref_id": "BIBREF61"
                }
            ],
            "ref_spans": [],
            "section": "Standard of Care and Treatment Procedures"
        },
        {
            "text": "Detailed information regarding data collected and definitions used in the present study are provided in the supplementary material. Briefly, clinical data were recorded with the use of a pre-established protocol that included the following: demographics; underlying disease; clinical, laboratory and radiological findings at presentation; data on treatment; SARS-CoV-2-related complications; and outcome.",
            "cite_spans": [],
            "ref_spans": [],
            "section": "Data Collected and Definitions"
        },
        {
            "text": "The duration of shedding was calculated on the basis of the time elapsed between the first positive nasopharyngeal swab and the first of two consecutive negative swabs taken 24 h apart. Persistent viral shedding was a priori defined as the duration of shedding of at least 21 days, which was recently described to be the median shedding duration of SARS-CoV-2 in an unselected group of patients [8, 9, 14] .",
            "cite_spans": [
                {
                    "start": 395,
                    "end": 398,
                    "text": "[8,",
                    "ref_id": "BIBREF48"
                },
                {
                    "start": 399,
                    "end": 401,
                    "text": "9,",
                    "ref_id": "BIBREF49"
                },
                {
                    "start": 402,
                    "end": 405,
                    "text": "14]",
                    "ref_id": "BIBREF54"
                }
            ],
            "ref_spans": [],
            "section": "Data Collected and Definitions"
        },
        {
            "text": "Immunosuppression was defined as the presence of either (1) HIV infection and/or (2) hematological malignancy and/or (3) chronic treatment with immunosuppressant drugs and/ or (4) a solid organ transplantation.",
            "cite_spans": [],
            "ref_spans": [],
            "section": "Data Collected and Definitions"
        },
        {
            "text": "The primary endpoint was the PVS among our study population including hospitalized adult patients with SARS-CoV-2.",
            "cite_spans": [],
            "ref_spans": [],
            "section": "Main Outcomes Measure"
        },
        {
            "text": "The secondary endpoint was to investigate the association between PVS and patients' underlying diseases (hypertension, cardiovascular disease, immunosuppression, diabetes mellitus, chronic kidney disease, cerebrovascular disease, chronic obstructive lung disease, solid tumor), inflammatory biomarkers at the time of diagnosis (D-dimer, C-reactive protein (CRP), and IL-6 levels), and clinical outcome (need for non-invasive respiratory support or invasive mechanical ventilation, intensive care unit (ICU) admission, development of septic shock, and need for continuous renal replacement therapy).",
            "cite_spans": [],
            "ref_spans": [],
            "section": "Main Outcomes Measure"
        },
        {
            "text": "SARS-CoV-2 RNA detection in nasopharyngeal swab was performed using RT-PCR targeted at open reading frame 1ab (ORF 1ab) and nucleocapsid protein (N) genes. RNA was extracted from the samples and then underwent real-time RT-PCR with SARS-CoV-2-specific primers and probes. A cycle threshold (Ct) value of less than 37 was defined as a positive test, and a Ct value of 40 or more was considered as a negative test. An equivocal result, defined as a Ct value between 37 and 40, required confirmation by retesting. If the repeated Ct value was less than 40 and an obvious peak was observed, or if the repeated Ct value was less than 37, the result was deemed positive.",
            "cite_spans": [],
            "ref_spans": [],
            "section": "Sample Processing and SARS-Cov-2 Virus Detection"
        },
        {
            "text": "No statistical sample size calculation was done, and sample size was equal to the number of hospitalized patients with SARS-CoV-2 infection fulfilling inclusion criteria. Descriptive data were reported as median with interquartile ranges (IQR) or count and percentage, as appropriate.",
            "cite_spans": [],
            "ref_spans": [],
            "section": "Statistical Analysis"
        },
        {
            "text": "Univariable and multivariate backward stepwise regression analyses were performed to evaluate the association between PVS and host factors and clinical outcome. Variables with p \\ 0.10 in the univariate models were candidates for multivariate analysis. Two-sided p values of 0.05 or less were considered as statistically significant. Data were retrieved from an online database for anonymous and automatic data collection [21] . The analyses were performed using SPSS Statistics version 21.0 (IBM Corp., Armonk, NY, USA).",
            "cite_spans": [
                {
                    "start": 422,
                    "end": 426,
                    "text": "[21]",
                    "ref_id": "BIBREF62"
                }
            ],
            "ref_spans": [],
            "section": "Statistical Analysis"
        },
        {
            "text": "During the study period, 317 patients with SARS-CoV-2 infection were admitted to our hospital. Of those, 106 (33.4%) died within the first 21 days after diagnosis without evidence of SARS-CoV-2 RNA clearance, 82 (25.8%) were discharged early (less than 21 days from diagnosis) into fiduciary isolation and 8 (2.5%) had missing virological data. The remaining 121 patients fulfilled the inclusion criteria and were included the present study (Fig. 1) . Clinical characteristics, treatments, and main outcomes of our study population are shown in Table 1 .",
            "cite_spans": [],
            "ref_spans": [
                {
                    "start": 441,
                    "end": 449,
                    "text": "(Fig. 1)",
                    "ref_id": "FIGREF0"
                },
                {
                    "start": 545,
                    "end": 552,
                    "text": "Table 1",
                    "ref_id": "TABREF0"
                }
            ],
            "section": "RESULTS"
        },
        {
            "text": "Overall, the definition of PVS (21 days or more) was fulfilled by 46/121 patients (38.0%), of whom 33 (27.3%), 15 (12.3%), and 5 (4.1%) continued to present viral shedding on day 28, day 35, and day 42, respectively. The cumulative incidence of patients with positive SARS-CoV-2 PCR at different time points is shown in Fig. 2 .",
            "cite_spans": [],
            "ref_spans": [
                {
                    "start": 320,
                    "end": 326,
                    "text": "Fig. 2",
                    "ref_id": "FIGREF1"
                }
            ],
            "section": "Cumulative Incidence and Factors Associated with PVS"
        },
        {
            "text": "Comparison between patients with PVS and those without PVS is shown in Table 2 . According to univariate analysis, factors associated with PVS were immunosuppression (6.7% vs 21.7%, p = 0.02), increased IL-6 levels at the time of diagnosis (43.4% vs 67.3%, p = 0.02), time from onset of symptoms to diagnosis (median days 7.0 vs 3.5, p = 0.001), ICU admission (22.7% vs 43.5%, p = 0.02), and need for invasive mechanical ventilation (20.0% vs 41.3%, p = 0.013). PVS was not associated with antiviral treatment and anti-inflammatory therapy (corticosteroids or tocilizumab). The multivariate analysis confirmed immunosuppression, increased IL-6 levels at the time of diagnosis, time from onset of symptoms to diagnosis, and need for invasive mechanical ventilation as independent factors associated with PVS.",
            "cite_spans": [],
            "ref_spans": [
                {
                    "start": 71,
                    "end": 78,
                    "text": "Table 2",
                    "ref_id": "TABREF2"
                }
            ],
            "section": "Cumulative Incidence and Factors Associated with PVS"
        },
        {
            "text": "In our study population of hospitalized patients with SARS-CoV-2 infection, we found that persistent viral shedding is common and associated with immunosuppression and increased IL-6 at the time of diagnosis, as well as time from onset of symptoms to diagnosis and the need for mechanical ventilation.",
            "cite_spans": [],
            "ref_spans": [],
            "section": "DISCUSSION"
        },
        {
            "text": "The present study analyzed a large database of prospectively collected data concerning hospitalized patients with SARS-CoV-2 infection in a university tertiary care hospital in Italy. To our knowledge, it is also the largest European prospective observational study analyzing SARS-CoV-2 RNA shedding using homogenous specimens (nasopharyngeal swabs), providing a unique opportunity to understand the clinical significance of viral shedding in these patients. Data were collected according to daily clinical practice, making our findings representative for the current management of patients with infections due to SARS-CoV-2.",
            "cite_spans": [],
            "ref_spans": [],
            "section": "DISCUSSION"
        },
        {
            "text": "The lack of a commonly accepted definition makes it difficult to address the issue of PVS in SARS-COV-2 infection [13] [14] [15] [16] . Some authors considered PVS as the detection of SARS-CoV-2 RNA more than 15 days after symptoms [15] . Others required a longer period of time (e.g., All-cause in hospital mortality 12 (9.9) AKI acute kidney injury, ALT alanine aminotransferase, AST aspartate aminotransferase, ICU intensive care unit, IQR interquartile range a Unless otherwise specified, data are presented as n (% of the total = 121) b Data were collected at the time of diagnosis of SARS-CoV-2 infection c Chest CT was performed in 117 out of 121 patients at the time of SARS-CoV-2 infection more than 24 days) [16] . Our definition of PVS is more consistent with the recent literature reporting SARS-CoV-2 RNA detection for a median of 21 days after symptom onset [8, 9, 14] . Using this specific time point, we found that up to 38% of hospitalized patients with SARS-CoV-2 infection experienced PVS, which is within the 32.7-48.2% range of PVS reported in other series [15, 16] . However, we are not sure whether PVS means that virus is viable and can be transmitted. Indeed, SARS-CoV-2 infectiousness may significantly decline 8-18 days after symptoms onset, as suggested by previous studies in which live virus could no longer be cultured despite concomitant positive PCR results [12, 22] . Future investigations analyzing the potential for transmission in patients with PVS are required.",
            "cite_spans": [
                {
                    "start": 114,
                    "end": 118,
                    "text": "[13]",
                    "ref_id": "BIBREF53"
                },
                {
                    "start": 119,
                    "end": 123,
                    "text": "[14]",
                    "ref_id": "BIBREF54"
                },
                {
                    "start": 124,
                    "end": 128,
                    "text": "[15]",
                    "ref_id": "BIBREF55"
                },
                {
                    "start": 129,
                    "end": 133,
                    "text": "[16]",
                    "ref_id": "BIBREF56"
                },
                {
                    "start": 232,
                    "end": 236,
                    "text": "[15]",
                    "ref_id": "BIBREF55"
                },
                {
                    "start": 318,
                    "end": 326,
                    "text": "12 (9.9)",
                    "ref_id": null
                },
                {
                    "start": 718,
                    "end": 722,
                    "text": "[16]",
                    "ref_id": "BIBREF56"
                },
                {
                    "start": 872,
                    "end": 875,
                    "text": "[8,",
                    "ref_id": "BIBREF48"
                },
                {
                    "start": 876,
                    "end": 878,
                    "text": "9,",
                    "ref_id": "BIBREF49"
                },
                {
                    "start": 879,
                    "end": 882,
                    "text": "14]",
                    "ref_id": "BIBREF54"
                },
                {
                    "start": 1078,
                    "end": 1082,
                    "text": "[15,",
                    "ref_id": "BIBREF55"
                },
                {
                    "start": 1083,
                    "end": 1086,
                    "text": "16]",
                    "ref_id": "BIBREF56"
                },
                {
                    "start": 1391,
                    "end": 1395,
                    "text": "[12,",
                    "ref_id": "BIBREF52"
                },
                {
                    "start": 1396,
                    "end": 1399,
                    "text": "22]",
                    "ref_id": "BIBREF63"
                }
            ],
            "ref_spans": [],
            "section": "DISCUSSION"
        },
        {
            "text": "The clinical significance of PVS in patients with SARS-COV-2 remains unclear. Previous studies related PVS to male sex [15] , older age [13, 14, 16] , or chronic comorbidities [16] . In our study population, we did not find any correlation between PVS and age or sex, although immunosuppression significantly increased the risk of PVS sevenfold (p = 0.019). This observation may highlight individuals who need to be closely monitored or on whom treatment interventions should be focused in the future.",
            "cite_spans": [
                {
                    "start": 119,
                    "end": 123,
                    "text": "[15]",
                    "ref_id": "BIBREF55"
                },
                {
                    "start": 136,
                    "end": 140,
                    "text": "[13,",
                    "ref_id": "BIBREF53"
                },
                {
                    "start": 141,
                    "end": 144,
                    "text": "14,",
                    "ref_id": "BIBREF54"
                },
                {
                    "start": 145,
                    "end": 148,
                    "text": "16]",
                    "ref_id": "BIBREF56"
                },
                {
                    "start": 176,
                    "end": 180,
                    "text": "[16]",
                    "ref_id": "BIBREF56"
                }
            ],
            "ref_spans": [],
            "section": "DISCUSSION"
        },
        {
            "text": "Interestingly, we found a higher probability of PVS among patients with increased levels of IL-6 at the time of diagnosis. This result is consistent with recent experimental models suggesting that increased IL-6 levels during antiviral immune responses can negatively impact the lytic activity of cytotoxic T lymphocytes [23] , thus promoting viral persistence. Ours is the first study to show this association in SARS-CoV-2 infection. This finding may point to the complex role of immunomodulators in the treatment of patients with SARS-COV-2 infection [24] .",
            "cite_spans": [
                {
                    "start": 321,
                    "end": 325,
                    "text": "[23]",
                    "ref_id": "BIBREF64"
                },
                {
                    "start": 554,
                    "end": 558,
                    "text": "[24]",
                    "ref_id": "BIBREF65"
                }
            ],
            "ref_spans": [],
            "section": "DISCUSSION"
        },
        {
            "text": "We also found that PVS was mainly observed in patients with a more severe clinical course of SARS-CoV-2 infection. This was also so in previous studies, with the need for mechanical ventilation being 9.8 times more frequently in patients with persistent viral shedding when compared with those presenting faster conversion [15] .",
            "cite_spans": [
                {
                    "start": 323,
                    "end": 327,
                    "text": "[15]",
                    "ref_id": "BIBREF55"
                }
            ],
            "ref_spans": [],
            "section": "DISCUSSION"
        },
        {
            "text": "We believe that our results represent a significant step forward in better management of patients with SARS-CoV-2 infection. As a matter of fact, a more stringent approach to infection control may be necessary for immunosuppressed patients, including strict droplet precautions and isolation for an extended period of time than that currently recommended (14 day) [25] . Moreover, since the duration of viral shedding is often used as an endpoint for clinical trials evaluating new antivirals [26] , we suggest a stratification based on underlying comorbidities or IL-6 levels in order to avoid imbalances between treatment arms. This study has some limitations that should be assessed. First, we excluded from our study population those patients who early died or were discharged early. Accordingly, the percentage of patients with PVS may have been different if we could have obtained information about all patients consecutively hospitalized for SARS-CoV-2 infection at our hospital. Second, we did not analyze the viral load; therefore, quantification methods could impact our Compliance with Ethics Guidelines. The study was carried out in accordance with the principles of the Declaration of Helsinki and approved by the Ethics Committee of Liguria Region (N. CER Liguria 114/2020 -ID 10420). All patients provided verbal informed consent because of isolation precautions for performing nasopharyngeal swab according to the local protocol approved by hospital authorities, for data collection and for participation in the study.",
            "cite_spans": [
                {
                    "start": 364,
                    "end": 368,
                    "text": "[25]",
                    "ref_id": "BIBREF66"
                },
                {
                    "start": 493,
                    "end": 497,
                    "text": "[26]",
                    "ref_id": "BIBREF67"
                }
            ],
            "ref_spans": [],
            "section": "DISCUSSION"
        },
        {
            "text": "Data Availability. The datasets generated during and/or analyzed during the current study are available from the corresponding author on reasonable request.",
            "cite_spans": [],
            "ref_spans": [],
            "section": "DISCUSSION"
        },
        {
            "text": "Open Access. This article is licensed under a Creative Commons Attribution-NonCommercial 4.0 International License, which permits any non-commercial use, sharing, adaptation, distribution and reproduction in any medium or format, as long as you give appropriate credit to the original author(s) and the source, provide a link to the Creative Commons licence, and indicate if changes were made. The images or other third party material in this article are included in the article's Creative Commons licence, unless indicated otherwise in a credit line to the material. If material is not included in the article's Creative Commons licence and your intended use is not permitted by statutory regulation or exceeds the permitted use, you will need to obtain permission directly from the copyright holder. To view a copy of this licence, visit http://creativecommons.org/licenses/bync/4.0/.",
            "cite_spans": [],
            "ref_spans": [],
            "section": "DISCUSSION"
        }
    ],
    "bib_entries": {
        "BIBREF0": {
            "ref_id": "b0",
            "title": "of Investigators. GECOVID-19 Study group",
            "authors": [
                {
                    "first": "Anna",
                    "middle": [],
                    "last": "Alessandrini",
                    "suffix": ""
                },
                {
                    "first": "Marco",
                    "middle": [],
                    "last": "Camera",
                    "suffix": ""
                },
                {
                    "first": "Emanuele",
                    "middle": [],
                    "last": "Delfino",
                    "suffix": ""
                },
                {
                    "first": "Andrea",
                    "middle": [
                        "De"
                    ],
                    "last": "Maria",
                    "suffix": ""
                },
                {
                    "first": "Chiara",
                    "middle": [],
                    "last": "Dentone",
                    "suffix": ""
                },
                {
                    "first": "Antonio",
                    "middle": [
                        "Di"
                    ],
                    "last": "Biagio",
                    "suffix": ""
                },
                {
                    "first": "Ferdinando",
                    "middle": [],
                    "last": "Dodi",
                    "suffix": ""
                },
                {
                    "first": "Antonio",
                    "middle": [],
                    "last": "Ferrazin",
                    "suffix": ""
                },
                {
                    "first": "Giovanni",
                    "middle": [],
                    "last": "Mazzarello",
                    "suffix": ""
                },
                {
                    "first": "Malgorzata",
                    "middle": [],
                    "last": "Mikulska",
                    "suffix": ""
                },
                {
                    "first": "Laura",
                    "middle": [],
                    "last": "Nicolini",
                    "suffix": ""
                },
                {
                    "first": "Federica",
                    "middle": [],
                    "last": "Toscanini",
                    "suffix": ""
                },
                {
                    "first": "Daniele",
                    "middle": [
                        "Roberto"
                    ],
                    "last": "Giacobbe",
                    "suffix": ""
                },
                {
                    "first": "Antonio",
                    "middle": [],
                    "last": "Vena",
                    "suffix": ""
                },
                {
                    "first": "Lucia",
                    "middle": [],
                    "last": "Taramasso",
                    "suffix": ""
                },
                {
                    "first": "Elisa",
                    "middle": [],
                    "last": "Balletto",
                    "suffix": ""
                },
                {
                    "first": "Federica",
                    "middle": [],
                    "last": "Portunato",
                    "suffix": ""
                },
                {
                    "first": "Eva",
                    "middle": [],
                    "last": "Schenone",
                    "suffix": ""
                },
                {
                    "first": "Nirmala",
                    "middle": [],
                    "last": "Rosseti",
                    "suffix": ""
                },
                {
                    "first": "Federico",
                    "middle": [],
                    "last": "Baldi",
                    "suffix": ""
                },
                {
                    "first": "Marco",
                    "middle": [],
                    "last": "Berruti",
                    "suffix": ""
                },
                {
                    "first": "Federica",
                    "middle": [],
                    "last": "Briano",
                    "suffix": ""
                },
                {
                    "first": "Silvia",
                    "middle": [],
                    "last": "Dettori",
                    "suffix": ""
                },
                {
                    "first": "Laura",
                    "middle": [],
                    "last": "Labate",
                    "suffix": ""
                },
                {
                    "first": "Laura",
                    "middle": [],
                    "last": "Magnasco",
                    "suffix": ""
                },
                {
                    "first": "Michele",
                    "middle": [],
                    "last": "Mirabella",
                    "suffix": ""
                },
                {
                    "first": "Rachele",
                    "middle": [],
                    "last": "Pincino",
                    "suffix": ""
                },
                {
                    "first": "Chiara",
                    "middle": [],
                    "last": "Russo",
                    "suffix": ""
                },
                {
                    "first": "Giovanni",
                    "middle": [],
                    "last": "Sarteschi",
                    "suffix": ""
                },
                {
                    "first": "Chiara",
                    "middle": [],
                    "last": "Sepulcri",
                    "suffix": ""
                },
                {
                    "first": "Stefania",
                    "middle": [],
                    "last": "Tutino",
                    "suffix": ""
                }
            ],
            "year": null,
            "venue": "",
            "volume": "",
            "issn": "",
            "pages": "",
            "other_ids": {}
        },
        "BIBREF12": {
            "ref_id": "b12",
            "title": "Letizia Natale; Davide Orsi; Matteo Pastorino; Tommaso Perazzo",
            "authors": [
                {
                    "first": "Sara",
                    "middle": [],
                    "last": "Feltrin",
                    "suffix": ""
                },
                {
                    "first": "; Stefano Giovinazzo; Patrizia",
                    "middle": [],
                    "last": "Giuntini",
                    "suffix": ""
                }
            ],
            "year": null,
            "venue": "",
            "volume": "",
            "issn": "",
            "pages": "",
            "other_ids": {}
        },
        "BIBREF14": {
            "ref_id": "b14",
            "title": "Anestesia e Rianimazione; Emergenza Covid padiglione 64",
            "authors": [
                {
                    "first": "Maria",
                    "middle": [
                        "Grazia"
                    ],
                    "last": "Serra",
                    "suffix": ""
                }
            ],
            "year": null,
            "venue": "",
            "volume": "",
            "issn": "",
            "pages": "",
            "other_ids": {}
        },
        "BIBREF15": {
            "ref_id": "b15",
            "title": "Roberto Tallone",
            "authors": [],
            "year": null,
            "venue": "",
            "volume": "",
            "issn": "",
            "pages": "",
            "other_ids": {}
        },
        "BIBREF18": {
            "ref_id": "b18",
            "title": "Nidal Ahamd; Paolo Barbera; Marta Bovio",
            "authors": [],
            "year": null,
            "venue": "",
            "volume": "",
            "issn": "",
            "pages": "",
            "other_ids": {}
        },
        "BIBREF20": {
            "ref_id": "b20",
            "title": "Agnese Lomeo; Francesca Fezza Nicola Gentilucci; Nadia Hussein; Emanuele Malvezzi; Laura Massobrio",
            "authors": [
                {
                    "first": "Ombretta",
                    "middle": [],
                    "last": "Cutuli",
                    "suffix": ""
                }
            ],
            "year": null,
            "venue": "",
            "volume": "",
            "issn": "",
            "pages": "",
            "other_ids": {}
        },
        "BIBREF24": {
            "ref_id": "b24",
            "title": "Alberto Valbusa",
            "authors": [
                {
                    "first": "Giovanni",
                    "middle": [
                        "La"
                    ],
                    "last": "Malfa",
                    "suffix": ""
                }
            ],
            "year": null,
            "venue": "Clinica Malattie Cardiovascolari",
            "volume": "",
            "issn": "",
            "pages": "",
            "other_ids": {}
        },
        "BIBREF36": {
            "ref_id": "b36",
            "title": "Giovanni Passalacqua",
            "authors": [],
            "year": null,
            "venue": "",
            "volume": "",
            "issn": "",
            "pages": "",
            "other_ids": {}
        },
        "BIBREF41": {
            "ref_id": "b41",
            "title": "The novel Chinese coronavirus (2019-nCoV) infections: challenges for fighting the storm",
            "authors": [
                {
                    "first": "M",
                    "middle": [],
                    "last": "Bassetti",
                    "suffix": ""
                },
                {
                    "first": "A",
                    "middle": [],
                    "last": "Vena",
                    "suffix": ""
                },
                {
                    "first": "D",
                    "middle": [
                        "R"
                    ],
                    "last": "Giacobbe",
                    "suffix": ""
                }
            ],
            "year": 2020,
            "venue": "Eur J Clin Invest",
            "volume": "50",
            "issn": "3",
            "pages": "",
            "other_ids": {}
        },
        "BIBREF42": {
            "ref_id": "b42",
            "title": "A novel coronavirus from patients with pneumonia in China",
            "authors": [
                {
                    "first": "N",
                    "middle": [],
                    "last": "Zhu",
                    "suffix": ""
                },
                {
                    "first": "D",
                    "middle": [],
                    "last": "Zhang",
                    "suffix": ""
                },
                {
                    "first": "W",
                    "middle": [],
                    "last": "Wang",
                    "suffix": ""
                }
            ],
            "year": 2019,
            "venue": "N Engl J Med",
            "volume": "382",
            "issn": "8",
            "pages": "727--760",
            "other_ids": {}
        },
        "BIBREF43": {
            "ref_id": "b43",
            "title": "Prevalence of antibodies to SARS-CoV-2 in Italian adults and associated risk factors",
            "authors": [
                {
                    "first": "A",
                    "middle": [],
                    "last": "Vena",
                    "suffix": ""
                },
                {
                    "first": "M",
                    "middle": [],
                    "last": "Berruti",
                    "suffix": ""
                },
                {
                    "first": "A",
                    "middle": [],
                    "last": "Adessi",
                    "suffix": ""
                }
            ],
            "year": 2020,
            "venue": "J Clin Med",
            "volume": "9",
            "issn": "9",
            "pages": "",
            "other_ids": {}
        },
        "BIBREF44": {
            "ref_id": "b44",
            "title": "Clinical features of patients infected with 2019 novel coronavirus in Wuhan",
            "authors": [
                {
                    "first": "C",
                    "middle": [],
                    "last": "Huang",
                    "suffix": ""
                },
                {
                    "first": "Y",
                    "middle": [],
                    "last": "Wang",
                    "suffix": ""
                },
                {
                    "first": "X",
                    "middle": [],
                    "last": "Li",
                    "suffix": ""
                }
            ],
            "year": 2020,
            "venue": "China. Lancet",
            "volume": "395",
            "issn": "",
            "pages": "497--506",
            "other_ids": {}
        },
        "BIBREF45": {
            "ref_id": "b45",
            "title": "Clinical characteristics of 138 hospitalized patients with 2019 novel coronavirus-infected pneumonia in Wuhan, China",
            "authors": [
                {
                    "first": "D",
                    "middle": [],
                    "last": "Wang",
                    "suffix": ""
                },
                {
                    "first": "B",
                    "middle": [],
                    "last": "Hu",
                    "suffix": ""
                },
                {
                    "first": "C",
                    "middle": [],
                    "last": "Hu",
                    "suffix": ""
                }
            ],
            "year": 2020,
            "venue": "JAMA",
            "volume": "323",
            "issn": "11",
            "pages": "1061--1070",
            "other_ids": {}
        },
        "BIBREF46": {
            "ref_id": "b46",
            "title": "Epidemiological and clinical characteristics of 99 cases of 2019 novel coronavirus pneumonia in Wuhan, China: a descriptive study",
            "authors": [
                {
                    "first": "N",
                    "middle": [],
                    "last": "Chen",
                    "suffix": ""
                },
                {
                    "first": "M",
                    "middle": [],
                    "last": "Zhou",
                    "suffix": ""
                },
                {
                    "first": "X",
                    "middle": [],
                    "last": "Dong",
                    "suffix": ""
                }
            ],
            "year": 2020,
            "venue": "Lancet",
            "volume": "395",
            "issn": "",
            "pages": "507--520",
            "other_ids": {}
        },
        "BIBREF47": {
            "ref_id": "b47",
            "title": "Clinical characteristics, management and in-hospital mortality of patients with coronavirus disease",
            "authors": [
                {
                    "first": "A",
                    "middle": [],
                    "last": "Vena",
                    "suffix": ""
                },
                {
                    "first": "D",
                    "middle": [
                        "R"
                    ],
                    "last": "Giacobbe",
                    "suffix": ""
                },
                {
                    "first": "Di",
                    "middle": [],
                    "last": "Biagio",
                    "suffix": ""
                },
                {
                    "first": "A",
                    "middle": [],
                    "last": "",
                    "suffix": ""
                }
            ],
            "year": 2019,
            "venue": "Clin Microbiol Infect",
            "volume": "26",
            "issn": "11",
            "pages": "1537--1581",
            "other_ids": {}
        },
        "BIBREF48": {
            "ref_id": "b48",
            "title": "Clinical course and risk factors for mortality of adult inpatients with COVID-19 in Wuhan, China: a retrospective cohort study",
            "authors": [
                {
                    "first": "F",
                    "middle": [],
                    "last": "Zhou",
                    "suffix": ""
                },
                {
                    "first": "T",
                    "middle": [],
                    "last": "Yu",
                    "suffix": ""
                },
                {
                    "first": "R",
                    "middle": [],
                    "last": "Du",
                    "suffix": ""
                }
            ],
            "year": 2020,
            "venue": "Lancet",
            "volume": "395",
            "issn": "",
            "pages": "1054--62",
            "other_ids": {}
        },
        "BIBREF49": {
            "ref_id": "b49",
            "title": "Temporal dynamics in viral shedding and transmissibility of COVID-19",
            "authors": [
                {
                    "first": "X",
                    "middle": [],
                    "last": "He",
                    "suffix": ""
                },
                {
                    "first": "Ehy",
                    "middle": [],
                    "last": "Lau",
                    "suffix": ""
                },
                {
                    "first": "P",
                    "middle": [],
                    "last": "Wu",
                    "suffix": ""
                }
            ],
            "year": 2020,
            "venue": "Nat Med",
            "volume": "26",
            "issn": "5",
            "pages": "672--677",
            "other_ids": {}
        },
        "BIBREF50": {
            "ref_id": "b50",
            "title": "Prolonged SARS-CoV-2 RNA shedding: not a rare phenomenon",
            "authors": [
                {
                    "first": "N",
                    "middle": [],
                    "last": "Li",
                    "suffix": ""
                },
                {
                    "first": "X",
                    "middle": [],
                    "last": "Wang",
                    "suffix": ""
                },
                {
                    "first": "T",
                    "middle": [],
                    "last": "Lv",
                    "suffix": ""
                }
            ],
            "year": 2020,
            "venue": "J Med Virol",
            "volume": "92",
            "issn": "11",
            "pages": "2286--2293",
            "other_ids": {}
        },
        "BIBREF51": {
            "ref_id": "b51",
            "title": "Persistent viral RNA positivity during recovery period of a patient with SARS-CoV-2 infection",
            "authors": [
                {
                    "first": "J",
                    "middle": [
                        "R"
                    ],
                    "last": "Yang",
                    "suffix": ""
                },
                {
                    "first": "D",
                    "middle": [
                        "T"
                    ],
                    "last": "Deng",
                    "suffix": ""
                },
                {
                    "first": "N",
                    "middle": [],
                    "last": "Wu",
                    "suffix": ""
                },
                {
                    "first": "B",
                    "middle": [],
                    "last": "Yang",
                    "suffix": ""
                },
                {
                    "first": "H",
                    "middle": [
                        "J"
                    ],
                    "last": "Li",
                    "suffix": ""
                },
                {
                    "first": "X",
                    "middle": [
                        "B"
                    ],
                    "last": "Pan",
                    "suffix": ""
                }
            ],
            "year": 2020,
            "venue": "J Med Virol",
            "volume": "92",
            "issn": "9",
            "pages": "1681--1684",
            "other_ids": {}
        },
        "BIBREF52": {
            "ref_id": "b52",
            "title": "Prolonged virus shedding even after seroconversion in a patient with COVID-19",
            "authors": [
                {
                    "first": "W",
                    "middle": [
                        "D"
                    ],
                    "last": "Liu",
                    "suffix": ""
                },
                {
                    "first": "S",
                    "middle": [
                        "Y"
                    ],
                    "last": "Chang",
                    "suffix": ""
                },
                {
                    "first": "J",
                    "middle": [
                        "T"
                    ],
                    "last": "Wang",
                    "suffix": ""
                }
            ],
            "year": 2020,
            "venue": "J Infect",
            "volume": "81",
            "issn": "2",
            "pages": "318--56",
            "other_ids": {}
        },
        "BIBREF53": {
            "ref_id": "b53",
            "title": "Factors associated with negative conversion of viral RNA in patients hospitalized with COVID-19",
            "authors": [
                {
                    "first": "X",
                    "middle": [],
                    "last": "Hu",
                    "suffix": ""
                },
                {
                    "first": "Y",
                    "middle": [],
                    "last": "Xing",
                    "suffix": ""
                },
                {
                    "first": "J",
                    "middle": [],
                    "last": "Jia",
                    "suffix": ""
                }
            ],
            "year": 2020,
            "venue": "Sci Total Environ",
            "volume": "728",
            "issn": "",
            "pages": "",
            "other_ids": {}
        },
        "BIBREF54": {
            "ref_id": "b54",
            "title": "Dynamic profile of RT-PCR findings from 301 COVID-19 patients in Wuhan, China: a descriptive study",
            "authors": [
                {
                    "first": "A",
                    "middle": [
                        "T"
                    ],
                    "last": "Xiao",
                    "suffix": ""
                },
                {
                    "first": "Y",
                    "middle": [
                        "X"
                    ],
                    "last": "Tong",
                    "suffix": ""
                },
                {
                    "first": "C",
                    "middle": [],
                    "last": "Gao",
                    "suffix": ""
                },
                {
                    "first": "L",
                    "middle": [],
                    "last": "Zhu",
                    "suffix": ""
                },
                {
                    "first": "Y",
                    "middle": [
                        "J"
                    ],
                    "last": "Zhang",
                    "suffix": ""
                },
                {
                    "first": "S",
                    "middle": [],
                    "last": "Zhang",
                    "suffix": ""
                }
            ],
            "year": 2020,
            "venue": "J Clin Virol",
            "volume": "127",
            "issn": "",
            "pages": "",
            "other_ids": {}
        },
        "BIBREF55": {
            "ref_id": "b55",
            "title": "Factors associated with prolonged viral RNA shedding in patients with COVID-19",
            "authors": [
                {
                    "first": "K",
                    "middle": [],
                    "last": "Xu",
                    "suffix": ""
                },
                {
                    "first": "Y",
                    "middle": [],
                    "last": "Chen",
                    "suffix": ""
                },
                {
                    "first": "J",
                    "middle": [],
                    "last": "Yuan",
                    "suffix": ""
                }
            ],
            "year": 2020,
            "venue": "Clin Infect Dis",
            "volume": "71",
            "issn": "15",
            "pages": "799--806",
            "other_ids": {}
        },
        "BIBREF56": {
            "ref_id": "b56",
            "title": "Profile of RT-PCR for SARS-CoV-2: a preliminary study from 56 COVID-19 patients",
            "authors": [
                {
                    "first": "A",
                    "middle": [
                        "T"
                    ],
                    "last": "Xiao",
                    "suffix": ""
                },
                {
                    "first": "Y",
                    "middle": [
                        "X"
                    ],
                    "last": "Tong",
                    "suffix": ""
                },
                {
                    "first": "S",
                    "middle": [],
                    "last": "Zhang",
                    "suffix": ""
                }
            ],
            "year": 2020,
            "venue": "Clin Infect Dis",
            "volume": "71",
            "issn": "16",
            "pages": "2249--51",
            "other_ids": {}
        },
        "BIBREF57": {
            "ref_id": "b57",
            "title": "Risk factors for the COVID-19 severity and its correlation with viral shedding: a retrospective cohort study",
            "authors": [
                {
                    "first": "X",
                    "middle": [],
                    "last": "Zheng",
                    "suffix": ""
                },
                {
                    "first": "J",
                    "middle": [],
                    "last": "Chen",
                    "suffix": ""
                },
                {
                    "first": "L",
                    "middle": [],
                    "last": "Deng",
                    "suffix": ""
                }
            ],
            "year": 2020,
            "venue": "J Med Virol",
            "volume": "",
            "issn": "",
            "pages": "",
            "other_ids": {
                "DOI": [
                    "10.1002/jmv.26367"
                ]
            }
        },
        "BIBREF58": {
            "ref_id": "b58",
            "title": "Duration of SARS-CoV-2 RNA shedding and factors associated with prolonged viral shedding in patients with COVID-19",
            "authors": [
                {
                    "first": "T",
                    "middle": [
                        "Z"
                    ],
                    "last": "Li",
                    "suffix": ""
                },
                {
                    "first": "Z",
                    "middle": [
                        "H"
                    ],
                    "last": "Cao",
                    "suffix": ""
                },
                {
                    "first": "Y",
                    "middle": [],
                    "last": "Chen",
                    "suffix": ""
                }
            ],
            "year": null,
            "venue": "",
            "volume": "",
            "issn": "",
            "pages": "",
            "other_ids": {}
        },
        "BIBREF60": {
            "ref_id": "b60",
            "title": "Lopinavir/ritonavir and interferon combination therapy may help shorten the duration of viral shedding in patients with COVID-19: a retrospective study in two designated hospitals in Anhui",
            "authors": [
                {
                    "first": "Y",
                    "middle": [],
                    "last": "Zuo",
                    "suffix": ""
                },
                {
                    "first": "Y",
                    "middle": [],
                    "last": "Liu",
                    "suffix": ""
                },
                {
                    "first": "Q",
                    "middle": [],
                    "last": "Zhong",
                    "suffix": ""
                },
                {
                    "first": "K",
                    "middle": [],
                    "last": "Zhang",
                    "suffix": ""
                },
                {
                    "first": "Y",
                    "middle": [],
                    "last": "Xu",
                    "suffix": ""
                },
                {
                    "first": "Z",
                    "middle": [],
                    "last": "Wang",
                    "suffix": ""
                }
            ],
            "year": 2020,
            "venue": "China. J Med Virol",
            "volume": "92",
            "issn": "11",
            "pages": "2666--74",
            "other_ids": {}
        },
        "BIBREF61": {
            "ref_id": "b61",
            "title": "A trial of lopinavirritonavir in adults hospitalized with severe covid-19",
            "authors": [
                {
                    "first": "B",
                    "middle": [],
                    "last": "Cao",
                    "suffix": ""
                },
                {
                    "first": "Y",
                    "middle": [],
                    "last": "Wang",
                    "suffix": ""
                },
                {
                    "first": "D",
                    "middle": [],
                    "last": "Wen",
                    "suffix": ""
                }
            ],
            "year": 2019,
            "venue": "N Engl J Med",
            "volume": "382",
            "issn": "",
            "pages": "1787--99",
            "other_ids": {}
        },
        "BIBREF62": {
            "ref_id": "b62",
            "title": "From Liguria HIV web to Liguria infectious diseases network: how a digital platform improved doctors' work and patients' care",
            "authors": [
                {
                    "first": "B",
                    "middle": [],
                    "last": "Giannini",
                    "suffix": ""
                },
                {
                    "first": "N",
                    "middle": [],
                    "last": "Riccardi",
                    "suffix": ""
                },
                {
                    "first": "G",
                    "middle": [],
                    "last": "Cenderello",
                    "suffix": ""
                },
                {
                    "first": "Di",
                    "middle": [],
                    "last": "Biagio",
                    "suffix": ""
                },
                {
                    "first": "A",
                    "middle": [],
                    "last": "Dentone",
                    "suffix": ""
                },
                {
                    "first": "C",
                    "middle": [],
                    "last": "Giacomini",
                    "suffix": ""
                },
                {
                    "first": "M",
                    "middle": [],
                    "last": "",
                    "suffix": ""
                }
            ],
            "year": 2018,
            "venue": "AIDS Res Hum Retroviruses",
            "volume": "34",
            "issn": "3",
            "pages": "239--279",
            "other_ids": {}
        },
        "BIBREF63": {
            "ref_id": "b63",
            "title": "Virological assessment of hospitalized patients with COVID-2019",
            "authors": [
                {
                    "first": "R",
                    "middle": [],
                    "last": "Wolfel",
                    "suffix": ""
                },
                {
                    "first": "V",
                    "middle": [
                        "M"
                    ],
                    "last": "Corman",
                    "suffix": ""
                },
                {
                    "first": "W",
                    "middle": [],
                    "last": "Guggemos",
                    "suffix": ""
                }
            ],
            "year": 2020,
            "venue": "Nature",
            "volume": "581",
            "issn": "7809",
            "pages": "465--474",
            "other_ids": {}
        },
        "BIBREF64": {
            "ref_id": "b64",
            "title": "The role of interleukin 6 during viral infections",
            "authors": [
                {
                    "first": "L",
                    "middle": [],
                    "last": "Velazquez-Salinas",
                    "suffix": ""
                },
                {
                    "first": "A",
                    "middle": [],
                    "last": "Verdugo-Rodriguez",
                    "suffix": ""
                },
                {
                    "first": "L",
                    "middle": [
                        "L"
                    ],
                    "last": "Rodriguez",
                    "suffix": ""
                },
                {
                    "first": "M",
                    "middle": [
                        "V"
                    ],
                    "last": "Borca",
                    "suffix": ""
                }
            ],
            "year": 2019,
            "venue": "Front Microbiol",
            "volume": "10",
            "issn": "",
            "pages": "",
            "other_ids": {}
        },
        "BIBREF65": {
            "ref_id": "b65",
            "title": "Balancing evidence and frontline experience in the early phases of the COVID-19 pandemic: current position of the Italian Society of Anti-Infective Therapy (SITA) and the Italian Society of Pulmonology (SIP)",
            "authors": [
                {
                    "first": "M",
                    "middle": [],
                    "last": "Bassetti",
                    "suffix": ""
                },
                {
                    "first": "",
                    "middle": [],
                    "last": "Gd",
                    "suffix": ""
                },
                {
                    "first": "S",
                    "middle": [],
                    "last": "Aliberti",
                    "suffix": ""
                },
                {
                    "first": "E",
                    "middle": [],
                    "last": "Barisione",
                    "suffix": ""
                }
            ],
            "year": 2020,
            "venue": "Clin Microbiol Infect",
            "volume": "26",
            "issn": "7",
            "pages": "880--94",
            "other_ids": {}
        },
        "BIBREF66": {
            "ref_id": "b66",
            "title": "European Centre for Disease Prevention and Control. Guidance for discharge and ending isolation in the context of widespread community transmission of COVID-19 -first update. ECDC, Stockholm",
            "authors": [],
            "year": 2020,
            "venue": "",
            "volume": "",
            "issn": "",
            "pages": "",
            "other_ids": {}
        },
        "BIBREF67": {
            "ref_id": "b67",
            "title": "Hydroxychloroquine in patients mainly with mild to moderate COVID-19: an open-label, randomized, controlled trial. medRxiv",
            "authors": [
                {
                    "first": "Wei",
                    "middle": [],
                    "last": "Tang",
                    "suffix": ""
                },
                {
                    "first": "Z",
                    "middle": [
                        "C"
                    ],
                    "last": "Mingfeng",
                    "suffix": ""
                },
                {
                    "first": "H",
                    "middle": [],
                    "last": "Zhengyan",
                    "suffix": ""
                },
                {
                    "first": "W",
                    "middle": [],
                    "last": "",
                    "suffix": ""
                }
            ],
            "year": 2020,
            "venue": "",
            "volume": "",
            "issn": "",
            "pages": "",
            "other_ids": {
                "DOI": [
                    "10.1101/2020.04.10.20060558"
                ]
            }
        }
    },
    "ref_entries": {
        "FIGREF0": {
            "text": "Flow diagram of hospitalized patients with confirmed SARS-CoV-2 infection included in this study",
            "latex": null,
            "type": "figure"
        },
        "FIGREF1": {
            "text": "Cumulative frequency of patients with positive SARS-Cov-2 RNA at different time points (percentage)",
            "latex": null,
            "type": "figure"
        },
        "TABREF0": {
            "text": "Clinical characteristics, treatments, and outcomes of the 121 patients with SARS-CoV-2 infection included in the study",
            "latex": null,
            "type": "table"
        },
        "TABREF1": {
            "text": "",
            "latex": null,
            "type": "table"
        },
        "TABREF2": {
            "text": "Univariate and multivariate analysis of factors associated with persistent viral shedding in patients admitted to the hospital with SARS-CoV-2 infection",
            "latex": null,
            "type": "table"
        },
        "TABREF3": {
            "text": "AKI acute kidney injury, ALT alanine aminotransferase, AST aspartate aminotransferase, ICU intensive care unit, IQR interquartile range Significant p values are shown in bold. a These data were collected at the time of diagnosis of SARS-CoV-2 infection b Chest CT was performed in 117 out of 121 patients at the time of SARS-CoV-2 infection conclusions. Third, because we did not perform daily collection of nasopharyngeal swabs we were not able to estimate the overall duration of viral shedding. Fourth, we only included hospitalized patients with severe SARS-CoV-2 infection; accordingly, our findings could not be extended to patients with mild or moderate disease who were not admitted to the hospital or discharged early.PVS is a common finding in hospitalized patients with SARS-CoV-2 infection, and is associated with immunosuppression and the need for mechanical ventilation. In our opinion, future studies should focus on the unknown meaning of this phenomenon in terms of infectivity and infection control measures.(Direzione Amministrativa); Alessandra Morando, Riccardo Papalia; Donata Passerini; Gabriella Tiberio (Direzione di presidio); Giovanni Orengo; Alberto Battaglini (Gestione del rischio clinico); Silvano Ruffoni; Sergio Caglieris.Disclosures. Matteo Bassetti reports grants and personal fees from Pfizer, grants and personal fees from MSD, grants and personal fees from Cidara, personal fees from Astellas, personal fees from Gilead. DRG reports personal fees from Stepstone Pharma GmbH and an unconditional grant from MSD Italia. Matteo Bassetti is also a member of the journal's editorial board. Antonio Vena, LuciaTaramasso, Antonio Di Biagio, Malgorzata Mikulska, Chiara Dentone, Andrea De Maria, Laura Magnasco, Laura Ambra Nicolini, Bianca Bruzzone, Giancarlo Icardi, Andrea Orsi, Paolo Pelosi, Lorenzo Ball, Denise Battaglini, Iole Brunetti, Maurizio Loconte, Nicol\u00f2 A. Patroniti, Chiara Robba, Martina Bavastro, Matteo Cerchiaro, Daniele Roberto Giacobbe, Irene Schiavetti and Marco Berruti have nothing to disclose.",
            "latex": null,
            "type": "table"
        }
    },
    "back_matter": [
        {
            "text": "We thank the participants of the study. The authors acknowledge as coauthors all the members of the GECOVID-19 Study group.",
            "cite_spans": [],
            "ref_spans": [],
            "section": "ACKNOWLEDGEMENTS"
        },
        {
            "text": "Funding. No funding or sponsorship was received for this study or the publication of this article.Authorship. All named authors meet the International Committee of Medical Journal Editors (ICMJE) criteria for authorship for this article, take responsibility for the integrity of the work, and have given their approval for this version to be published.",
            "cite_spans": [],
            "ref_spans": [],
            "section": "annex"
        }
    ]
}