Date,Bitcoin
2010-02-23 00:00:00,0.0
2010-02-24 00:00:00,0.0
2010-02-25 00:00:00,0.0
2010-02-26 00:00:00,0.0
2010-03-01 00:00:00,0.0
2010-03-02 00:00:00,0.0
2010-03-03 00:00:00,0.0
2010-03-04 00:00:00,0.0
2010-03-05 00:00:00,0.0
2010-03-08 00:00:00,0.0
2010-03-09 00:00:00,0.0
2010-03-10 00:00:00,0.0
2010-03-11 00:00:00,0.0
2010-03-12 00:00:00,0.0
2010-03-15 00:00:00,0.0
2010-03-16 00:00:00,0.0
2010-03-17 00:00:00,0.0
2010-03-18 00:00:00,0.0
2010-03-19 00:00:00,0.0
2010-03-22 00:00:00,0.0
2010-03-23 00:00:00,0.0
2010-03-24 00:00:00,0.0
2010-03-25 00:00:00,0.0
2010-03-26 00:00:00,0.0
2010-03-29 00:00:00,0.0
2010-03-30 00:00:00,0.0
2010-03-31 00:00:00,0.0
2010-04-01 00:00:00,0.0
2010-04-05 00:00:00,0.0
2010-04-06 00:00:00,0.0
2010-04-07 00:00:00,0.0
2010-04-08 00:00:00,0.0
2010-04-09 00:00:00,0.0
2010-04-12 00:00:00,0.0
2010-04-13 00:00:00,0.0
2010-04-14 00:00:00,0.0
2010-04-15 00:00:00,0.0
2010-04-16 00:00:00,0.0
2010-04-19 00:00:00,0.0
2010-04-20 00:00:00,0.0
2010-04-21 00:00:00,0.0
2010-04-22 00:00:00,0.0
2010-04-23 00:00:00,0.0
2010-04-26 00:00:00,0.0
2010-04-27 00:00:00,0.0
2010-04-28 00:00:00,0.0
2010-04-29 00:00:00,0.0
2010-04-30 00:00:00,0.0
2010-05-03 00:00:00,0.0
2010-05-04 00:00:00,0.0
2010-05-05 00:00:00,0.0
2010-05-06 00:00:00,0.0
2010-05-07 00:00:00,0.0
2010-05-10 00:00:00,0.0
2010-05-11 00:00:00,0.0
2010-05-12 00:00:00,0.0
2010-05-13 00:00:00,0.0
2010-05-14 00:00:00,0.0
2010-05-17 00:00:00,0.0
2010-05-18 00:00:00,0.0
2010-05-19 00:00:00,0.0
2010-05-20 00:00:00,0.0
2010-05-21 00:00:00,0.0
2010-05-24 00:00:00,0.0
2010-05-25 00:00:00,0.0
2010-05-26 00:00:00,0.0
2010-05-27 00:00:00,0.0
2010-05-28 00:00:00,0.0
2010-06-01 00:00:00,0.0
2010-06-02 00:00:00,0.0
2010-06-03 00:00:00,0.0
2010-06-04 00:00:00,0.0
2010-06-07 00:00:00,0.0
2010-06-08 00:00:00,0.0
2010-06-09 00:00:00,0.0
2010-06-10 00:00:00,0.0
2010-06-11 00:00:00,0.0
2010-06-14 00:00:00,0.0
2010-06-15 00:00:00,0.0
2010-06-16 00:00:00,0.0
2010-06-17 00:00:00,0.0
2010-06-18 00:00:00,0.0
2010-06-21 00:00:00,0.0
2010-06-22 00:00:00,0.0
2010-06-23 00:00:00,0.0
2010-06-24 00:00:00,0.0
2010-06-25 00:00:00,0.0
2010-06-28 00:00:00,0.0
2010-06-29 00:00:00,0.0
2010-06-30 00:00:00,0.0
2010-07-01 00:00:00,0.0
2010-07-02 00:00:00,0.0
2010-07-06 00:00:00,0.0
2010-07-07 00:00:00,0.0
2010-07-08 00:00:00,0.0
2010-07-09 00:00:00,0.0
2010-07-12 00:00:00,0.0
2010-07-13 00:00:00,0.0
2010-07-14 00:00:00,0.0
2010-07-15 00:00:00,0.0
2010-07-16 00:00:00,0.0
2010-07-19 00:00:00,0.0
2010-07-20 00:00:00,0.0
2010-07-21 00:00:00,0.0
2010-07-22 00:00:00,0.0
2010-07-23 00:00:00,0.0
2010-07-26 00:00:00,0.0
2010-07-27 00:00:00,0.0
2010-07-28 00:00:00,0.0
2010-07-29 00:00:00,0.0
2010-07-30 00:00:00,0.0
2010-08-02 00:00:00,0.0
2010-08-03 00:00:00,0.0
2010-08-04 00:00:00,0.0
2010-08-05 00:00:00,0.0
2010-08-06 00:00:00,0.0
2010-08-09 00:00:00,0.0
2010-08-10 00:00:00,0.0
2010-08-11 00:00:00,0.0
2010-08-12 00:00:00,0.0
2010-08-13 00:00:00,0.0
2010-08-16 00:00:00,-8.709873034632291e-05
2010-08-17 00:00:00,3.2847451683226383e-06
2010-08-18 00:00:00,5.889860869217697e-06
2010-08-19 00:00:00,2.3785878251529968e-06
2010-08-20 00:00:00,7.928613511182649e-07
2010-08-23 00:00:00,-1.0069340236363592e-06
2010-08-24 00:00:00,4.4060455125565223e-07
2010-08-25 00:00:00,1.132659299043743e-09
2010-08-26 00:00:00,1.6978547955811426e-06
2010-08-27 00:00:00,-4.5306396275622056e-06
2010-08-30 00:00:00,4.564619347389414e-06
2010-08-31 00:00:00,7.928600794672739e-08
2010-09-01 00:00:00,2.2653118597771155e-06
2010-09-02 00:00:00,-5.663274838446541e-07
2010-09-03 00:00:00,1.7556141557276013e-06
2010-09-07 00:00:00,-1.8122454424992726e-07
2010-09-08 00:00:00,-4.4173496469415936e-07
2010-09-09 00:00:00,4.4173496474158807e-07
2010-09-10 00:00:00,0.0
2010-09-13 00:00:00,-2.367248627849118e-06
2010-09-14 00:00:00,-0.0001256194608720335
2010-09-15 00:00:00,0.00012811130137753123
2010-09-16 00:00:00,1.1326527227595298e-06
2010-09-17 00:00:00,-2.831634211943176e-06
2010-09-20 00:00:00,1.1326552254142411e-07
2010-09-21 00:00:00,5.663274195793903e-07
2010-09-22 00:00:00,-2.265309292490559e-07
2010-09-23 00:00:00,2.1520438402701288e-07
2010-09-24 00:00:00,6.841231030790723e-07
2010-09-27 00:00:00,-5.708576563263455e-07
2010-09-28 00:00:00,5.889801162019973e-07
2010-09-29 00:00:00,3.058164620213931e-07
2010-09-30 00:00:00,-8.94796218296503e-08
2010-10-01 00:00:00,-1.1326535271669254e-09
2010-10-04 00:00:00,-1.1439806816084425e-06
2010-10-05 00:00:00,-3.284699424571195e-07
2010-10-06 00:00:00,-5.663277404173404e-07
2010-10-07 00:00:00,-2.741064606653576e-05
2010-10-08 00:00:00,-4.7687253355091083e-05
2010-10-11 00:00:00,3.5227620396950636e-05
2010-10-12 00:00:00,4.5307935829308135e-06
2010-10-13 00:00:00,-1.132702244811819e-05
2010-10-14 00:00:00,-1.5858046976755723e-05
2010-10-15 00:00:00,1.8123461730616685e-05
2010-10-18 00:00:00,6.796234252971382e-07
2010-10-19 00:00:00,-6.796234252213377e-07
2010-10-20 00:00:00,-6.7962596577094106e-06
2010-10-21 00:00:00,2.2654250178923322e-06
2010-10-22 00:00:00,-4.870776892083511e-05
2010-10-25 00:00:00,-4.5311682524916894e-05
2010-10-26 00:00:00,0.0
2010-10-27 00:00:00,-1.1328177238249651e-08
2010-10-28 00:00:00,-1.1214901921970287e-06
2010-10-29 00:00:00,-7.363350681718152e-06
2010-11-01 00:00:00,2.2656521383664646e-06
2010-11-02 00:00:00,-9.00636260877549e-05
2010-11-03 00:00:00,4.41718409981729e-05
2010-11-04 00:00:00,-4.406900363101729e-06
2010-11-05 00:00:00,-0.0001473987805479132
2010-11-08 00:00:00,3.761651147681277e-05
2010-11-09 00:00:00,7.942057680496164e-05
2010-11-10 00:00:00,3.0248404083071117e-05
2010-11-11 00:00:00,-1.2461778495871046e-05
2010-11-12 00:00:00,-3.6026742172350015e-05
2010-11-15 00:00:00,1.132936764618717e-07
2010-11-16 00:00:00,3.0589244115133144e-06
2010-11-17 00:00:00,-1.1328263576055501e-05
2010-11-18 00:00:00,7.929458096749785e-06
2010-11-19 00:00:00,1.1329364432627447e-06
2010-11-22 00:00:00,-6.684343569252615e-06
2010-11-23 00:00:00,5.562736496787689e-06
2010-11-24 00:00:00,-6.808974985288886e-06
2010-11-26 00:00:00,1.1329383686595841e-05
2010-11-29 00:00:00,4.531717535655119e-06
2010-11-30 00:00:00,5.664473649819185e-05
2010-12-01 00:00:00,-2.8321967170784472e-05
2010-12-02 00:00:00,-6.0043600933457746e-06
2010-12-03 00:00:00,3.432632726402333e-05
2010-12-06 00:00:00,-1.132863285937981e-06
2010-12-07 00:00:00,-2.458344940137718e-05
2010-12-08 00:00:00,1.00826859914544e-05
2010-12-09 00:00:00,3.9423459246048306e-05
2010-12-10 00:00:00,-2.6599335854757695e-05
2010-12-13 00:00:00,-2.8548259592356746e-06
2010-12-14 00:00:00,-1.9032381343317675e-05
2010-12-15 00:00:00,1.0196010404992536e-06
2010-12-16 00:00:00,-1.0309347295713925e-05
2010-12-17 00:00:00,-2.2658279635872027e-05
2010-12-20 00:00:00,6.69557507192559e-06
2010-12-21 00:00:00,2.367798390100195e-06
2010-12-22 00:00:00,1.9259395865290397e-05
2010-12-23 00:00:00,-1.699356533466872e-05
2010-12-27 00:00:00,-1.699385412090841e-05
2010-12-28 00:00:00,-2.379188094876035e-05
2010-12-29 00:00:00,1.1340925065297306e-06
2010-12-30 00:00:00,0.0
2010-12-31 00:00:00,1.1329588372154474e-09
2011-01-03 00:00:00,1.1216292509689971e-07
2011-01-04 00:00:00,1.0207953363864902e-06
2011-01-05 00:00:00,-2.265915346813325e-09
2011-01-06 00:00:00,-2.605836482743271e-05
2011-01-07 00:00:00,-7.93094146921566e-06
2011-01-10 00:00:00,0.0
2011-01-11 00:00:00,-2.3793201813740352e-05
2011-01-12 00:00:00,-6.231821164801823e-05
2011-01-13 00:00:00,-5.099051646835115e-05
2011-01-14 00:00:00,7.162393986425472e-05
2011-01-18 00:00:00,5.290165392651091e-05
2011-01-19 00:00:00,-3.10449663115739e-05
2011-01-20 00:00:00,-8.214917690091551e-05
2011-01-21 00:00:00,-3.3994216911241513e-06
2011-01-24 00:00:00,2.039635680890565e-05
2011-01-25 00:00:00,0.0
2011-01-26 00:00:00,8.611670192304913e-06
2011-01-27 00:00:00,-3.694005588817332e-05
2011-01-28 00:00:00,-5.665917899724696e-05
2011-01-31 00:00:00,-0.0005100771246515169
2011-02-01 00:00:00,0.00012459731622241853
2011-02-02 00:00:00,0.00010213574949760792
2011-02-03 00:00:00,-0.0001473706449386342
2011-02-04 00:00:00,-2.9306674759443975e-05
2011-02-07 00:00:00,6.632340079306097e-06
2011-02-08 00:00:00,-3.968132284653257e-05
2011-02-09 00:00:00,-0.0001870903053433786
2011-02-10 00:00:00,0.00010602213722260059
2011-02-11 00:00:00,-8.334266012193974e-05
2011-02-14 00:00:00,-5.669821054250699e-06
2011-02-15 00:00:00,3.9472627028508946e-05
2011-02-16 00:00:00,0.0
2011-02-17 00:00:00,0.0
2011-02-18 00:00:00,0.00020486863338468983
2011-02-22 00:00:00,-9.126737437093049e-05
2011-02-23 00:00:00,1.1337937945241055e-07
2011-02-24 00:00:00,-5.680467920167433e-05
2011-02-25 00:00:00,5.756318691885483e-05
2011-02-28 00:00:00,-2.354802135854589e-05
2011-03-01 00:00:00,2.2902893007939018e-05
2011-03-02 00:00:00,1.1111115560240744e-05
2011-03-03 00:00:00,9.070243912521072e-07
2011-03-04 00:00:00,3.423956906171378e-05
2011-03-07 00:00:00,2.040731997427425e-06
2011-03-08 00:00:00,2.6584688725099505e-05
2011-03-09 00:00:00,1.5589506845462392e-05
2011-03-10 00:00:00,-7.131170829753203e-05
2011-03-11 00:00:00,3.730039907155925e-05
2011-03-14 00:00:00,1.30378894063738e-07
2011-03-15 00:00:00,1.1206852711701788e-05
2011-03-16 00:00:00,1.1337103074390865e-05
2011-03-17 00:00:00,3.331106631467196e-05
2011-03-18 00:00:00,7.064417603632724e-05
2011-03-21 00:00:00,-1.2861749838168122e-05
2011-03-22 00:00:00,-5.708295444879835e-05
2011-03-23 00:00:00,-5.668487274406172e-05
2011-03-24 00:00:00,1.1337231605673682e-05
2011-03-25 00:00:00,3.684511506395732e-05
2011-03-28 00:00:00,6.518418582591788e-05
2011-03-29 00:00:00,5.667989274662918e-06
2011-03-30 00:00:00,-6.778918937942752e-06
2011-03-31 00:00:00,1.144937694686887e-06
2011-04-01 00:00:00,1.1301938392037336e-05
2011-04-04 00:00:00,9.06829455503213e-05
2011-04-05 00:00:00,-4.2896542456074916e-05
2011-04-06 00:00:00,-2.250770536061323e-05
2011-04-07 00:00:00,-3.548104373203548e-05
2011-04-08 00:00:00,2.040458790976328e-05
2011-04-11 00:00:00,-0.00013150353785266442
2011-04-12 00:00:00,-0.00011678056890114272
2011-04-13 00:00:00,6.80291741286254e-05
2011-04-14 00:00:00,-0.00017007027381123782
2011-04-15 00:00:00,-0.0001246428325830723
2011-04-18 00:00:00,1.122767737657702e-05
2011-04-19 00:00:00,-8.95944956377047e-06
2011-04-20 00:00:00,0.0
2011-04-21 00:00:00,-0.0005707348974120003
2011-04-25 00:00:00,-3.290858387736935e-05
2011-04-26 00:00:00,-0.0002496866029523197
2011-04-27 00:00:00,-0.0007948723913393253
2011-04-28 00:00:00,-5.6800783571069715e-05
2011-04-29 00:00:00,-0.0009035662015981657
2011-05-02 00:00:00,5.685358306864612e-06
2011-05-03 00:00:00,-0.00010234139531838651
2011-05-04 00:00:00,9.09706463808899e-05
2011-05-05 00:00:00,-0.00011348715899865042
2011-05-06 00:00:00,-0.00038354089263089463
2011-05-09 00:00:00,-0.0014378809874963493
2011-05-10 00:00:00,-0.0009859662513504648
2011-05-11 00:00:00,0.0001311610671138076
2011-05-12 00:00:00,-0.0028547384946259226
2011-05-13 00:00:00,-5.717752001200975e-05
2011-05-16 00:00:00,0.0001269182330937024
2011-05-17 00:00:00,0.0005887086614516018
2011-05-18 00:00:00,0.0006100503954125973
2011-05-19 00:00:00,0.0002740587806654237
2011-05-20 00:00:00,-0.0003996941608028545
2011-05-23 00:00:00,0.00028551212978775224
2011-05-24 00:00:00,-0.00035404717240135737
2011-05-25 00:00:00,-0.002081131585715484
2011-05-26 00:00:00,0.0004692044358710533
2011-05-27 00:00:00,-0.0006635882225593792
2011-05-31 00:00:00,0.00012455650418884243
2011-06-01 00:00:00,-0.0013505712904190845
2011-06-02 00:00:00,-0.0042848533028556615
2011-06-03 00:00:00,-0.0056916759661106665
2011-06-06 00:00:00,0.00019680491981408424
2011-06-07 00:00:00,-0.01498629269779842
2011-06-08 00:00:00,0.000481533060079054
2011-06-09 00:00:00,-0.004119133118899072
2011-06-10 00:00:00,0.012306844394205641
2011-06-13 00:00:00,0.004080454219143804
2011-06-14 00:00:00,0.001147893360660075
2011-06-15 00:00:00,4.635184626558955e-05
2011-06-16 00:00:00,0.0006605120692317141
2011-06-17 00:00:00,0.0023593115454789864
2011-06-20 00:00:00,0.002134978615874283
2011-06-21 00:00:00,0.0005186306373577602
2011-06-22 00:00:00,-0.00109520254464336
2011-06-23 00:00:00,-0.0008655971039617545
2011-06-24 00:00:00,-0.001444020638172615
2011-06-27 00:00:00,0.0005547949441219944
2011-06-28 00:00:00,0.00025417818617516755
2011-06-29 00:00:00,-0.00023106840846398604
2011-06-30 00:00:00,0.0005775709408500785
2011-07-01 00:00:00,0.002306953650410808
2011-07-05 00:00:00,-0.0017297161052021266
2011-07-06 00:00:00,0.00028849386947566054
2011-07-07 00:00:00,0.0007003936663973337
2011-07-08 00:00:00,0.0005104877898682606
2011-07-11 00:00:00,0.0006451660272791799
2011-07-12 00:00:00,0.0005640207641983025
2011-07-13 00:00:00,5.754934980047663e-05
2011-07-14 00:00:00,-0.00023021727343639682
2011-07-15 00:00:00,0.0007018820164641284
2011-07-18 00:00:00,-0.001162475624349928
2011-07-19 00:00:00,0.0007598657296234348
2011-07-20 00:00:00,0.00011634663342587401
2011-07-21 00:00:00,0.0
2011-07-22 00:00:00,-0.0009221682138195776
2011-07-25 00:00:00,0.00039142094388949924
2011-07-26 00:00:00,0.0003108165757554871
2011-07-27 00:00:00,0.00014961797721827424
2011-07-28 00:00:00,0.00023013780089078096
2011-07-29 00:00:00,0.00028748276873084746
2011-08-01 00:00:00,0.00011513098360606788
2011-08-02 00:00:00,0.0004024517197377823
2011-08-03 00:00:00,0.0018518863240487469
2011-08-04 00:00:00,-7.154448006165588e-05
2011-08-05 00:00:00,0.0030479285462127045
2011-08-08 00:00:00,-0.003679300004095886
2011-08-09 00:00:00,0.001606343939775686
2011-08-10 00:00:00,0.00023396663857394888
2011-08-11 00:00:00,0.000688281048822072
2011-08-12 00:00:00,-0.002287475477812138
2011-08-15 00:00:00,0.0005853258654380388
2011-08-16 00:00:00,9.178474383530444e-05
2011-08-17 00:00:00,-0.0004245750785627715
2011-08-18 00:00:00,-0.00016069704963224914
2011-08-19 00:00:00,0.00035464695024468943
2011-08-22 00:00:00,1.2622654233423747e-05
2011-08-23 00:00:00,0.00010327027754380697
2011-08-24 00:00:00,0.0004983701058489412
2011-08-25 00:00:00,0.0007629611911304614
2011-08-26 00:00:00,0.0009379718356649836
2011-08-29 00:00:00,0.0003786390605654305
2011-08-30 00:00:00,0.0001720051094321597
2011-08-31 00:00:00,0.000629887323661911
2011-09-01 00:00:00,-5.667430114614188e-05
2011-09-02 00:00:00,0.0009621696959681614
2011-09-06 00:00:00,6.62274806004043e-05
2011-09-07 00:00:00,0.0003244706838842499
2011-09-08 00:00:00,0.00042827440544180966
2011-09-09 00:00:00,-0.00016097102380633745
2011-09-12 00:00:00,0.0009483281213759292
2011-09-13 00:00:00,0.0002965245463828099
2011-09-14 00:00:00,0.0003420344871203046
2011-09-15 00:00:00,0.0005242257680755601
2011-09-16 00:00:00,-0.0004216382306665275
2011-09-19 00:00:00,-0.0013629931110984606
2011-09-20 00:00:00,0.0005800523191453468
2011-09-21 00:00:00,0.0005207403183591301
2011-09-22 00:00:00,0.000140769881112891
2011-09-23 00:00:00,0.00028083074370960375
2011-09-26 00:00:00,0.0003759587927013992
2011-09-27 00:00:00,0.00016081833867445772
2011-09-28 00:00:00,0.00020500075569090522
2011-09-29 00:00:00,-0.0006162678638107017
2011-09-30 00:00:00,0.0003127834686804933
2011-10-03 00:00:00,5.178314587165143e-05
2011-10-04 00:00:00,5.695298910149979e-06
2011-10-05 00:00:00,0.00010820451682794846
2011-10-06 00:00:00,9.111051283124511e-05
2011-10-07 00:00:00,0.0006724007731882295
2011-10-10 00:00:00,0.00013583009818632518
2011-10-11 00:00:00,-7.523002441308906e-05
2011-10-12 00:00:00,-0.0002775727581059004
2011-10-13 00:00:00,0.00038177353783155004
2011-10-14 00:00:00,0.0004033982517616051
2011-10-17 00:00:00,0.0009776555561136005
2011-10-18 00:00:00,0.0002840475464777732
2011-10-19 00:00:00,0.00026123069749838245
2011-10-20 00:00:00,-0.0003407867792099351
2011-10-21 00:00:00,-0.0005454414160851198
2011-10-24 00:00:00,0.00018185444020406456
2011-10-25 00:00:00,0.00018636648601715242
2011-10-26 00:00:00,-0.00019761776972722041
2011-10-27 00:00:00,-0.00023312325908424729
2011-10-28 00:00:00,-0.00015120113181810597
2011-10-31 00:00:00,4.320265626196098e-05
2011-11-01 00:00:00,-0.00010232510539428345
2011-11-02 00:00:00,0.000160304684416144
2011-11-03 00:00:00,9.123713409219332e-05
2011-11-04 00:00:00,0.0002157712303748119
2011-11-07 00:00:00,-0.00020583636599202446
2011-11-08 00:00:00,0.00010911787286693843
2011-11-09 00:00:00,0.00012956201115767952
2011-11-10 00:00:00,0.0
2011-11-11 00:00:00,-3.409363864531745e-05
2011-11-14 00:00:00,0.00038632652448511093
2011-11-15 00:00:00,0.00010223792617273145
2011-11-16 00:00:00,-3.521349178294593e-07
2011-11-17 00:00:00,0.0002388893678204277
2011-11-18 00:00:00,0.00011353563791201504
2011-11-21 00:00:00,-6.813346305132517e-05
2011-11-22 00:00:00,-3.406847241796347e-05
2011-11-23 00:00:00,-0.00020443521198373595
2011-11-25 00:00:00,2.3864286784998924e-05
2011-11-28 00:00:00,-0.0005021787855417898
2011-11-29 00:00:00,2.500072312371805e-05
2011-11-30 00:00:00,-0.00020570635246892744
2011-12-01 00:00:00,2.2732295869358355e-06
2011-12-02 00:00:00,0.00023638766658597084
2011-12-05 00:00:00,-0.00013637068030237885
2011-12-06 00:00:00,-3.6368655786600047e-05
2011-12-07 00:00:00,-2.0457950150426498e-05
2011-12-08 00:00:00,6.932802588769676e-05
2011-12-09 00:00:00,-0.00034483509100625243
2011-12-12 00:00:00,4.816834323280211e-05
2011-12-13 00:00:00,2.614658318357812e-05
2011-12-14 00:00:00,9.51450562708683e-05
2011-12-15 00:00:00,-4.171720773159847e-05
2011-12-16 00:00:00,-0.0005348164254365673
2011-12-19 00:00:00,-0.0009098767487740654
2011-12-20 00:00:00,0.00044386803190396345
2011-12-21 00:00:00,0.00013427109566566982
2011-12-22 00:00:00,4.777163080808305e-05
2011-12-23 00:00:00,-0.0001251508144565239
2011-12-27 00:00:00,-0.0001466511738066973
2011-12-28 00:00:00,-0.00016060361010668506
2011-12-29 00:00:00,3.4144082806328096e-05
2011-12-30 00:00:00,-0.0011273707404757408
2012-01-03 00:00:00,-0.0003604573244615742
2012-01-04 00:00:00,-0.0009039368022497225
2012-01-05 00:00:00,-0.0009370702188551262
2012-01-06 00:00:00,2.2837970790785055e-05
2012-01-09 00:00:00,0.0003539218673637688
2012-01-10 00:00:00,-0.00028312747232671636
2012-01-11 00:00:00,0.00016098149941881987
2012-01-12 00:00:00,0.00015822756183202019
2012-01-13 00:00:00,-0.00013882019537565508
2012-01-17 00:00:00,3.424737496611697e-05
2012-01-18 00:00:00,0.0007417385954186618
2012-01-19 00:00:00,-0.00031945071294258944
2012-01-20 00:00:00,0.00014279567244778463
2012-01-23 00:00:00,-6.862837548439665e-05
2012-01-24 00:00:00,7.416179658331539e-05
2012-01-25 00:00:00,0.0002851864330420141
2012-01-26 00:00:00,0.0005826681723748828
2012-01-27 00:00:00,0.00010144761806187575
2012-01-30 00:00:00,-5.69917770489712e-05
2012-01-31 00:00:00,1.3678322718077532e-05
2012-02-01 00:00:00,-0.0006408023361057626
2012-02-02 00:00:00,5.930856163387897e-05
2012-02-03 00:00:00,0.00040822119415638043
2012-02-06 00:00:00,9.121123687893592e-05
2012-02-07 00:00:00,-0.00015893249712766193
2012-02-08 00:00:00,5.6320695731166725e-05
2012-02-09 00:00:00,-0.0001428030804146586
2012-02-10 00:00:00,0.00023400395752178827
2012-02-13 00:00:00,0.000136785722056853
2012-02-14 00:00:00,0.0008203216480747807
2012-02-15 00:00:00,0.00016662534725567064
2012-02-16 00:00:00,-4.133489074726621e-05
2012-02-17 00:00:00,0.00038092230427744884
2012-02-21 00:00:00,-0.00011907243992846615
2012-02-22 00:00:00,-0.00043817431783212547
2012-02-23 00:00:00,-0.00031094112073704023
2012-02-24 00:00:00,0.00011139266791843521
2012-02-27 00:00:00,0.00011390889767990241
2012-02-28 00:00:00,0.00011389592392062206
2012-02-29 00:00:00,-9.59108950646922e-05
2012-03-01 00:00:00,-5.319161042211407e-06
2012-03-02 00:00:00,-5.822786986895989e-05
2012-03-05 00:00:00,-1.1390824879980737e-05
2012-03-06 00:00:00,-2.2782039020107366e-05
2012-03-07 00:00:00,7.973486595536097e-05
2012-03-08 00:00:00,5.7063479412670016e-05
2012-03-09 00:00:00,-1.0535427248748885e-05
2012-03-12 00:00:00,-0.0005136370128313975
2012-03-13 00:00:00,-3.920150425374198e-05
2012-03-14 00:00:00,-6.381785677529503e-06
2012-03-15 00:00:00,5.697878775952767e-05
2012-03-16 00:00:00,0.00010266757993129043
2012-03-19 00:00:00,0.0003758261054980163
2012-03-20 00:00:00,0.00012528194906528928
2012-03-21 00:00:00,-1.13886195418194e-05
2012-03-22 00:00:00,5.694180074705575e-05
2012-03-23 00:00:00,0.00010484415036352461
2012-03-26 00:00:00,-2.3570790744972443e-06
2012-03-27 00:00:00,-0.00012061698881757633
2012-03-28 00:00:00,-1.7082509482348752e-05
2012-03-29 00:00:00,3.52124270108392e-05
2012-03-30 00:00:00,-0.0002847414329620163
2012-04-02 00:00:00,7.973577420124826e-05
2012-04-03 00:00:00,4.556044518637002e-05
2012-04-04 00:00:00,2.863367755631793e-05
2012-04-05 00:00:00,0.0001649750601946145
2012-04-09 00:00:00,-0.00011388295311644035
2012-04-10 00:00:00,6.71945426780308e-06
2012-04-11 00:00:00,-9.783515559828828e-05
2012-04-12 00:00:00,4.027416378639111e-05
2012-04-13 00:00:00,-4.027416378635457e-05
2012-04-16 00:00:00,-4.791880051655775e-05
2012-04-17 00:00:00,-0.0001778561192713484
2012-04-18 00:00:00,-1.3443303401218762e-05
2012-04-19 00:00:00,2.2785153573783583e-05
2012-04-20 00:00:00,-5.4673847726070456e-05
2012-04-23 00:00:00,2.04959226764028e-05
2012-04-24 00:00:00,4.5570307153212586e-05
2012-04-25 00:00:00,-2.2784893994905896e-05
2012-04-26 00:00:00,4.875903990388819e-05
2012-04-27 00:00:00,0.00015628631901276328
2012-04-30 00:00:00,0.0
2012-05-01 00:00:00,-0.00020379217625530931
2012-05-02 00:00:00,-5.8102237590479245e-06
2012-05-03 00:00:00,3.8734187411334267e-05
2012-05-04 00:00:00,6.299681213136412e-05
2012-05-07 00:00:00,-6.037497208184184e-06
2012-05-08 00:00:00,4.45408165524293e-06
2012-05-09 00:00:00,-3.29333335715299e-05
2012-05-10 00:00:00,0.00010607540189002887
2012-05-11 00:00:00,-4.692960727424239e-06
2012-05-14 00:00:00,-6.151171557507782e-05
2012-05-15 00:00:00,2.278281737293232e-08
2012-05-16 00:00:00,-5.071583679874529e-05
2012-05-17 00:00:00,5.126380681085879e-06
2012-05-18 00:00:00,-1.993607249342115e-05
2012-05-21 00:00:00,3.1327935475010816e-05
2012-05-22 00:00:00,-4.556823059474249e-05
2012-05-23 00:00:00,-8.24837782979446e-05
2012-05-24 00:00:00,9.387603061666821e-05
2012-05-25 00:00:00,-1.01277059079782e-05
2012-05-29 00:00:00,-1.550504431941655e-05
2012-05-30 00:00:00,-1.9937037768429425e-05
2012-05-31 00:00:00,-9.114580628127243e-05
2012-06-01 00:00:00,-9.684730166742718e-06
2012-06-04 00:00:00,-0.00025240574807877745
2012-06-05 00:00:00,3.418961034881619e-05
2012-06-06 00:00:00,-6.724067818889133e-05
2012-06-07 00:00:00,-0.00014931326523225457
2012-06-08 00:00:00,0.00013056484634955945
2012-06-11 00:00:00,-0.00017616112645869655
2012-06-12 00:00:00,-0.0002964265076259719
2012-06-13 00:00:00,1.1402644462909657e-05
2012-06-14 00:00:00,-0.0002451855137500783
2012-06-15 00:00:00,-0.00034427348920589625
2012-06-18 00:00:00,-7.546397597031111e-05
2012-06-19 00:00:00,-0.00013356488680343068
2012-06-20 00:00:00,-0.00017120138446296147
2012-06-21 00:00:00,4.3371829337121415e-07
2012-06-22 00:00:00,0.00039897538301374727
2012-06-25 00:00:00,-1.6086821340212124e-06
2012-06-26 00:00:00,-0.00011883286106785304
2012-06-27 00:00:00,-0.00012942579186360926
2012-06-28 00:00:00,7.954087120703608e-06
2012-06-29 00:00:00,-0.00010042927281907802
2012-07-02 00:00:00,-1.71196322231267e-05
2012-07-03 00:00:00,-5.706609204313765e-06
2012-07-05 00:00:00,4.052763295304394e-05
2012-07-06 00:00:00,-0.00018434493643865234
2012-07-09 00:00:00,-0.00039160748146798016
2012-07-10 00:00:00,-2.0555065639704578e-05
2012-07-11 00:00:00,-7.194605719403028e-05
2012-07-12 00:00:00,-0.0006626038276713915
2012-07-13 00:00:00,-0.00044567661443511926
2012-07-16 00:00:00,-0.0013730265739609084
2012-07-17 00:00:00,0.00010419003398084879
2012-07-18 00:00:00,0.00014203173216376447
2012-07-19 00:00:00,4.733942818294895e-05
2012-07-20 00:00:00,3.839868788190889e-05
2012-07-23 00:00:00,0.00027464210829943584
2012-07-24 00:00:00,0.0002173943999309628
2012-07-25 00:00:00,-0.00014874565690785907
2012-07-26 00:00:00,-5.720695858032683e-05
2012-07-27 00:00:00,-0.00022886056629955274
2012-07-30 00:00:00,-0.0003319408837516419
2012-07-31 00:00:00,-0.00011448792667295106
2012-08-01 00:00:00,-0.0002977299668990639
2012-08-02 00:00:00,-0.0015115446445045748
2012-08-03 00:00:00,-0.00019767371261472297
2012-08-06 00:00:00,0.00028805466239859576
2012-08-07 00:00:00,-0.0001261570874418312
2012-08-08 00:00:00,-0.0009754874560651355
2012-08-09 00:00:00,0.00045916605744095184
2012-08-10 00:00:00,-0.0003099024816642517
2012-08-13 00:00:00,-0.0003546593967343639
2012-08-14 00:00:00,-0.0005641799728171413
2012-08-15 00:00:00,-0.0013466770786725716
2012-08-16 00:00:00,-0.0017951945415705392
2012-08-17 00:00:00,0.005632234099673611
2012-08-20 00:00:00,0.00022922611854838404
2012-08-21 00:00:00,4.582516835741253e-05
2012-08-22 00:00:00,1.1458828671006871e-05
2012-08-23 00:00:00,0.0
2012-08-24 00:00:00,-0.0021795269590744533
2012-08-27 00:00:00,0.00088304455429579
2012-08-28 00:00:00,0.00019584713688483552
2012-08-29 00:00:00,0.00031310823046389177
2012-08-30 00:00:00,0.00011593264311289454
2012-08-31 00:00:00,0.0002780230331983914
2012-09-04 00:00:00,1.664453496024029e-05
2012-09-05 00:00:00,-0.0006778354377767044
2012-09-06 00:00:00,-0.0001376597426604489
2012-09-07 00:00:00,0.00018698320560256175
2012-09-10 00:00:00,-7.686536667112477e-05
2012-09-11 00:00:00,-0.00021211298607429454
2012-09-12 00:00:00,-2.3062212065429857e-05
2012-09-13 00:00:00,-0.00040281394342666266
2012-09-14 00:00:00,-0.0002439477166984996
2012-09-17 00:00:00,-0.00014639720016492615
2012-09-18 00:00:00,-0.0005972929848398645
2012-09-19 00:00:00,-8.808495149964007e-05
2012-09-20 00:00:00,0.00013403174454232656
2012-09-21 00:00:00,0.00031146106360242874
2012-09-24 00:00:00,8.015568866144214e-05
2012-09-25 00:00:00,-5.8470867826199e-05
2012-09-26 00:00:00,-0.00020676000843051427
2012-09-27 00:00:00,1.8380398613220723e-05
2012-09-28 00:00:00,-4.2505184501365155e-05
2012-10-01 00:00:00,-0.00045848154757649587
2012-10-02 00:00:00,-2.2872127879567172e-05
2012-10-03 00:00:00,-0.00021840344604813564
2012-10-04 00:00:00,0.00011484017957171338
2012-10-05 00:00:00,0.0010454849515452226
2012-10-08 00:00:00,-0.0003100848054914038
2012-10-09 00:00:00,0.00022970168081131603
2012-10-10 00:00:00,-4.5936115327357394e-05
2012-10-11 00:00:00,4.593611532740566e-05
2012-10-12 00:00:00,0.00013779568657835178
2012-10-15 00:00:00,4.59276763709194e-05
2012-10-16 00:00:00,0.0
2012-10-17 00:00:00,3.446733558905908e-05
2012-10-18 00:00:00,-8.059876785017479e-06
2012-10-19 00:00:00,0.00018024098563694903
2012-10-22 00:00:00,-0.0002181301657836194
2012-10-23 00:00:00,0.00020665081688922899
2012-10-24 00:00:00,0.00012626559076919214
2012-10-25 00:00:00,0.0007000485349577909
2012-10-26 00:00:00,-4.6018430419219443e-05
2012-10-31 00:00:00,-0.00015945211885256053
2012-11-01 00:00:00,7.916713999427906e-05
2012-11-02 00:00:00,0.00035553815574005385
2012-11-05 00:00:00,1.1501639859944543e-05
2012-11-06 00:00:00,-0.0003739685342594708
2012-11-07 00:00:00,0.00013550319211151968
2012-11-08 00:00:00,3.200052864409551e-05
2012-11-09 00:00:00,-0.0001261728995939399
2012-11-12 00:00:00,5.8500323787959103e-05
2012-11-13 00:00:00,9.061139273285977e-05
2012-11-14 00:00:00,-7.340606642850316e-05
2012-11-15 00:00:00,-0.0007871598830292554
2012-11-16 00:00:00,2.2958302106771e-08
2012-11-19 00:00:00,-4.5940617439243265e-05
2012-11-20 00:00:00,6.428413244744958e-05
2012-11-21 00:00:00,-0.0007418146265945518
2012-11-23 00:00:00,-0.00025447958982143654
2012-11-26 00:00:00,0.0001396098919108869
2012-11-27 00:00:00,0.0001411526582671433
2012-11-28 00:00:00,-0.00022043986147387995
2012-11-29 00:00:00,-5.859913281371823e-05
2012-11-30 00:00:00,-3.333409777123154e-05
2012-12-03 00:00:00,-0.0003306893893030178
2012-12-04 00:00:00,-0.0006131346060387048
2012-12-05 00:00:00,-0.0002171737146779032
2012-12-06 00:00:00,1.0123551657324843e-05
2012-12-07 00:00:00,0.0001495405289246211
2012-12-10 00:00:00,-0.0001035141732014092
2012-12-11 00:00:00,0.0
2012-12-12 00:00:00,-0.00018395705689309866
2012-12-13 00:00:00,-0.00011655816208498641
2012-12-14 00:00:00,0.00046383934284730406
2012-12-17 00:00:00,0.0001138590571726357
2012-12-18 00:00:00,0.0
2012-12-19 00:00:00,-0.0003692265065042093
2012-12-20 00:00:00,8.340419849446327e-05
2012-12-21 00:00:00,0.00022716926119288093
2012-12-24 00:00:00,5.876804941162673e-05
2012-12-26 00:00:00,-8.177018334705618e-05
2012-12-27 00:00:00,-0.0002069279825046785
2012-12-28 00:00:00,6.890406672297837e-05
2012-12-31 00:00:00,0.00021852906985754653
2013-01-02 00:00:00,-7.360445834004694e-05
2013-01-03 00:00:00,-2.974233830153629e-05
2013-01-04 00:00:00,-5.191894701891947e-05
2013-01-07 00:00:00,-0.0003393683227148973
2013-01-08 00:00:00,-5.7508457697079183e-05
2013-01-09 00:00:00,-0.0005064427301148684
2013-01-10 00:00:00,2.3036154800540704e-05
2013-01-11 00:00:00,-1.1512188713076938e-08
2013-01-14 00:00:00,-0.00020607789944568773
2013-01-15 00:00:00,-0.00024184654701538653
2013-01-16 00:00:00,-0.0008076920864465086
2013-01-17 00:00:00,-0.0006860711314087688
2013-01-18 00:00:00,-0.0018530132210223137
2013-01-22 00:00:00,1.2711544706754863e-06
2013-01-23 00:00:00,-0.0018519241332467674
2013-01-24 00:00:00,0.0004111318281790271
2013-01-25 00:00:00,0.0004452146830468271
2013-01-28 00:00:00,-0.0015628267266377762
2013-01-29 00:00:00,0.00011584873940580197
2013-01-30 00:00:00,-0.00200607793464317
2013-01-31 00:00:00,0.00015088566195128368
2013-02-01 00:00:00,0.00029010076147841657
2013-02-04 00:00:00,0.0003016155432326515
2013-02-05 00:00:00,-0.000631060448432997
2013-02-06 00:00:00,-0.0009476284257369582
2013-02-07 00:00:00,0.0
2013-02-08 00:00:00,-0.002379120799705524
2013-02-11 00:00:00,-0.001835128813611491
2013-02-12 00:00:00,-0.0003850832205994108
2013-02-13 00:00:00,-0.0005030532037717993
2013-02-14 00:00:00,-0.0005466843795296786
2013-02-15 00:00:00,-0.002094626659643297
2013-02-19 00:00:00,-0.0011975962398206614
2013-02-20 00:00:00,1.428842140308436e-05
2013-02-21 00:00:00,-0.0012912126638951432
2013-02-22 00:00:00,0.0007637419940174011
2013-02-25 00:00:00,-0.00109006963659512
2013-02-26 00:00:00,-0.0002616202873068868
2013-02-27 00:00:00,-0.0024670391092104713
2013-02-28 00:00:00,-0.0016235302471140094
2013-03-01 00:00:00,-0.0017372327328859215
2013-03-04 00:00:00,-0.0043681655482700945
2013-03-05 00:00:00,-0.008889746664703343
2013-03-06 00:00:00,0.0059756736145973035
2013-03-07 00:00:00,-0.0005799634166851787
2013-03-08 00:00:00,-0.005682664483539415
2013-03-11 00:00:00,0.0032537694768113236
2013-03-12 00:00:00,-0.002129276780111797
2013-03-13 00:00:00,-0.000569321990001957
2013-03-14 00:00:00,3.092086832907325e-05
2013-03-15 00:00:00,-0.000478698539833602
2013-03-18 00:00:00,-0.012177358897237927
2013-03-19 00:00:00,-0.0068700984981929164
2013-03-20 00:00:00,-0.012759381388907958
2013-03-21 00:00:00,0.002838475901454322
2013-03-22 00:00:00,-0.0029472139307934893
2013-03-25 00:00:00,-0.0050954474096812615
2013-03-26 00:00:00,-0.013633825127161395
2013-03-27 00:00:00,-0.005894857173963935
2013-03-28 00:00:00,-0.011393843757475536
2013-04-01 00:00:00,-0.008001835596045887
2013-04-02 00:00:00,-0.039600289970760996
2013-04-03 00:00:00,0.009084417406714248
2013-04-04 00:00:00,-0.015839655205075975
2013-04-05 00:00:00,-0.05592209275626263
2013-04-08 00:00:00,-0.08039156265967567
2013-04-09 00:00:00,0.06015803717111969
2013-04-10 00:00:00,0.10337980145347007
2013-04-11 00:00:00,0.059932334510448514
2013-04-12 00:00:00,-0.01815864468138982
2013-04-15 00:00:00,0.0
2013-04-16 00:00:00,0.006795529860816622
2013-04-17 00:00:00,-0.013764688838117387
2013-04-18 00:00:00,-0.02983891664634049
2013-04-19 00:00:00,-0.005115741945255958
2013-04-22 00:00:00,-0.01668504156236854
2013-04-23 00:00:00,-0.023188236917272287
2013-04-24 00:00:00,0.0028465047574601464
2013-04-25 00:00:00,0.02098420001495286
2013-04-26 00:00:00,-0.007924634776188837
2013-04-29 00:00:00,0.003219624511028776
2013-04-30 00:00:00,0.019713642388374853
2013-05-01 00:00:00,0.025121592925289978
2013-05-02 00:00:00,0.015117637827154145
2013-05-03 00:00:00,-0.03583343194063617
2013-05-06 00:00:00,0.01838647785062778
2013-05-07 00:00:00,-0.00924202501587294
2013-05-08 00:00:00,0.005690541671115435
2013-05-09 00:00:00,-0.010552820002541997
2013-05-10 00:00:00,0.0002312919497872815
2013-05-13 00:00:00,-0.0019576749974973403
2013-05-14 00:00:00,0.005241867534459406
2013-05-15 00:00:00,-0.00013706088043014922
2013-05-16 00:00:00,-0.012317138585883566
2013-05-17 00:00:00,0.0024230347462052826
2013-05-20 00:00:00,0.00019728565156123395
2013-05-21 00:00:00,-0.00018411978804352527
2013-05-22 00:00:00,-0.003993207390587642
2013-05-23 00:00:00,-0.007728448646000054
2013-05-24 00:00:00,0.004221594939436538
2013-05-28 00:00:00,-0.0022007876163852172
2013-05-29 00:00:00,-0.0013501776864822004
2013-05-30 00:00:00,0.004849154111748715
2013-05-31 00:00:00,0.00966812437917221
2013-06-03 00:00:00,-0.0007429380304728605
2013-06-04 00:00:00,-0.00241440663422603
2013-06-05 00:00:00,0.0022525971469016842
2013-06-06 00:00:00,0.013544988123157962
2013-06-07 00:00:00,0.00687015749123462
2013-06-10 00:00:00,-0.003904248398403359
2013-06-11 00:00:00,-0.0002090819761737253
2013-06-12 00:00:00,-0.001082166239132067
2013-06-13 00:00:00,0.011561645964644728
2013-06-14 00:00:00,-0.0006710388877535281
2013-06-17 00:00:00,-0.008812502513153922
2013-06-18 00:00:00,-0.0005739605516993817
2013-06-19 00:00:00,-0.0053490102849598755
2013-06-20 00:00:00,0.0012573570860366797
2013-06-21 00:00:00,0.011630661396944639
2013-06-24 00:00:00,-0.0024323415084898086
2013-06-25 00:00:00,-0.0006920829612396346
2013-06-26 00:00:00,0.002073070359743925
2013-06-27 00:00:00,0.007858541618406082
2013-06-28 00:00:00,0.007143332341505811
2013-07-01 00:00:00,0.001826736729978434
2013-07-02 00:00:00,0.008471759993668232
2013-07-03 00:00:00,0.018501365328122823
2013-07-05 00:00:00,-0.012073235294783892
2013-07-08 00:00:00,0.0016279831831669217
2013-07-09 00:00:00,-0.0028071018154744
2013-07-10 00:00:00,-0.010700360753624554
2013-07-11 00:00:00,-0.01347320861099501
2013-07-12 00:00:00,-0.0007328214567109226
2013-07-15 00:00:00,0.0017384997446780197
2013-07-16 00:00:00,-0.0012222223722361545
2013-07-17 00:00:00,0.009597409228833606
2013-07-18 00:00:00,-0.003806150054537497
2013-07-19 00:00:00,0.0020533062007254913
2013-07-22 00:00:00,-0.0045708426433931386
2013-07-23 00:00:00,0.0022505331044045647
2013-07-24 00:00:00,-0.0032719440133910415
2013-07-25 00:00:00,-0.00024756969575374986
2013-07-26 00:00:00,-0.005925948184336839
2013-07-29 00:00:00,-0.001097874764489349
2013-07-30 00:00:00,-0.003919830828092896
2013-07-31 00:00:00,0.0009835275242763189
2013-08-01 00:00:00,-0.0016835896059473516
2013-08-02 00:00:00,-0.0011583094171016078
2013-08-05 00:00:00,-0.0006231847996427188
2013-08-06 00:00:00,0.0016528594063432002
2013-08-07 00:00:00,0.004748502113431424
2013-08-08 00:00:00,-0.0005122658669676421
2013-08-09 00:00:00,-0.0034582225894877728
2013-08-12 00:00:00,-0.0029658453882355296
2013-08-13 00:00:00,0.009327701878219607
2013-08-14 00:00:00,0.0022327431312202974
2013-08-15 00:00:00,-0.0002931618564787282
2013-08-16 00:00:00,-0.004548630238559238
2013-08-19 00:00:00,-0.0032323693861038925
2013-08-20 00:00:00,-0.006651441510954888
2013-08-21 00:00:00,-0.0016309320489386427
2013-08-22 00:00:00,0.004562502508855437
2013-08-23 00:00:00,-0.0055864293733570046
2013-08-26 00:00:00,-0.007445192599095733
2013-08-27 00:00:00,-0.002262741659970654
2013-08-28 00:00:00,-0.0003012128895997549
2013-08-29 00:00:00,-0.006979436019727868
2013-08-30 00:00:00,-0.007493502639434762
2013-09-03 00:00:00,0.0049181543142717485
2013-09-04 00:00:00,0.0029445979846166198
2013-09-05 00:00:00,0.002725588261072575
2013-09-06 00:00:00,0.0010251092895307615
2013-09-09 00:00:00,-0.0022750608574065925
2013-09-10 00:00:00,-0.0009351955684302236
2013-09-11 00:00:00,-0.005748892629254532
2013-09-12 00:00:00,0.00021204001814322866
2013-09-13 00:00:00,0.0030034838613301573
2013-09-16 00:00:00,-0.0020366214007004725
2013-09-17 00:00:00,0.0004367681863247129
2013-09-18 00:00:00,0.004133221964156779
2013-09-19 00:00:00,0.00015812265291037094
2013-09-20 00:00:00,0.001264081929145979
2013-09-23 00:00:00,0.0005656856208331721
2013-09-24 00:00:00,-0.002093319196968107
2013-09-25 00:00:00,0.0004348229774149815
2013-09-26 00:00:00,-0.0023080396491819317
2013-09-27 00:00:00,-0.0002641154723406536
2013-09-30 00:00:00,-0.001731683316519263
2013-10-01 00:00:00,0.02951379676700792
2013-10-02 00:00:00,-0.016161244900750476
2013-10-03 00:00:00,-0.006614564305111891
2013-10-04 00:00:00,-0.0021048636044367305
2013-10-07 00:00:00,-0.00031611201587407344
2013-10-08 00:00:00,-0.0029552075165439604
2013-10-09 00:00:00,-0.0004625410879638723
2013-10-10 00:00:00,-0.0005421060883880708
2013-10-11 00:00:00,-0.011773770179861628
2013-10-14 00:00:00,-0.004762044409857726
2013-10-15 00:00:00,-0.00348864402121285
2013-10-16 00:00:00,-0.0020260296357092304
2013-10-17 00:00:00,-0.009864417536726814
2013-10-18 00:00:00,-0.03682722429775925
2013-10-21 00:00:00,-0.02105960202298269
2013-10-22 00:00:00,-0.011891048577012075
2013-10-23 00:00:00,0.006086903184189027
2013-10-24 00:00:00,0.03288067608003957
2013-10-25 00:00:00,-0.033564880188752665
2013-10-28 00:00:00,-0.008540878755640134
2013-10-29 00:00:00,-0.001911190393783897
2013-10-30 00:00:00,0.0026159383940479227
2013-10-31 00:00:00,-0.0023952299193954504
2013-11-01 00:00:00,-0.032689561400904066
2013-11-04 00:00:00,-0.03327564082770822
2013-11-05 00:00:00,-0.01839819123422524
2013-11-06 00:00:00,-0.056114289358279154
2013-11-07 00:00:00,-0.05792513997597698
2013-11-08 00:00:00,-0.02510693007382051
2013-11-11 00:00:00,-0.027170337571330215
2013-11-14 00:00:00,-0.025491282139560454
2013-11-15 00:00:00,-0.41658382100068886
2013-11-18 00:00:00,0.07444755202256803
2013-11-19 00:00:00,-0.11474367556559671
2013-11-20 00:00:00,-0.42635495968754655
2013-11-21 00:00:00,-0.43284654897415736
2013-11-22 00:00:00,-0.5702638948895492
2013-11-25 00:00:00,-0.5945447542526479
2013-11-27 00:00:00,0.9456637452815742
2013-11-29 00:00:00,-0.6087540150092041
2013-12-02 00:00:00,0.4821337357879031
2013-12-03 00:00:00,0.41473089566117094
2013-12-10 00:00:00,-2.8093088816895952
2013-12-12 00:00:00,-1.4251181063599792
2013-12-16 00:00:00,0.039177695241303434
2013-12-17 00:00:00,0.5282314520782765
2013-12-18 00:00:00,-0.28830752024120787
2013-12-20 00:00:00,0.08632167521558676
2013-12-23 00:00:00,-0.030792932407422147
2013-12-24 00:00:00,-0.46170157132751544
2013-12-26 00:00:00,0.11984226660394212
2013-12-27 00:00:00,-0.151859329150987
2013-12-30 00:00:00,0.054782450241709316
2013-12-31 00:00:00,-0.19572565599706013
2014-01-02 00:00:00,-0.4874379528585132
2014-01-07 00:00:00,1.3094734245240363
2014-01-08 00:00:00,0.24654466506387931
2014-01-09 00:00:00,-0.28490923174222976
2014-01-10 00:00:00,0.30290969300874465
2014-01-13 00:00:00,-0.18874691513067984
2014-01-14 00:00:00,-0.5679565069649875
2014-01-15 00:00:00,0.38978920425353303
2014-01-16 00:00:00,0.5470933124698139
2014-01-17 00:00:00,-0.3984601090973937
2014-01-21 00:00:00,0.14625440730593137
2014-01-22 00:00:00,0.00042912594662762436
2014-01-23 00:00:00,0.29422289792207196
2014-02-03 00:00:00,0.06643983904341627
2014-02-04 00:00:00,0.11553324000702596
2014-02-05 00:00:00,0.23525981120031347
2014-02-07 00:00:00,0.44142359115524754
2014-02-11 00:00:00,0.01394354953511838
2014-02-12 00:00:00,0.1422949991243509
2014-02-13 00:00:00,-0.1661492198879944
2014-02-14 00:00:00,0.1947379186362026
2014-02-18 00:00:00,0.011025189791083306
2014-02-19 00:00:00,0.1477130732094935
2014-02-20 00:00:00,0.05362458110848264
2014-02-21 00:00:00,0.06465993958593946
2014-02-24 00:00:00,0.04907975177161286
2014-02-25 00:00:00,-0.17633040557621535
2014-02-26 00:00:00,0.0007054803252414683
2014-02-27 00:00:00,0.023891674196817984
2014-02-28 00:00:00,-0.34289394021289993
2014-03-03 00:00:00,-0.05269379516652283
2014-03-04 00:00:00,0.06028808508962109
2014-03-05 00:00:00,0.035272410120855635
2014-03-06 00:00:00,0.14678581119200168
2014-03-07 00:00:00,-0.002640649053274036
2014-03-10 00:00:00,-0.0034932917791433123
2014-03-11 00:00:00,-0.0767012588356935
2014-03-12 00:00:00,-0.0021197936390061
2014-03-13 00:00:00,0.02522683202803373
2014-03-14 00:00:00,0.04664826206557741
2014-03-17 00:00:00,-0.008946184850127908
2014-03-18 00:00:00,0.07011629962266923
2014-03-19 00:00:00,0.0649062244481251
2014-03-20 00:00:00,0.03359945265572079
2014-03-21 00:00:00,0.02603180647360986
2014-03-24 00:00:00,-0.02613083613262499
2014-03-25 00:00:00,-0.01892856413269983
2014-03-26 00:00:00,0.19914366879004097
2014-03-27 00:00:00,0.04632645388615952
2014-03-28 00:00:00,0.11428385335967679
2014-03-31 00:00:00,-0.054294905040569004
2014-04-01 00:00:00,0.08207803595539309
2014-04-02 00:00:00,-0.0029957290065825274
2014-04-03 00:00:00,0.0006868375128495825
2014-04-08 00:00:00,0.0252569172974663
2014-04-10 00:00:00,-0.05763154247793738
2014-04-11 00:00:00,-0.0568669537882471
2014-04-14 00:00:00,-0.08943304967119413
2014-04-15 00:00:00,-0.05649792870064806
2014-04-17 00:00:00,-0.0038740263474851245
2014-04-21 00:00:00,0.00816952641028046
2014-04-22 00:00:00,0.015358290216569315
2014-04-23 00:00:00,-0.010927833246676857
2014-04-25 00:00:00,0.028266270658750297
2014-04-29 00:00:00,-0.0029912960915929113
2014-04-30 00:00:00,-0.025699322208909924
2014-05-01 00:00:00,0.029127059245050175
2014-05-02 00:00:00,0.04420464785011954
2014-05-06 00:00:00,-0.036723291890104884
2014-05-07 00:00:00,0.011734829030671096
2014-05-08 00:00:00,-0.024119400993188263
2014-05-12 00:00:00,0.005759870031027933
2014-05-13 00:00:00,-0.019421859677274667
2014-05-15 00:00:00,-0.0011990006932315232
2014-05-19 00:00:00,-0.09255707271848151
2014-05-20 00:00:00,-0.025090084385768065
2014-05-21 00:00:00,-0.07758388928474283
2014-05-22 00:00:00,-0.010159914437474772
2014-05-23 00:00:00,-0.1660957504815237
2014-05-27 00:00:00,0.024735178986059682
2014-05-28 00:00:00,0.02030350456106016
2014-05-29 00:00:00,-0.13958039665806185
2014-05-30 00:00:00,-0.08555393996711923
2014-06-02 00:00:00,-0.18471487291851785
2014-06-03 00:00:00,0.1309181624783784
2014-06-04 00:00:00,-0.060817543505997836
2014-06-05 00:00:00,0.01315869397887886
2014-06-06 00:00:00,0.020993386623941616
2014-06-09 00:00:00,0.004472461179540299
2014-06-10 00:00:00,0.04160184302919902
2014-06-11 00:00:00,0.09041344072372842
2014-06-12 00:00:00,0.12363820149244105
2014-06-13 00:00:00,-0.044158102108828375
2014-06-16 00:00:00,-0.009245771640815456
2014-06-17 00:00:00,-0.024662420843858227
2014-06-18 00:00:00,0.0010054418702164264
2014-06-19 00:00:00,0.038685724763664005
2014-06-20 00:00:00,0.006298863817899771
2014-06-23 00:00:00,0.0202435686761736
2014-06-24 00:00:00,0.060473390962715964
2014-06-25 00:00:00,-0.006350345612568009
2014-06-26 00:00:00,-0.0657231796780187
2014-06-27 00:00:00,-0.11155002679299125
2014-06-30 00:00:00,-0.1404308164198946
2014-07-01 00:00:00,0.001967475676671549
2014-07-02 00:00:00,0.04258426585832931
2014-07-03 00:00:00,0.08832047568963004
2014-07-07 00:00:00,-0.006612749714393334
2014-07-08 00:00:00,-0.004407089368148061
2014-07-09 00:00:00,0.019414766771180664
2014-07-10 00:00:00,-0.040835524355537486
2014-07-11 00:00:00,0.029293460350178553
2014-07-14 00:00:00,-0.0014232986131033287
2014-07-15 00:00:00,0.014104684528575696
2014-07-16 00:00:00,-0.025058521270928776
2014-07-17 00:00:00,-0.015136680427551551
2014-07-18 00:00:00,0.04148486593716747
2014-07-21 00:00:00,-0.007190182610288674
2014-07-22 00:00:00,-0.003748695979524724
2014-07-23 00:00:00,0.07680218441965954
2014-07-24 00:00:00,-0.005016741018484003
2014-07-25 00:00:00,0.05425220546271599
2014-07-28 00:00:00,0.01827882866684544
2014-07-29 00:00:00,0.026257460768812215
2014-07-30 00:00:00,-0.0412981253815346
2014-07-31 00:00:00,-0.05517456026802556
2014-08-01 00:00:00,0.02807157087224907
2014-08-04 00:00:00,0.04641391749106048
2014-08-05 00:00:00,-0.004602054491955161
2014-08-06 00:00:00,-0.01889348072663859
2014-08-07 00:00:00,-0.006990791745425977
2014-08-08 00:00:00,0.03457395887703935
2014-08-11 00:00:00,0.030550867521766754
2014-08-12 00:00:00,0.06006053331465173
2014-08-13 00:00:00,0.08211049501485342
2014-08-14 00:00:00,0.0630176928024287
2014-08-15 00:00:00,0.07500333281258059
2014-08-18 00:00:00,-0.04767632474526164
2014-08-19 00:00:00,-0.051367225001699185
2014-08-20 00:00:00,-0.05044675100480852
2014-08-21 00:00:00,0.020863554140620383
2014-08-22 00:00:00,0.038883752020710066
2014-08-25 00:00:00,-0.024023284678439748
2014-08-26 00:00:00,-0.005553620095115117
2014-08-27 00:00:00,0.014697043824286209
2014-08-28 00:00:00,-0.006984496473840461
2014-08-29 00:00:00,0.07361981733328639
2014-09-02 00:00:00,0.026907815495584204
2014-09-03 00:00:00,-0.032810582245119936
2014-09-04 00:00:00,0.00022670622212815305
2014-09-05 00:00:00,0.023153530640883397
2014-09-08 00:00:00,0.02462450906255921
2014-09-09 00:00:00,-0.045564060553120324
2014-09-10 00:00:00,0.039494744224721295
2014-09-11 00:00:00,-0.0034605498034928233
2014-09-12 00:00:00,-0.01187588426419848
2014-09-15 00:00:00,0.017749303274966335
2014-09-16 00:00:00,0.04707365520514952
2014-09-17 00:00:00,0.044539271464352895
2014-09-18 00:00:00,0.06243978455395823
2014-09-19 00:00:00,-0.004327043377724394
2014-09-22 00:00:00,-0.04676462520426802
2014-09-23 00:00:00,-0.019561994767946875
2014-09-24 00:00:00,0.05148566172044382
2014-09-25 00:00:00,0.006172152225716264
2014-09-26 00:00:00,0.04741342552822812
2014-09-29 00:00:00,-0.001458135167244147
2014-09-30 00:00:00,-0.005210698420050654
2014-10-01 00:00:00,0.018751126139524114
2014-10-02 00:00:00,0.02358119320617086
2014-10-03 00:00:00,0.06080649937018903
2014-10-06 00:00:00,0.0009058061117834337
2014-10-07 00:00:00,-0.02858048196267928
2014-10-08 00:00:00,-0.0628251963115495
2014-10-09 00:00:00,0.03885781887081466
2014-10-10 00:00:00,-0.043870315360689936
2014-10-13 00:00:00,-0.0625988950390567
2014-10-14 00:00:00,0.03727518388879462
2014-10-15 00:00:00,0.032159924015799236
2014-10-16 00:00:00,-0.00957184005023546
2014-10-17 00:00:00,-0.0042480390201363434
2014-10-20 00:00:00,-0.004125007095373605
2014-10-21 00:00:00,0.003823753605547123
2014-10-22 00:00:00,0.04152842763439466
2014-10-23 00:00:00,0.010599663764730346
2014-10-24 00:00:00,0.003730037134420107
2014-10-27 00:00:00,0.002958893222148587
2014-10-28 00:00:00,0.02137948379159359
2014-10-29 00:00:00,0.012033029123627704
2014-10-30 00:00:00,-0.007261467814932165
2014-10-31 00:00:00,0.02755082681541808
2014-11-03 00:00:00,-0.005236843189680787
2014-11-04 00:00:00,-0.02423466544875127
2014-11-05 00:00:00,-0.011097396317897011
2014-11-06 00:00:00,0.010598153997252063
2014-11-07 00:00:00,-0.06417798809629405
2014-11-10 00:00:00,0.0211329248001643
2014-11-11 00:00:00,-0.134175804187801
2014-11-12 00:00:00,0.05061025100749425
2014-11-13 00:00:00,0.02077416007937913
2014-11-14 00:00:00,0.03649800379972059
2014-11-17 00:00:00,-0.0028387141373887696
2014-11-18 00:00:00,0.010166135373119585
2014-11-19 00:00:00,0.025394326656519584
2014-11-20 00:00:00,0.009166587601402086
2014-11-21 00:00:00,-0.05289093796385402
2014-11-24 00:00:00,0.0059349187844418404
2014-11-25 00:00:00,0.01892659479701558
2014-11-26 00:00:00,-0.009191592341640123
2014-11-28 00:00:00,-0.011110684278931495
2014-12-01 00:00:00,-0.00041906168778077084
2014-12-02 00:00:00,0.007318252260615079
2014-12-03 00:00:00,0.01295333105117124
2014-12-04 00:00:00,-0.004528358032500718
2014-12-05 00:00:00,0.013601548675827777
2014-12-08 00:00:00,0.031893174057189895
2014-12-09 00:00:00,-0.001277440371534822
2014-12-10 00:00:00,-0.009690116417872012
2014-12-11 00:00:00,0.0019341832247929242
2014-12-12 00:00:00,0.005535318212946709
2014-12-15 00:00:00,0.02863681256287687
2014-12-16 00:00:00,0.03336165792570098
2014-12-17 00:00:00,0.0008849643513197528
2014-12-18 00:00:00,0.00012383253645475008
2014-12-19 00:00:00,-0.02671058045837644
2014-12-22 00:00:00,-0.008081042995022485
2014-12-23 00:00:00,0.017016060067798197
2014-12-24 00:00:00,-0.0009007312886610239
2014-12-26 00:00:00,0.02421535557443745
2014-12-29 00:00:00,0.002459790075832685
2014-12-30 00:00:00,-0.007592080575589389
2014-12-31 00:00:00,0.0022078201040006892
2015-01-02 00:00:00,0.06712159695613568
2015-01-05 00:00:00,0.0
2015-01-06 00:00:00,0.0
2015-01-07 00:00:00,0.0
2015-01-08 00:00:00,0.0
2015-01-09 00:00:00,0.011155986154475316
2015-01-12 00:00:00,0.061853749306797164
2015-01-13 00:00:00,0.08011648985619998
2015-01-14 00:00:00,-0.06070650112543539
2015-01-15 00:00:00,0.019010887593842306
2015-01-16 00:00:00,-0.011339226002469964
2015-01-20 00:00:00,-0.003304184059252878
2015-01-21 00:00:00,-0.028404331940511975
2015-01-22 00:00:00,0.001339534299950099
2015-01-23 00:00:00,-0.06096755772494491
2015-01-26 00:00:00,0.008857186362116356
2015-01-27 00:00:00,0.026836534536902972
2015-01-28 00:00:00,0.02502762030575191
2015-01-29 00:00:00,0.004729051939832958
2015-01-30 00:00:00,0.010832088284635931
2015-02-02 00:00:00,-0.02068386078524578
2015-02-03 00:00:00,0.021350361309097243
2015-02-04 00:00:00,0.007828335775428788
2015-02-05 00:00:00,-0.004668510592243867
2015-02-06 00:00:00,0.00012075206571762112
2015-02-09 00:00:00,0.000347080989929822
2015-02-10 00:00:00,-0.0027648970625455847
2015-02-11 00:00:00,0.0002420448394856438
2015-02-12 00:00:00,-0.027775322587913324
2015-02-13 00:00:00,-0.0063341260497999366
2015-02-17 00:00:00,0.014188061701789604
2015-02-18 00:00:00,-0.010423311951633667
2015-02-19 00:00:00,-0.003076351090435849
2015-02-20 00:00:00,0.010068250626678994
2015-02-23 00:00:00,-0.004671386033354049
2015-02-24 00:00:00,0.002346180478377321
2015-02-25 00:00:00,0.001690186114798062
2015-02-26 00:00:00,-0.025896207312984452
2015-02-27 00:00:00,-0.015720481307178562
2015-03-02 00:00:00,-0.019555714791048274
2015-03-03 00:00:00,-0.009681986836283855
2015-03-04 00:00:00,0.02629378533707422
2015-03-05 00:00:00,-0.010568933837846226
2015-03-06 00:00:00,-0.025467908643516207
2015-03-09 00:00:00,-0.011111703023722382
2015-03-10 00:00:00,0.001306702702878873
2015-03-11 00:00:00,-0.0069775100556831076
2015-03-12 00:00:00,0.013367583098658339
2015-03-13 00:00:00,-0.0023112638671858744
2015-03-16 00:00:00,0.00649839902459377
2015-03-17 00:00:00,0.034908188746943326
2015-03-18 00:00:00,0.008439487609883365
2015-03-19 00:00:00,0.0013167731301578524
2015-03-20 00:00:00,-0.010112833693873497
2015-03-23 00:00:00,0.029139695768026656
2015-03-24 00:00:00,0.003379499171258935
2015-03-25 00:00:00,-0.009935195231202237
2015-03-26 00:00:00,0.005295286778466802
2015-03-27 00:00:00,0.005424204321933546
2015-03-30 00:00:00,0.003537363666395941
2015-03-31 00:00:00,0.0003436777522101325
2015-04-01 00:00:00,-0.015329840946305013
2015-04-02 00:00:00,-0.0035908703963800728
2015-04-06 00:00:00,-0.001242326115597239
2015-04-07 00:00:00,0.015168112388349149
2015-04-08 00:00:00,0.001427429846414326
2015-04-09 00:00:00,0.014426030660110023
2015-04-10 00:00:00,0.014906089955456977
2015-04-13 00:00:00,0.015092071089410287
2015-04-14 00:00:00,-0.0044480279143363334
2015-04-15 00:00:00,-0.01618486162288388
2015-04-16 00:00:00,0.010581713833838229
2015-04-17 00:00:00,-0.002972876771046876
2015-04-20 00:00:00,-0.0003798297985905051
2015-04-21 00:00:00,-0.019115862272349637
2015-04-22 00:00:00,0.0028768784158176466
2015-04-23 00:00:00,0.007002834622616168
2015-04-24 00:00:00,0.012710010184419472
2015-04-27 00:00:00,-0.00010600928050953516
2015-04-28 00:00:00,-0.004599492123328335
2015-04-29 00:00:00,-0.014466919319719204
2015-04-30 00:00:00,0.002620770599140715
2015-05-01 00:00:00,-0.004227458356396756
2015-05-04 00:00:00,0.0023319409773264826
2015-05-05 00:00:00,-0.0017445826548519892
2015-05-06 00:00:00,0.002777545757571751
2015-05-07 00:00:00,-0.016672502848072285
2015-05-08 00:00:00,0.000830084115028293
2015-05-11 00:00:00,0.004186887590785282
2015-05-12 00:00:00,-0.0018881781676332837
2015-05-13 00:00:00,0.006849080132470719
2015-05-14 00:00:00,0.00111630593060004
2015-05-15 00:00:00,0.001780407961683778
2015-05-18 00:00:00,0.00679824273961272
2015-05-19 00:00:00,-0.003940742888264151
2015-05-20 00:00:00,-0.002161680434162111
2015-05-21 00:00:00,-0.006980078073706624
2015-05-22 00:00:00,0.007072817425412432
2015-05-26 00:00:00,0.001451794776660658
2015-05-27 00:00:00,-0.0022867587259684835
2015-05-28 00:00:00,0.0009431489905649027
2015-05-29 00:00:00,0.020603058715758765
2015-06-01 00:00:00,-0.0036855662882587137
2015-06-02 00:00:00,-0.002220923213312836
2015-06-03 00:00:00,0.0011415012993881667
2015-06-04 00:00:00,0.0021121432516584735
2015-06-05 00:00:00,-0.005861150117562625
2015-06-08 00:00:00,-0.0032115297720820275
2015-06-09 00:00:00,0.0031962611872963505
2015-06-10 00:00:00,-0.001512745055816336
2015-06-11 00:00:00,-0.0014997220364305812
2015-06-12 00:00:00,-0.009973539934990118
2015-06-15 00:00:00,-0.013846720322279595
2015-06-16 00:00:00,-0.007256565533556404
2015-06-17 00:00:00,0.00269784529180668
2015-06-18 00:00:00,0.002831995982370325
2015-06-19 00:00:00,0.00015709819635437733
2015-06-22 00:00:00,0.0038099193583332313
2015-06-23 00:00:00,0.005119695136337564
2015-06-24 00:00:00,-0.0019948124464506632
2015-06-25 00:00:00,0.0011381540008169205
2015-06-26 00:00:00,-0.01984487029420167
2015-06-29 00:00:00,-0.013973155951708956
2015-06-30 00:00:00,0.007515034694434646
2015-07-01 00:00:00,0.004453393716202408
2015-07-02 00:00:00,-0.02959505732691307
2015-07-06 00:00:00,0.009973483451070747
2015-07-07 00:00:00,-0.003938329326145131
2015-07-08 00:00:00,-0.0016319485634677478
2015-07-09 00:00:00,-0.026983275063029374
2015-07-10 00:00:00,-0.004911662805375964
2015-07-13 00:00:00,-0.005020637828622579
2015-07-14 00:00:00,0.003248543928259438
2015-07-15 00:00:00,0.025335352467215976
2015-07-16 00:00:00,-0.0036794498709794418
2015-07-17 00:00:00,-0.0004464141509652456
2015-07-20 00:00:00,-0.0011748558140090948
2015-07-21 00:00:00,0.002364850978400514
2015-07-22 00:00:00,0.0014855053415351188
2015-07-23 00:00:00,-0.01773832114381743
2015-07-24 00:00:00,-0.005876431564611185
2015-07-27 00:00:00,-0.007543309408548372
2015-07-28 00:00:00,0.007695285209028838
2015-07-29 00:00:00,0.0052878585298307725
2015-07-30 00:00:00,0.004658384044816243
2015-07-31 00:00:00,0.0006517820529059198
2015-08-03 00:00:00,-0.0010196414791876468
2015-08-04 00:00:00,0.003855791369157861
2015-08-05 00:00:00,0.009269619812307337
2015-08-06 00:00:00,-0.0037870091830575743
2015-08-07 00:00:00,0.02506616083773226
2015-08-10 00:00:00,-0.0028803329140838327
2015-08-11 00:00:00,-0.003311290613281794
2015-08-12 00:00:00,0.0031168120366845712
2015-08-13 00:00:00,-0.0016545967451883025
2015-08-14 00:00:00,0.015369438574076867
2015-08-17 00:00:00,0.005643566838916936
2015-08-18 00:00:00,0.032254576585797334
2015-08-19 00:00:00,9.235251220863147e-05
2015-08-20 00:00:00,-0.0005542430513885126
2015-08-21 00:00:00,0.03085777558976266
2015-08-26 00:00:00,0.0008710408636614183
2015-08-27 00:00:00,-0.009052966201445257
2015-08-28 00:00:00,0.004966264686179145
2015-08-31 00:00:00,0.0040103247725238106
2015-09-01 00:00:00,-0.003611634034992646
2015-09-02 00:00:00,0.004985523687594252
2015-09-03 00:00:00,-0.0051695150457076846
2015-09-04 00:00:00,-0.01900972657198602
2015-09-08 00:00:00,0.004677535552402449
2015-09-09 00:00:00,0.0006220215604651326
2015-09-10 00:00:00,-0.00038871813182908755
2015-09-11 00:00:00,0.01397620787572462
2015-09-14 00:00:00,0.0013486498104303929
2015-09-15 00:00:00,0.0032721013924459277
2015-09-16 00:00:00,-0.00941703740310521
2015-09-17 00:00:00,0.001555163458800896
2015-09-18 00:00:00,0.009844384141576259
2015-09-21 00:00:00,-0.004382023938201123
2015-09-22 00:00:00,-0.000796014402017698
2015-09-23 00:00:00,-0.00606742476023946
2015-09-24 00:00:00,-0.002916220739063432
2015-09-25 00:00:00,-0.0048793464184027
2015-09-28 00:00:00,0.00195459645678201
2015-09-29 00:00:00,-0.00035650649305607094
2015-09-30 00:00:00,-0.0016602032554346331
2015-10-01 00:00:00,0.0018617225419995506
2015-10-02 00:00:00,-0.002234483333345681
2015-10-05 00:00:00,-0.011640764691570315
2015-10-06 00:00:00,0.002229254375384989
2015-10-07 00:00:00,0.0020991148375892345
2015-10-08 00:00:00,-0.001362356329383845
2015-10-09 00:00:00,-0.00290314891561721
2015-10-12 00:00:00,-0.00464685182748906
2015-10-13 00:00:00,-0.007957502271894885
2015-10-14 00:00:00,-0.0002069142647096337
2015-10-15 00:00:00,-0.01213932591653325
2015-10-16 00:00:00,-0.0029852717024977543
2015-10-19 00:00:00,-0.009156435112934659
2015-10-20 00:00:00,0.0011410045607809925
2015-10-21 00:00:00,-0.00793240166514506
2015-10-22 00:00:00,-0.0057307261709838705
2015-10-23 00:00:00,-0.012496952301110137
2015-10-26 00:00:00,-0.016489877986812812
2015-10-27 00:00:00,-0.00720011174422313
2015-10-28 00:00:00,-0.01973124058770669
2015-10-29 00:00:00,-0.03345693097756651
2015-10-30 00:00:00,-0.020967938810523966
2015-11-02 00:00:00,-0.13464520974914013
2015-11-03 00:00:00,-0.061007843063509114
2015-11-04 00:00:00,0.07981935520816526
2015-11-05 00:00:00,0.023775834843380916
2015-11-06 00:00:00,0.019185354189454742
2015-11-09 00:00:00,0.048814292745535115
2015-11-10 00:00:00,0.07928613788874742
2015-11-11 00:00:00,-0.038603531273828394
2015-11-12 00:00:00,-0.0010888412973758328
2015-11-13 00:00:00,0.0052156594118619535
2015-11-16 00:00:00,-0.01204791055252238
2015-11-17 00:00:00,0.002720272668735875
2015-11-18 00:00:00,0.009905479953843454
2015-11-19 00:00:00,0.015014582913230263
2015-11-20 00:00:00,-0.006905937847278846
2015-11-23 00:00:00,0.006051973738356075
2015-11-24 00:00:00,-0.006965625564797727
2015-11-25 00:00:00,-0.06390490184059973
2015-11-27 00:00:00,-0.025131444695107478
2015-11-30 00:00:00,0.025551681352467152
2015-12-01 00:00:00,-0.003175246193324645
2015-12-02 00:00:00,-0.0028971093590719524
2015-12-03 00:00:00,0.0030886749024341027
2015-12-04 00:00:00,-0.06877883399642727
2015-12-07 00:00:00,0.0012098606000997417
2015-12-08 00:00:00,-0.03975906006450101
2015-12-09 00:00:00,-0.0034820200479881934
2015-12-10 00:00:00,-0.06326898563315403
2015-12-11 00:00:00,-0.0029908729039136023
2015-12-14 00:00:00,-0.03225152522412055
2015-12-15 00:00:00,0.011854889822363521
2015-12-16 00:00:00,0.0024240484057664637
2015-12-17 00:00:00,-0.013028140229577287
2015-12-18 00:00:00,0.04665459805770269
2015-12-21 00:00:00,0.006104085932097797
2015-12-22 00:00:00,-0.012200364112482293
2015-12-23 00:00:00,-0.028834706281235096
2015-12-24 00:00:00,0.06752875956083772
2015-12-28 00:00:00,-0.01570116604123746
2015-12-29 00:00:00,0.006903735410257016
2015-12-30 00:00:00,-0.0029497601857317924
2015-12-31 00:00:00,-0.008101430334673886
2016-01-04 00:00:00,0.0024417621795501786
2016-01-05 00:00:00,0.002546392487823985
2016-01-06 00:00:00,-0.052109001838551924
2016-01-07 00:00:00,0.015419791358127313
2016-01-08 00:00:00,-0.00016059851086190302
2016-01-11 00:00:00,0.001031969241840165
2016-01-12 00:00:00,0.038423937232508566
2016-01-13 00:00:00,-0.0051524899708862044
2016-01-14 00:00:00,0.08553879285968181
2016-01-15 00:00:00,0.026035784858549293
2016-01-21 00:00:00,0.04588389731384227
2016-01-22 00:00:00,-0.002799319658178573
2016-01-25 00:00:00,-0.014279006207146049
2016-01-26 00:00:00,-0.0006753168226925108
2016-01-27 00:00:00,0.024288374960158673
2016-01-28 00:00:00,0.010296366350624276
2016-01-29 00:00:00,0.010348015751492582
2016-02-01 00:00:00,-0.002900799389205822
2016-02-02 00:00:00,0.009960736854951326
2016-02-03 00:00:00,-0.032952786384957855
2016-02-04 00:00:00,-0.0028762843480541213
2016-02-05 00:00:00,0.021304133061861054
2016-02-08 00:00:00,0.006270419651801582
2016-02-09 00:00:00,-0.012560562832031927
2016-02-12 00:00:00,-0.05162031948432333
2016-02-16 00:00:00,-0.02412036466408712
2016-02-17 00:00:00,-0.0020024141292508124
2016-02-18 00:00:00,0.0020454327874960274
2016-02-19 00:00:00,-0.04504983440630231
2016-02-22 00:00:00,0.047241335692963835
2016-02-23 00:00:00,-0.013178138131931375
2016-02-24 00:00:00,0.00369008476602359
2016-02-25 00:00:00,-0.006390290497583567
2016-02-26 00:00:00,-0.02615656999833953
2016-02-29 00:00:00,0.009600903185088472
2016-03-01 00:00:00,0.004159164175840038
2016-03-02 00:00:00,0.018700123855321243
2016-03-03 00:00:00,0.010690112998271115
2016-03-04 00:00:00,0.009685728358173615
2016-03-07 00:00:00,-0.0009558614797431946
2016-03-08 00:00:00,-0.0015099974887194385
2016-03-09 00:00:00,-0.006191381354667835
2016-03-10 00:00:00,-0.011242012923869739
2016-03-11 00:00:00,0.01575057193527906
2016-03-14 00:00:00,-0.0018992363120921374
2016-03-15 00:00:00,-0.00258790710941373
2016-03-16 00:00:00,-0.005691234954657863
2016-03-17 00:00:00,0.020823893273641318
2016-03-18 00:00:00,-0.0034230360010704852
2016-03-21 00:00:00,-0.010339977631731119
2016-03-22 00:00:00,-0.005253356809443511
2016-03-23 00:00:00,0.002855246124990851
2016-03-24 00:00:00,-0.01401056173433807
2016-03-28 00:00:00,0.019291629348587375
2016-03-29 00:00:00,0.0035123641101079866
2016-03-30 00:00:00,-0.009801497305665815
2016-03-31 00:00:00,0.0014795771338710038
2016-04-01 00:00:00,-0.005888380348054697
2016-04-04 00:00:00,-0.006009990144860127
2016-04-05 00:00:00,0.0014734099449199478
2016-04-06 00:00:00,0.0016441872993475097
2016-04-07 00:00:00,-0.0040504340498865995
2016-04-08 00:00:00,0.0032719454602005297
2016-04-11 00:00:00,-0.0113129642579402
2016-04-12 00:00:00,0.0027966267964673894
2016-04-13 00:00:00,0.0018528230072745687
2016-04-14 00:00:00,-0.011675426788956913
2016-04-15 00:00:00,0.003980130603186489
2016-04-18 00:00:00,-0.01912101827951305
2016-04-19 00:00:00,-0.014488123653105688
2016-04-20 00:00:00,-0.01985053776213596
2016-04-21 00:00:00,0.008644200977322526
2016-04-22 00:00:00,-0.03886873518556995
2016-04-25 00:00:00,-0.009879594721278143
2016-04-26 00:00:00,0.04861060926712229
2016-04-27 00:00:00,-0.006194044088946464
2016-04-28 00:00:00,-0.014330340714442372
2016-04-29 00:00:00,0.02832156962453578
2016-05-02 00:00:00,-0.016211064966615674
2016-05-03 00:00:00,0.008276140536155956
2016-05-04 00:00:00,-0.002620663762630295
2016-05-05 00:00:00,-0.02895811793979315
2016-05-06 00:00:00,-0.0017074783867016103
2016-05-09 00:00:00,0.02722995560949143
2016-05-10 00:00:00,-0.005814380009307252
2016-05-11 00:00:00,-0.005100868915120176
2016-05-12 00:00:00,-0.004962736519440768
2016-05-13 00:00:00,0.004542327571351339
2016-05-16 00:00:00,0.004638059173966526
2016-05-17 00:00:00,-2.3253134607901735e-05
2016-05-18 00:00:00,0.025325100991297544
2016-05-19 00:00:00,0.0014046710660825966
2016-05-20 00:00:00,-0.0020850596126768257
2016-05-23 00:00:00,-0.007217871612290925
2016-05-24 00:00:00,-0.005959157916361771
2016-05-25 00:00:00,-0.010514747499732068
2016-05-26 00:00:00,-0.04223094142808089
2016-05-27 00:00:00,-0.15956346317491146
2016-05-31 00:00:00,-0.023934321975139772
2016-06-01 00:00:00,-0.0015150875866974545
2016-06-02 00:00:00,-0.08520134033613833
2016-06-03 00:00:00,-0.05381243870855467
2016-06-06 00:00:00,0.023053137976959265
2016-06-07 00:00:00,-0.003739737967702363
2016-06-08 00:00:00,0.011066560871183406
2016-06-09 00:00:00,-0.007359157587938185
2016-06-10 00:00:00,-0.5237819163524975
2016-06-13 00:00:00,0.08894121489634615
2016-06-14 00:00:00,-0.03629914263267914
2016-06-15 00:00:00,-0.4586950506927864
2016-06-16 00:00:00,0.14290635647699718
2016-06-17 00:00:00,0.10066425402234302
2016-06-20 00:00:00,0.3444918708586659
2016-06-21 00:00:00,0.3088035094829578
2016-06-22 00:00:00,-0.1341174141513314
2016-06-23 00:00:00,-0.15031135022885153
2016-06-24 00:00:00,0.060647454422565555
2016-06-27 00:00:00,0.0013728101948656884
2016-06-28 00:00:00,0.034969122697437696
2016-06-29 00:00:00,-0.14679852874427182
2016-06-30 00:00:00,-0.01802318797586319
2016-07-01 00:00:00,0.041026016795932645
2016-07-05 00:00:00,-0.03431234791381504
2016-07-06 00:00:00,0.16462091959364697
2016-07-07 00:00:00,-0.09879350575342974
2016-07-08 00:00:00,0.0505028599266718
2016-07-11 00:00:00,-0.11145822752516552
2016-07-12 00:00:00,0.07032428120386366
2016-07-13 00:00:00,-0.00613484878906011
2016-07-14 00:00:00,-0.025945042649654006
2016-07-15 00:00:00,-0.040341584983037776
2016-07-18 00:00:00,0.0017265499661954858
2016-07-19 00:00:00,0.03369541215359785
2016-07-20 00:00:00,0.0034961593567819993
2016-07-21 00:00:00,0.05920711264139277
2016-07-22 00:00:00,-0.013551139870511146
2016-07-25 00:00:00,-0.0016224061413019704
2016-07-26 00:00:00,0.0003704129545623143
2016-07-27 00:00:00,-0.0015264633964723888
2016-07-28 00:00:00,-0.006872216591513202
2016-07-29 00:00:00,0.20186580131933388
2016-08-01 00:00:00,0.28511130215424907
2016-08-02 00:00:00,-0.14604953661032957
2016-08-03 00:00:00,-0.03934324301588135
2016-08-04 00:00:00,0.0024727728717023234
2016-08-05 00:00:00,-0.05411154012280812
2016-08-08 00:00:00,0.013422527794051948
2016-08-09 00:00:00,-0.011675200257168507
2016-08-10 00:00:00,0.010088246933878534
2016-08-11 00:00:00,0.0050476286143335
2016-08-12 00:00:00,0.057955782336892823
2016-08-15 00:00:00,-0.03572087372954989
2016-08-16 00:00:00,0.01838562897011146
2016-08-17 00:00:00,-0.001686661569446205
2016-08-18 00:00:00,-0.002025413675271816
2016-08-19 00:00:00,-0.041040320303848264
2016-08-22 00:00:00,0.009437907735062851
2016-08-23 00:00:00,0.011182588501010088
2016-08-24 00:00:00,0.009895468810325643
2016-08-25 00:00:00,-0.003996348878253918
2016-08-26 00:00:00,0.019187307889754725
2016-08-29 00:00:00,-0.011084740559303119
2016-08-30 00:00:00,0.012372338478272347
2016-08-31 00:00:00,0.006500907535243416
2016-09-01 00:00:00,-0.011022596861973603
2016-09-02 00:00:00,-0.12071695145446996
2016-09-06 00:00:00,-0.01246032761640244
2016-09-07 00:00:00,-0.050862397982598694
2016-09-08 00:00:00,0.01055277732571113
2016-09-09 00:00:00,0.05800540223247346
2016-09-12 00:00:00,-0.004612687373635829
2016-09-13 00:00:00,-0.004261060564607177
2016-09-14 00:00:00,0.006251604877400262
2016-09-15 00:00:00,0.00465411595265815
2016-09-16 00:00:00,-0.003958635452998785
2016-09-19 00:00:00,0.0016402789612699426
2016-09-20 00:00:00,0.03899558554646035
2016-09-21 00:00:00,0.005134569532105156
2016-09-22 00:00:00,-0.024103860385124888
2016-09-23 00:00:00,-0.014180267653768877
2016-09-26 00:00:00,0.0079189595099581
2016-09-27 00:00:00,0.001020257456819919
2016-09-28 00:00:00,-0.0024709955852340233
2016-09-29 00:00:00,-0.011024933814650553
2016-09-30 00:00:00,-0.009014473535771565
2016-10-03 00:00:00,0.008178714208277572
2016-10-04 00:00:00,-0.010029188154045765
2016-10-05 00:00:00,0.0009734544904755136
2016-10-06 00:00:00,-0.0190900150870902
2016-10-07 00:00:00,-0.0012723805152392066
2016-10-10 00:00:00,-0.08555461977373467
2016-10-11 00:00:00,0.017479357061799886
2016-10-12 00:00:00,-0.0038437333620397252
2016-10-13 00:00:00,-0.014685668021223655
2016-10-14 00:00:00,0.005663370640690724
2016-10-17 00:00:00,0.007679533674443649
2016-10-18 00:00:00,0.028154076928279485
2016-10-19 00:00:00,-0.003844234254303568
2016-10-20 00:00:00,-0.006738302413013141
2016-10-21 00:00:00,-0.08074622751798817
2016-10-24 00:00:00,-0.017089954757078425
2016-10-25 00:00:00,-0.07715265457728404
2016-10-26 00:00:00,-0.04863129904445732
2016-10-27 00:00:00,-0.02760122306381923
2016-10-28 00:00:00,-0.076130335891467
2016-10-31 00:00:00,-0.15645109173649432
2016-11-01 00:00:00,-0.03370980292649006
2016-11-02 00:00:00,0.27403283471123496
2016-11-03 00:00:00,-0.09327015233169314
2016-11-04 00:00:00,-0.0006971030588742893
2016-11-07 00:00:00,-0.029205954733613943
2016-11-08 00:00:00,-0.07119547497709673
2016-11-09 00:00:00,0.04371752825931328
2016-11-10 00:00:00,-0.010507768718788604
2016-11-11 00:00:00,0.052293427945030994
2016-11-14 00:00:00,-0.0254941129942921
2016-11-15 00:00:00,-0.16388132698494923
2016-11-16 00:00:00,-0.0003227593642947075
2016-11-17 00:00:00,-0.07508887681896703
2016-11-18 00:00:00,0.0642335398759791
2016-11-21 00:00:00,-0.07333991395375124
2016-11-22 00:00:00,0.05163354425848195
2016-11-23 00:00:00,0.013023071291956997
2016-11-25 00:00:00,0.045965986977503454
2016-11-28 00:00:00,0.002265724765137098
2016-11-29 00:00:00,-0.0687728274862153
2016-11-30 00:00:00,-0.07051820047018795
2016-12-01 00:00:00,-0.16781099237217897
2016-12-02 00:00:00,0.14932710509564545
2016-12-05 00:00:00,-0.01556616894024646
2016-12-06 00:00:00,-0.07814049799874108
2016-12-07 00:00:00,-0.031415120321529134
2016-12-08 00:00:00,-0.002638956044510784
2016-12-09 00:00:00,-0.06379699566256733
2016-12-12 00:00:00,-0.014132409308310062
2016-12-13 00:00:00,0.03385286841058976
2016-12-14 00:00:00,-0.017318865362672433
2016-12-15 00:00:00,-0.046414441580940796
2016-12-16 00:00:00,-0.08172810125225836
2016-12-19 00:00:00,-0.03891928410779572
2016-12-20 00:00:00,-0.4253147799096188
2016-12-21 00:00:00,-0.9662880107994837
2016-12-23 00:00:00,0.9483657910110532
2016-12-27 00:00:00,0.5778898688579592
2016-12-28 00:00:00,-0.04970020536278308
2016-12-29 00:00:00,-0.15030346581095794
2016-12-30 00:00:00,0.7058791417907191
2017-01-03 00:00:00,0.5533743710419279
2017-01-04 00:00:00,-0.7803371044547692
2017-01-05 00:00:00,-6.582820110243734
2017-01-06 00:00:00,4.285828417904738
2017-01-09 00:00:00,0.7212713706888653
2017-01-11 00:00:00,-0.20545009689502722
2017-01-12 00:00:00,-0.33979213842308925
2017-01-19 00:00:00,-0.18563170338696902
2017-01-20 00:00:00,1.2988166843715259
2017-01-23 00:00:00,-1.6686777047437342
2017-01-24 00:00:00,0.31445431428480913
2017-01-25 00:00:00,1.1842199722356146
2017-01-26 00:00:00,0.09592491551124141
2017-01-27 00:00:00,0.05095846909130751
2017-01-30 00:00:00,0.760061292433611
2017-01-31 00:00:00,0.16841992524457386
2017-02-01 00:00:00,0.2534368115633206
2017-02-02 00:00:00,0.042504950526766616
2017-02-03 00:00:00,0.08108206804150886
2017-02-06 00:00:00,0.16973348690351447
2017-02-07 00:00:00,0.013467994468950221
2017-02-08 00:00:00,-0.5981502130951272
2017-02-09 00:00:00,0.22065769819910203
2017-02-10 00:00:00,0.006640112653857674
2017-02-13 00:00:00,0.09693832205648131
2017-02-14 00:00:00,0.0042269719542342345
2017-02-15 00:00:00,0.16284814025524344
2017-02-16 00:00:00,0.12531909820345383
2017-02-17 00:00:00,0.3332167457645448
2017-02-21 00:00:00,-0.0023496772806153652
2017-02-22 00:00:00,0.1848786259096121
2017-02-23 00:00:00,0.009807747880513328
2017-02-24 00:00:00,0.052988646515706464
2017-02-27 00:00:00,-0.010406749235942082
2017-02-28 00:00:00,0.10856798063929247
2017-03-01 00:00:00,0.10319295008312634
2017-03-02 00:00:00,0.0661097178877866
2017-03-03 00:00:00,-0.025031570668142687
2017-03-06 00:00:00,-0.09837445186906575
2017-03-07 00:00:00,-0.2587675978633846
2017-03-08 00:00:00,0.12027300720347109
2017-03-09 00:00:00,-0.36127612679161464
2017-03-10 00:00:00,0.503614839875036
2017-03-13 00:00:00,0.015444702376341558
2017-03-14 00:00:00,0.03265086964190423
2017-03-15 00:00:00,-0.22837463190739565
2017-03-16 00:00:00,-0.3584667455467234
2017-03-17 00:00:00,-0.22580001751326773
2017-03-20 00:00:00,0.34966782301720273
2017-03-21 00:00:00,-0.48038375179973775
2017-03-22 00:00:00,0.06674389423688014
2017-03-23 00:00:00,-0.9717419499914566
2017-03-24 00:00:00,0.9616831527498985
2017-03-27 00:00:00,0.05607313195540798
2017-03-28 00:00:00,-0.0346161879674437
2017-03-29 00:00:00,-0.017089521946123537
2017-03-30 00:00:00,0.2380284174012447
2017-03-31 00:00:00,0.27512457288947956
2017-04-03 00:00:00,-0.0008217489488547228
2017-04-04 00:00:00,-0.03349843844909405
2017-04-05 00:00:00,0.2253636672065
2017-04-06 00:00:00,-0.018856867892079243
2017-04-07 00:00:00,0.05470397688895879
2017-04-10 00:00:00,0.05647852320551898
2017-04-11 00:00:00,-0.022644938998039096
2017-04-12 00:00:00,-0.12304554850747126
2017-04-13 00:00:00,0.08269447266267269
2017-04-17 00:00:00,0.032176413994616945
2017-04-18 00:00:00,0.005217827694220711
2017-04-19 00:00:00,0.06851548010309483
2017-04-20 00:00:00,0.045434201522291835
2017-04-21 00:00:00,0.012024270468749461
2017-04-24 00:00:00,0.042539410165540484
2017-04-25 00:00:00,0.07222663429985635
2017-04-26 00:00:00,0.08162320635306834
2017-04-27 00:00:00,-0.030876657998598536
2017-04-28 00:00:00,0.1752492977930423
2017-05-01 00:00:00,0.06328872607766461
2017-05-02 00:00:00,0.09305123561038924
2017-05-03 00:00:00,0.001144447114161531
2017-05-04 00:00:00,0.039265369325932956
2017-05-05 00:00:00,0.15268111948906848
2017-05-08 00:00:00,0.10117014355288238
2017-05-09 00:00:00,0.04843140628260384
2017-05-10 00:00:00,0.06394334614008093
2017-05-11 00:00:00,-0.11333720104407076
2017-05-12 00:00:00,0.0031571960416997176
2017-05-15 00:00:00,0.018753506621118687
2017-05-16 00:00:00,0.07692436764097407
2017-05-17 00:00:00,0.09446790666555725
2017-05-18 00:00:00,0.05963209563548794
2017-05-19 00:00:00,0.11309083692485161
2017-05-22 00:00:00,0.1511381217400018
2017-05-23 00:00:00,0.06309094476591508
2017-05-24 00:00:00,0.005340737865951824
2017-05-25 00:00:00,-0.12385114771554417
2017-05-26 00:00:00,0.020280407300097513
2017-05-30 00:00:00,0.03387372417819491
2017-05-31 00:00:00,0.0776666973376592
2017-06-01 00:00:00,0.030461718093449174
2017-06-02 00:00:00,0.14955526109170553
2017-06-05 00:00:00,0.0970428392499197
2017-06-06 00:00:00,-0.11560870034241244
2017-06-07 00:00:00,0.06940881123936993
2017-06-08 00:00:00,0.017897068795075553
2017-06-09 00:00:00,-0.09138032888144001
2017-06-12 00:00:00,0.049741430806391124
2017-06-13 00:00:00,-0.17608134937078118
2017-06-14 00:00:00,-0.002920519889932991
2017-06-15 00:00:00,0.014311369243204562
2017-06-16 00:00:00,0.09188458515021336
2017-06-19 00:00:00,0.0764412765407906
2017-06-20 00:00:00,-0.045872503380481926
2017-06-21 00:00:00,0.030970490656310353
2017-06-22 00:00:00,-0.009192109656909099
2017-06-23 00:00:00,-0.16241661876279975
2017-06-26 00:00:00,0.051102822445737564
2017-06-27 00:00:00,0.0404242820423429
2017-06-28 00:00:00,-0.024339035624261877
2017-06-29 00:00:00,-0.041019067655543424
2017-06-30 00:00:00,0.0510863430357326
2017-07-03 00:00:00,0.03395357333320625
2017-07-05 00:00:00,-0.005324323546754743
2017-07-06 00:00:00,-0.0712484575235881
2017-07-07 00:00:00,-0.08093160410367455
2017-07-10 00:00:00,0.0024860670954587293
2017-07-11 00:00:00,0.01062747270388286
2017-07-12 00:00:00,-0.02082016189043939
2017-07-13 00:00:00,-0.118010785244411
2017-07-14 00:00:00,-0.011011714209387747
2017-07-17 00:00:00,0.10519121062353884
2017-07-18 00:00:00,-0.03927895668886863
2017-07-19 00:00:00,0.3773379099186511
2017-07-20 00:00:00,-0.11336985054656817
2017-07-21 00:00:00,0.03796707365832318
2017-07-24 00:00:00,-0.10770302523778828
2017-07-25 00:00:00,-0.04010663713910144
2017-07-26 00:00:00,0.09044185160581913
2017-07-27 00:00:00,0.07319561964103016
2017-07-28 00:00:00,0.04369122002551596
2017-07-31 00:00:00,-0.08192478061070646
2017-08-01 00:00:00,-0.00922400979185495
2017-08-02 00:00:00,0.05400960165075557
2017-08-03 00:00:00,0.040872802440002194
2017-08-04 00:00:00,0.2373666983652634
2017-08-07 00:00:00,0.01967128810548591
2017-08-08 00:00:00,-0.039637492603488464
2017-08-09 00:00:00,0.026748007720845506
2017-08-10 00:00:00,0.07870308727579879
2017-08-11 00:00:00,0.21234771848812029
2017-08-14 00:00:00,-0.019591474830445058
2017-08-15 00:00:00,0.04224004409691688
2017-08-16 00:00:00,-0.009287324174706155
2017-08-17 00:00:00,-0.059266543441459874
2017-08-18 00:00:00,-0.027066063166952748
2017-08-21 00:00:00,0.012094140916457835
2017-08-22 00:00:00,0.028584771565739794
2017-08-23 00:00:00,0.04901187272159776
2017-08-24 00:00:00,0.006555062631794929
2017-08-25 00:00:00,0.008189980384534052
2017-08-28 00:00:00,0.05982397744502745
2017-08-29 00:00:00,-0.0034953519074238126
2017-08-30 00:00:00,0.0404595224683917
2017-08-31 00:00:00,0.04142543737420888
2017-09-01 00:00:00,-0.11093054908986735
2017-09-05 00:00:00,0.041583476239646734
2017-09-06 00:00:00,0.0034091600623282156
2017-09-07 00:00:00,-0.09560922731109513
2017-09-08 00:00:00,-0.01844910789733305
2017-09-11 00:00:00,-0.008671109438209266
2017-09-12 00:00:00,-0.08041390640834341
2017-09-13 00:00:00,-0.23374748159671632
2017-09-14 00:00:00,0.1710747049963999
2017-09-15 00:00:00,0.10467345562705767
2017-09-18 00:00:00,-0.047818753173613525
2017-09-19 00:00:00,0.011096086790571781
2017-09-20 00:00:00,-0.10866984826762743
2017-09-21 00:00:00,-0.007737345643238261
2017-09-22 00:00:00,0.10503060966200498
2017-09-25 00:00:00,-0.010595715419111612
2017-09-26 00:00:00,0.09215554808415498
2017-09-27 00:00:00,-0.00017049638413616197
2017-09-28 00:00:00,-0.002538401453051124
2017-09-29 00:00:00,0.05674928242716937
2017-10-02 00:00:00,-0.027069362620584597
2017-10-03 00:00:00,-0.020180075150022923
2017-10-04 00:00:00,0.033446687527105924
2017-10-05 00:00:00,0.0019516573923221445
2017-10-06 00:00:00,0.11766292421080682
2017-10-09 00:00:00,0.001106488403522578
2017-10-10 00:00:00,0.009496332784328147
2017-10-11 00:00:00,0.12084415357606686
2017-10-12 00:00:00,0.05233565688784325
2017-10-13 00:00:00,0.031004142427688147
2017-10-16 00:00:00,-0.022514846158534586
2017-10-17 00:00:00,-0.012262907364530664
2017-10-18 00:00:00,0.03817436958334278
2017-10-19 00:00:00,0.050673986612162804
2017-10-20 00:00:00,-0.02049299728002002
2017-10-23 00:00:00,-0.07704544906267888
2017-10-24 00:00:00,0.0348180558176697
2017-10-25 00:00:00,0.04563797110604053
2017-10-26 00:00:00,-0.0243722017628068
2017-10-27 00:00:00,0.06595607536897392
2017-10-30 00:00:00,0.05272554727308742
2017-10-31 00:00:00,0.0490282415324335
2017-11-01 00:00:00,0.06732694798400993
2017-11-02 00:00:00,0.020752985660233685
2017-11-03 00:00:00,-0.03359949404251576
2017-11-06 00:00:00,0.016736561867363303
2017-11-07 00:00:00,0.050826833011528336
2017-11-08 00:00:00,-0.040267879771537424
2017-11-09 00:00:00,-0.07246492679276816
2017-11-10 00:00:00,-0.029413489453563993
2017-11-13 00:00:00,0.014919183352700888
2017-11-14 00:00:00,0.10955317153516471
2017-11-15 00:00:00,0.07697863341876052
2017-11-16 00:00:00,-0.0040685630701884495
2017-11-17 00:00:00,0.06568527821923695
2017-11-20 00:00:00,-0.026916187293754987
2017-11-21 00:00:00,0.028601836177681667
2017-11-22 00:00:00,-0.0023122796219363544
2017-11-24 00:00:00,0.18160989258827615
2017-11-27 00:00:00,0.026163445425147206
2017-11-28 00:00:00,-0.008101527436374004
2017-11-29 00:00:00,0.029359365991788944
2017-11-30 00:00:00,0.07649977254732711
2017-12-01 00:00:00,0.06773810288969555
2017-12-04 00:00:00,0.027065141837980426
2017-12-05 00:00:00,0.1408071488407736
2017-12-06 00:00:00,0.21019763101242733
2017-12-07 00:00:00,-0.03217443371095247
2017-12-08 00:00:00,0.04869289644898257
2017-12-11 00:00:00,0.0318734698328735
2017-12-12 00:00:00,-0.028965082934260637
2017-12-13 00:00:00,-0.008163291021196244
2017-12-14 00:00:00,0.06690646798043456
2017-12-15 00:00:00,0.06808629798412812
2017-12-18 00:00:00,-0.07014824975224511
2017-12-19 00:00:00,-0.10703795224729902
2017-12-20 00:00:00,0.0014015053488265904
2017-12-21 00:00:00,-0.05814263307252309
2017-12-22 00:00:00,0.054941798395324086
2017-12-26 00:00:00,-0.027479434073353487
2017-12-27 00:00:00,-0.08576657542382862
2017-12-28 00:00:00,0.019047350953606473
2017-12-29 00:00:00,0.026236458663376136
2018-01-02 00:00:00,0.0033509815339798467
2018-01-03 00:00:00,0.010257030313917408
2018-01-04 00:00:00,0.1292171145384804
2018-01-05 00:00:00,-0.12457925802626305
2018-01-08 00:00:00,-0.03910954487186565
2018-01-09 00:00:00,0.02936264268752813
2018-01-10 00:00:00,-0.13748467702361136
2018-01-11 00:00:00,0.048436850171511406
2018-01-12 00:00:00,-0.23529466629611295
2018-01-16 00:00:00,-0.006239207089056725
2018-01-17 00:00:00,0.02207969071318775
2018-01-18 00:00:00,0.0073342640132069755
2018-01-19 00:00:00,-0.08696535676004792
2018-01-22 00:00:00,0.06786710605534617
2018-01-23 00:00:00,0.005708400355719341
2018-01-24 00:00:00,-0.0065427812726819535
2018-01-25 00:00:00,-0.023962417586644046
2018-01-26 00:00:00,0.023789629995006598
2018-01-29 00:00:00,-0.10488973967440612
2018-01-30 00:00:00,-0.006368758128918811
2018-01-31 00:00:00,-0.11959333504809506
2018-02-01 00:00:00,-0.02236404169391076
2018-02-02 00:00:00,-0.2974307347117059
2018-02-05 00:00:00,0.13294030002892476
2018-02-06 00:00:00,0.05912332056193745
2018-02-07 00:00:00,0.019291457213017
2018-02-08 00:00:00,0.039309094560599826
2018-02-09 00:00:00,0.03540928064107944
2018-02-12 00:00:00,-0.027307559622660165
2018-02-13 00:00:00,0.09122274062929416
2018-02-14 00:00:00,0.07327160936438588
2018-02-15 00:00:00,0.016360292634511348
2018-02-16 00:00:00,0.12808607548637524
