Date,Dowjoes
2010-02-23 00:00:00,-0.016661698023819307
2010-02-24 00:00:00,0.009682131270864086
2010-02-25 00:00:00,-0.000767337248181468
2010-02-26 00:00:00,-0.014355397370148836
2010-03-01 00:00:00,-0.0004033815631719928
2010-03-02 00:00:00,0.0016969527684075917
2010-03-03 00:00:00,-0.008750442356223177
2010-03-04 00:00:00,-0.02290216375934523
2010-03-05 00:00:00,0.002593150937849883
2010-03-08 00:00:00,-0.0022477252282058478
2010-03-09 00:00:00,-0.0005598943910278451
2010-03-10 00:00:00,-0.008485424507902161
2010-03-11 00:00:00,-0.002463314577574715
2010-03-12 00:00:00,-0.003356633351512264
2010-03-15 00:00:00,-0.00847620107792314
2010-03-16 00:00:00,-0.009304910517658896
2010-03-17 00:00:00,-0.0089591614657081
2010-03-18 00:00:00,0.007328756226698453
2010-03-19 00:00:00,-0.008658730406933933
2010-03-22 00:00:00,-0.020598312574300653
2010-03-23 00:00:00,0.010594168378763858
2010-03-24 00:00:00,-0.0010126484583027064
2010-03-25 00:00:00,-0.0018340148670195715
2010-03-26 00:00:00,-0.009169857701526106
2010-03-29 00:00:00,-0.002343118819480557
2010-03-30 00:00:00,0.010254428394054752
2010-03-31 00:00:00,-0.014250194983385507
2010-04-01 00:00:00,-0.009515307565557718
2010-04-05 00:00:00,0.0007319274468353807
2010-04-06 00:00:00,0.014786288079245105
2010-04-07 00:00:00,-0.006002907960522683
2010-04-08 00:00:00,-0.014422893720046962
2010-04-09 00:00:00,-0.0017834505880353119
2010-04-12 00:00:00,-0.0027891334360507433
2010-04-13 00:00:00,-0.02176723679028271
2010-04-14 00:00:00,-0.004564778152920402
2010-04-15 00:00:00,0.026489773201238333
2010-04-16 00:00:00,-0.015354750967074081
2010-04-19 00:00:00,-0.005286930755275135
2010-04-20 00:00:00,-0.0016674260462601366
2010-04-21 00:00:00,-0.001991333812963044
2010-04-22 00:00:00,-0.015001074021928693
2010-04-23 00:00:00,-0.00016197308626867625
2010-04-26 00:00:00,0.04498553554844108
2010-04-27 00:00:00,-0.011062115175919778
2010-04-28 00:00:00,-0.02581175136819104
2010-04-29 00:00:00,0.03343622840259958
2010-04-30 00:00:00,-0.03012314556765281
2010-05-03 00:00:00,0.04693773868631361
2010-05-04 00:00:00,0.012137930601077939
2010-05-05 00:00:00,0.06742048576658888
2010-05-06 00:00:00,0.025980841038159574
2010-05-07 00:00:00,-0.07709246072951448
2010-05-10 00:00:00,0.007276532239726462
2010-05-11 00:00:00,-0.029658294065036464
2010-05-12 00:00:00,0.022815230251555713
2010-05-13 00:00:00,0.03171397965107028
2010-05-14 00:00:00,-0.0010878469507924365
2010-05-17 00:00:00,0.02181351179426162
2010-05-18 00:00:00,0.012427858516377817
2010-05-19 00:00:00,0.06748742578067132
2010-05-20 00:00:00,-0.02198056425276552
2010-05-21 00:00:00,0.02223013288497348
2010-05-24 00:00:00,0.0039482285577082995
2010-05-25 00:00:00,0.011895154191908536
2010-05-26 00:00:00,-0.049769525919393744
2010-05-27 00:00:00,0.02170655603099582
2010-05-28 00:00:00,0.019568938230486888
2010-06-01 00:00:00,-0.03958214997194053
2010-06-02 00:00:00,-0.001028228645951768
2010-06-03 00:00:00,0.05632674583474201
2010-06-04 00:00:00,0.019373680738021034
2010-06-07 00:00:00,-0.020731645789773656
2010-06-08 00:00:00,0.0068854788787535166
2010-06-09 00:00:00,-0.047132803988580045
2010-06-10 00:00:00,-0.00682942688147399
2010-06-11 00:00:00,0.0035818993256938377
2010-06-14 00:00:00,-0.03863063111153801
2010-06-15 00:00:00,-0.000864127234433345
2010-06-16 00:00:00,-0.004564735238400316
2010-06-17 00:00:00,-0.0030541089537224914
2010-06-18 00:00:00,0.001527224438211732
2010-06-21 00:00:00,0.02723566772229292
2010-06-22 00:00:00,-0.0008883974372464579
2010-06-23 00:00:00,0.025964973580873414
2010-06-24 00:00:00,0.0015809096011887938
2010-06-25 00:00:00,0.0009290730457805362
2010-06-28 00:00:00,0.046009843353577724
2010-06-29 00:00:00,0.016012642667142203
2010-06-30 00:00:00,0.006821921185723917
2010-07-01 00:00:00,0.007517697158767842
2010-07-02 00:00:00,-0.009336605684544254
2010-07-06 00:00:00,-0.046137735781508864
2010-07-07 00:00:00,-0.020970396022117477
2010-07-08 00:00:00,-0.010419150345046068
2010-07-09 00:00:00,-0.003240864283203105
2010-07-12 00:00:00,-0.026464873538040216
2010-07-13 00:00:00,-0.000676429854699562
2010-07-14 00:00:00,0.0013541857820291176
2010-07-15 00:00:00,0.04663496349697666
2010-07-16 00:00:00,-0.00990205931522721
2010-07-19 00:00:00,-0.013385306268345507
2010-07-20 00:00:00,0.019335121718996772
2010-07-21 00:00:00,-0.03594660308114717
2010-07-22 00:00:00,-0.0187350617362288
2010-07-23 00:00:00,-0.018808207480237243
2010-07-26 00:00:00,-0.0023118244652819
2010-07-27 00:00:00,0.007487063902881206
2010-07-28 00:00:00,0.005739302245023464
2010-07-29 00:00:00,0.00022720035803169
2010-07-30 00:00:00,-0.03959560898679052
2010-08-02 00:00:00,0.007336401530087512
2010-08-03 00:00:00,-0.00850937883637182
2010-08-04 00:00:00,0.0010565931061857661
2010-08-05 00:00:00,0.004142684933232808
2010-08-06 00:00:00,-0.008759759690288008
2010-08-09 00:00:00,0.010554843439446586
2010-08-10 00:00:00,0.04986836095860909
2010-08-11 00:00:00,0.010733513357447853
2010-08-12 00:00:00,0.0030415144615333306
2010-08-13 00:00:00,0.00020616906344105425
2010-08-16 00:00:00,-0.018945555623293857
2010-08-17 00:00:00,-0.0017864658185488638
2010-08-18 00:00:00,0.026283106094149335
2010-08-19 00:00:00,0.010297527060798067
2010-08-20 00:00:00,0.006950868193685666
2010-08-23 00:00:00,0.023389466195306314
2010-08-24 00:00:00,-0.0033898140226653922
2010-08-25 00:00:00,0.012775203336164177
2010-08-26 00:00:00,-0.028586279113486615
2010-08-27 00:00:00,0.024488323314590377
2010-08-30 00:00:00,-0.0008568443680718806
2010-08-31 00:00:00,-0.04475572402868913
2010-09-01 00:00:00,-0.009138586894831538
2010-09-02 00:00:00,-0.02345166217846062
2010-09-03 00:00:00,0.01971104093225181
2010-09-07 00:00:00,-0.00846607290894272
2010-09-08 00:00:00,-0.005195233607275732
2010-09-09 00:00:00,-0.00880822277078203
2010-09-10 00:00:00,-0.01526030884648058
2010-09-13 00:00:00,0.0033283994245611667
2010-09-14 00:00:00,-0.00874865601277073
2010-09-15 00:00:00,-0.0042084343742205
2010-09-16 00:00:00,-0.002487628647017621
2010-09-17 00:00:00,-0.028283118709470298
2010-09-20 00:00:00,-0.001459344785205875
2010-09-21 00:00:00,0.004271628403538519
2010-09-22 00:00:00,0.014976285177505488
2010-09-23 00:00:00,-0.038998040476316165
2010-09-24 00:00:00,0.00964613407597457
2010-09-27 00:00:00,-0.00922005287855805
2010-09-28 00:00:00,0.004582565676573198
2010-09-29 00:00:00,0.009402181397429607
2010-09-30 00:00:00,-0.008282640664699602
2010-10-01 00:00:00,0.015543760309330504
2010-10-04 00:00:00,-0.03879529740882321
2010-10-05 00:00:00,-0.004700004374451193
2010-10-06 00:00:00,0.003910308804815506
2010-10-07 00:00:00,-0.01191987474867272
2010-10-08 00:00:00,-0.0007995980616652007
2010-10-11 00:00:00,-0.0020873879952050317
2010-10-12 00:00:00,-0.015843461964040784
2010-10-13 00:00:00,0.00031853403805771885
2010-10-14 00:00:00,0.006683689230266017
2010-10-15 00:00:00,-0.017099582930615934
2010-10-18 00:00:00,0.03458111826362563
2010-10-19 00:00:00,-0.026995818965856958
2010-10-20 00:00:00,-0.008199356840708884
2010-10-21 00:00:00,0.0029838750944610284
2010-10-22 00:00:00,-0.006719017843598933
2010-10-25 00:00:00,-0.0011589138273272873
2010-10-26 00:00:00,0.009212352832174689
2010-10-27 00:00:00,0.0026151102204802737
2010-10-28 00:00:00,-0.0009621104245874506
2010-10-29 00:00:00,-0.0013004954192106274
2010-11-01 00:00:00,-0.013701442473048274
2010-11-02 00:00:00,-0.005700300029363497
2010-11-03 00:00:00,-0.04872506656240767
2010-11-04 00:00:00,-0.0021021588759488493
2010-11-05 00:00:00,0.008445324783029992
2010-11-08 00:00:00,0.013478523843386676
2010-11-09 00:00:00,-0.002295266161404249
2010-11-10 00:00:00,0.01637704071048127
2010-11-11 00:00:00,0.019690719003368544
2010-11-12 00:00:00,-0.0020246009232659087
2010-11-15 00:00:00,0.03779731142573519
2010-11-16 00:00:00,0.0032411185169970358
2010-11-17 00:00:00,-0.03657207965492773
2010-11-18 00:00:00,-0.004807450803891703
2010-11-19 00:00:00,0.005376796946145328
2010-11-22 00:00:00,0.03008319550837884
2010-11-23 00:00:00,-0.03195335149027214
2010-11-24 00:00:00,0.020320278142736622
2010-11-26 00:00:00,0.008268139636423864
2010-11-29 00:00:00,0.00966978898295538
2010-11-30 00:00:00,-0.053106132087490404
2010-12-01 00:00:00,-0.0235607119615535
2010-12-02 00:00:00,-0.004409720681457775
2010-12-03 00:00:00,0.004458846120860292
2010-12-06 00:00:00,0.0006772502267418346
2010-12-07 00:00:00,-0.0029804488319530283
2010-12-08 00:00:00,0.0005423423203796352
2010-12-09 00:00:00,-0.00905787356027627
2010-12-10 00:00:00,-0.0041306332364566805
2010-12-13 00:00:00,-0.010948294434474915
2010-12-14 00:00:00,0.004365871581152935
2010-12-15 00:00:00,-0.009589975831667704
2010-12-16 00:00:00,0.0016914136545483308
2010-12-17 00:00:00,0.0031678566225744106
2010-12-20 00:00:00,-0.01271097553689456
2010-12-21 00:00:00,-0.006139385536893935
2010-12-22 00:00:00,-0.0032797944991898417
2010-12-23 00:00:00,0.0043223789435334605
2010-12-27 00:00:00,-0.004803492957172581
2010-12-28 00:00:00,-0.0023127583687749154
2010-12-29 00:00:00,0.00368054154183688
2010-12-30 00:00:00,-0.0018303200975989926
2010-12-31 00:00:00,-0.02214336740666942
2011-01-03 00:00:00,-0.004917980217548945
2011-01-04 00:00:00,-0.007681677820495643
2011-01-05 00:00:00,0.0062013191988810725
2011-01-06 00:00:00,0.005434985167578821
2011-01-07 00:00:00,0.008928038376625855
2011-01-10 00:00:00,-0.008236047281365873
2011-01-11 00:00:00,-0.020275520642780414
2011-01-12 00:00:00,0.005753580026717247
2011-01-13 00:00:00,-0.013613426322729513
2011-01-14 00:00:00,-0.012567242916531194
2011-01-18 00:00:00,0.0031571962789077195
2011-01-19 00:00:00,0.0006208497462212
2011-01-20 00:00:00,-0.012297874603429291
2011-01-21 00:00:00,-0.027805110914457466
2011-01-24 00:00:00,0.000863311523715485
2011-01-25 00:00:00,-0.0021407790423083033
2011-01-26 00:00:00,-0.0011409333271165105
2011-01-27 00:00:00,0.04229695118098096
2011-01-28 00:00:00,-0.01715540913495383
2011-01-31 00:00:00,-0.038316942017020954
2011-02-01 00:00:00,-0.00047695734502588885
2011-02-02 00:00:00,-0.005363577185937598
2011-02-03 00:00:00,-0.007954226417618244
2011-02-04 00:00:00,-0.01873744634475232
2011-02-07 00:00:00,-0.019661742039708337
2011-02-08 00:00:00,-0.0018727789341244714
2011-02-09 00:00:00,0.0029439582410777034
2011-02-10 00:00:00,-0.01226924851461811
2011-02-11 00:00:00,0.0014222415320602941
2011-02-14 00:00:00,0.011581779779101112
2011-02-15 00:00:00,-0.017198943758064605
2011-02-16 00:00:00,-0.00848549249975288
2011-02-17 00:00:00,-0.02100732515797105
2011-02-18 00:00:00,0.050522556991922075
2011-02-22 00:00:00,0.029114268064676943
2011-02-23 00:00:00,0.009947021183407031
2011-02-24 00:00:00,-0.016584206491361685
2011-02-25 00:00:00,-0.02622479709497129
2011-02-28 00:00:00,0.04558764806986936
2011-03-01 00:00:00,-0.002327353646776545
2011-03-02 00:00:00,-0.052128224798937084
2011-03-03 00:00:00,0.02439225244570082
2011-03-04 00:00:00,0.021552109289625705
2011-03-07 00:00:00,-0.03376772227831096
2011-03-08 00:00:00,0.00035623453798327184
2011-03-09 00:00:00,0.06117190873456376
2011-03-10 00:00:00,-0.015649913743797587
2011-03-11 00:00:00,0.013426972504094562
2011-03-14 00:00:00,0.035224439682179705
2011-03-15 00:00:00,0.05906085022922523
2011-03-16 00:00:00,-0.03895343478167438
2011-03-17 00:00:00,-0.02088658672783979
2011-03-18 00:00:00,-0.04579820307574304
2011-03-21 00:00:00,0.004701390604654164
2011-03-22 00:00:00,-0.01781555643680304
2011-03-23 00:00:00,-0.022807950394771032
2011-03-24 00:00:00,-0.013746763028469462
2011-03-25 00:00:00,0.006263421660151623
2011-03-28 00:00:00,-0.022558280694375148
2011-03-29 00:00:00,-0.020340366216582115
2011-03-30 00:00:00,0.008823173957087982
2011-03-31 00:00:00,-0.016344513981919752
2011-04-01 00:00:00,-0.006763215731999144
2011-04-04 00:00:00,0.0017829334536257108
2011-04-05 00:00:00,-0.00959195924985311
2011-04-06 00:00:00,0.005051254247234169
2011-04-07 00:00:00,0.008557609572970751
2011-04-08 00:00:00,-0.00030700679094241456
2011-04-11 00:00:00,0.03346170758194319
2011-04-12 00:00:00,-0.0020769726441820205
2011-04-13 00:00:00,-0.0039809502173291595
2011-04-14 00:00:00,-0.016095380204956766
2011-04-15 00:00:00,0.03936143447112719
2011-04-18 00:00:00,-0.01809609237010735
2011-04-19 00:00:00,-0.05376688342837917
2011-04-20 00:00:00,-0.015632412715746016
2011-04-21 00:00:00,0.007812553309952381
2011-04-25 00:00:00,-0.03502790685890606
2011-04-26 00:00:00,-0.02994997163565256
2011-04-27 00:00:00,-0.023280164928509678
2011-04-28 00:00:00,-0.015495213025901344
2011-04-29 00:00:00,0.0010507528190449964
2011-05-02 00:00:00,-4.935032910454994e-05
2011-05-03 00:00:00,0.027344735147355848
2011-05-04 00:00:00,0.0438304370420912
2011-05-05 00:00:00,-0.016928784725469808
2011-05-06 00:00:00,-0.014476921872500804
2011-05-09 00:00:00,-0.02431600394830014
2011-05-10 00:00:00,0.04151422145456188
2011-05-11 00:00:00,-0.02077250173513537
2011-05-12 00:00:00,0.031411499588493826
2011-05-13 00:00:00,0.014520625453057415
2011-05-16 00:00:00,0.02071389957642735
2011-05-17 00:00:00,-0.024313527211328016
2011-05-18 00:00:00,-0.013879805576626377
2011-05-19 00:00:00,0.02847250513213383
2011-05-20 00:00:00,0.03860121196143383
2011-05-23 00:00:00,0.007226660826637392
2011-05-24 00:00:00,-0.01111411095827697
2011-05-25 00:00:00,-0.0023570437748471605
2011-05-26 00:00:00,-0.011374757427249506
2011-05-27 00:00:00,-0.0385135452607381
2011-05-31 00:00:00,0.08217339001905992
2011-06-01 00:00:00,0.011663966191947091
2011-06-02 00:00:00,0.026765295296106006
2011-06-03 00:00:00,0.016503463530953073
2011-06-06 00:00:00,0.005100431063505774
2011-06-07 00:00:00,0.005792890910046748
2011-06-08 00:00:00,-0.02012122246994825
2011-06-09 00:00:00,0.04542626620192775
2011-06-10 00:00:00,-0.000272901437397273
2011-06-13 00:00:00,-0.03223421839804055
2011-06-14 00:00:00,0.046480272212621715
2011-06-15 00:00:00,-0.016450857158017126
2011-06-16 00:00:00,-0.011121493268014914
2011-06-17 00:00:00,-0.020044399948876475
2011-06-20 00:00:00,-0.029632992673968486
2011-06-21 00:00:00,0.021801452723447915
2011-06-22 00:00:00,0.015890198164115556
2011-06-23 00:00:00,0.03003790917583895
2011-06-24 00:00:00,-0.028337812804900418
2011-06-27 00:00:00,-0.039029859407847686
2011-06-28 00:00:00,-0.020147360725988626
2011-06-29 00:00:00,-0.043733677980291555
2011-06-30 00:00:00,-0.050491681140142367
2011-07-01 00:00:00,0.003958417420337315
2011-07-05 00:00:00,-0.01734597620356881
2011-07-06 00:00:00,-0.02955998160522843
2011-07-07 00:00:00,0.019795943587198047
2011-07-08 00:00:00,0.04655427235597228
2011-07-11 00:00:00,0.017530827008179855
2011-07-12 00:00:00,-0.013289858849754197
2011-07-13 00:00:00,0.016166256399281587
2011-07-14 00:00:00,-0.01261936650201528
2011-07-15 00:00:00,0.027795260980164386
2011-07-18 00:00:00,-0.06041670222490843
2011-07-19 00:00:00,0.004764344496365092
2011-07-20 00:00:00,-0.04786136873356468
2011-07-21 00:00:00,0.013808101043840101
2011-07-22 00:00:00,0.027630995134384495
2011-07-25 00:00:00,0.02783022624386888
2011-07-26 00:00:00,0.05790796522438035
2011-07-27 00:00:00,0.017521291940200995
2011-07-28 00:00:00,0.026589555529336714
2011-07-29 00:00:00,0.002907616497364409
2011-08-01 00:00:00,0.06934603627114237
2011-08-02 00:00:00,-0.007542753018617604
2011-08-03 00:00:00,0.12238410179165678
2011-08-04 00:00:00,-0.013782601343553769
2011-08-05 00:00:00,0.13503584201102614
2011-08-08 00:00:00,-0.0894354623205307
2011-08-09 00:00:00,0.10716893622738731
2011-08-10 00:00:00,-0.08639513930502718
2011-08-11 00:00:00,-0.027159361803991394
2011-08-12 00:00:00,-0.04797429008245399
2011-08-15 00:00:00,0.017531086446955533
2011-08-16 00:00:00,-0.0009668598281844371
2011-08-17 00:00:00,0.0906036218759207
2011-08-18 00:00:00,0.03507393144402607
2011-08-19 00:00:00,-0.007401656539056401
2011-08-22 00:00:00,-0.06686159431480145
2011-08-23 00:00:00,-0.031389444202373724
2011-08-24 00:00:00,0.037155901334716336
2011-08-25 00:00:00,-0.029175608092506224
2011-08-26 00:00:00,-0.05760145036861509
2011-08-29 00:00:00,-0.00483034816135717
2011-08-30 00:00:00,-0.012612247804891844
2011-08-31 00:00:00,0.02802001624987199
2011-09-01 00:00:00,0.05670781904996984
2011-09-02 00:00:00,0.021734762437742555
2011-09-06 00:00:00,-0.06047522838624527
2011-09-07 00:00:00,0.026577065129648674
2011-09-08 00:00:00,0.06475811912349091
2011-09-09 00:00:00,-0.014348015738845317
2011-09-12 00:00:00,-0.009413694578118635
2011-09-13 00:00:00,-0.030242268760032897
2011-09-14 00:00:00,-0.04148428168067724
2011-09-15 00:00:00,-0.017395387720249473
2011-09-16 00:00:00,0.024677044441076667
2011-09-19 00:00:00,-0.0017268653136084497
2011-09-20 00:00:00,0.06214815105365216
2011-09-21 00:00:00,0.07974711735362006
2011-09-22 00:00:00,-0.007408029923670899
2011-09-23 00:00:00,-0.0552928872327571
2011-09-26 00:00:00,-0.031125226129893827
2011-09-27 00:00:00,0.03798095124932815
2011-09-28 00:00:00,-0.030107829848237722
2011-09-29 00:00:00,0.05012126783807704
2011-09-30 00:00:00,0.05110886031019577
2011-10-03 00:00:00,-0.030064712752433546
2011-10-04 00:00:00,-0.026457405577734124
2011-10-05 00:00:00,-0.03818162643326795
2011-10-06 00:00:00,0.0042801193137889364
2011-10-07 00:00:00,-0.07230354062788552
2011-10-10 00:00:00,0.0038273696490056706
2011-10-11 00:00:00,-0.023481396202598353
2011-10-12 00:00:00,0.009389927397355089
2011-10-13 00:00:00,-0.03893105376006305
2011-10-14 00:00:00,0.057380714441707774
2011-10-17 00:00:00,-0.04141543868827649
2011-10-18 00:00:00,0.016867188537808508
2011-10-19 00:00:00,-0.008618192111434275
2011-10-20 00:00:00,-0.06421065651504931
2011-10-21 00:00:00,-0.026381514557577448
2011-10-24 00:00:00,0.05144075427044983
2011-10-25 00:00:00,-0.040136577922255855
2011-10-26 00:00:00,-0.0894923934279273
2011-10-27 00:00:00,-0.006240448608674713
2011-10-28 00:00:00,0.07381784686561697
2011-10-31 00:00:00,0.07376924140132111
2011-11-01 00:00:00,-0.043567975886586834
2011-11-02 00:00:00,-0.053527649550805426
2011-11-03 00:00:00,0.016023975705709088
2011-11-04 00:00:00,-0.02235432182130545
2011-11-07 00:00:00,-0.027395780591771203
2011-11-08 00:00:00,0.10093801660895482
2011-11-09 00:00:00,-0.028248426898385505
2011-11-10 00:00:00,-0.06819749373575124
2011-11-11 00:00:00,0.02008800031300558
2011-11-14 00:00:00,-0.004584333834229485
2011-11-15 00:00:00,0.04971326313164619
2011-11-16 00:00:00,0.0337442450812959
2011-11-17 00:00:00,-0.006276462341816638
2011-11-18 00:00:00,0.05978996469883854
2011-11-21 00:00:00,0.012420915740496336
2011-11-22 00:00:00,0.05297217482612212
2011-11-23 00:00:00,0.005642030666315247
2011-11-25 00:00:00,-0.06538385034636841
2011-11-28 00:00:00,-0.0075936431465311646
2011-11-29 00:00:00,-0.12161752671155557
2011-11-30 00:00:00,0.006745967511079695
2011-12-01 00:00:00,0.00015997335697314223
2011-12-02 00:00:00,-0.020763787523267314
2011-12-05 00:00:00,-0.014093135253437587
2011-12-06 00:00:00,-0.012627886744669149
2011-12-07 00:00:00,0.05316096754616923
2011-12-08 00:00:00,-0.04983827109273125
2011-12-09 00:00:00,0.04364575472415462
2011-12-12 00:00:00,0.01727392390600212
2011-12-13 00:00:00,0.03331914074816863
2011-12-14 00:00:00,-0.011363906016474667
2011-12-15 00:00:00,0.000609943234799426
2011-12-16 00:00:00,0.024917094614854092
2011-12-19 00:00:00,-0.08654338560325613
2011-12-20 00:00:00,-0.0011155046649659862
2011-12-21 00:00:00,-0.016749348905372666
2011-12-22 00:00:00,-0.0345140298455812
2011-12-23 00:00:00,0.0007481951656244559
2011-12-27 00:00:00,0.03872981720355923
2011-12-28 00:00:00,-0.03751443607935715
2011-12-29 00:00:00,0.01939363947743264
2011-12-30 00:00:00,-0.05098652325245649
2012-01-03 00:00:00,-0.006139234880970884
2012-01-04 00:00:00,0.000795708549147042
2012-01-05 00:00:00,0.016181473708515623
2012-01-06 00:00:00,-0.009474741622878875
2012-01-09 00:00:00,-0.02047902159554217
2012-01-10 00:00:00,0.0038529698381951556
2012-01-11 00:00:00,-0.0063912782866335175
2012-01-12 00:00:00,0.014449048668861876
2012-01-13 00:00:00,-0.017739434706520955
2012-01-17 00:00:00,-0.029319271904060563
2012-01-18 00:00:00,-0.013926013434010384
2012-01-19 00:00:00,-0.030513078146588105
2012-01-20 00:00:00,0.00373675022718094
2012-01-23 00:00:00,0.010522764448602171
2012-01-24 00:00:00,-0.026655252189942465
2012-01-25 00:00:00,0.007842417166315993
2012-01-26 00:00:00,0.023640847011437247
2012-01-27 00:00:00,0.002120928938713527
2012-01-30 00:00:00,0.006519844874326143
2012-01-31 00:00:00,-0.02643826349942238
2012-02-01 00:00:00,0.0035369382821939495
2012-02-02 00:00:00,-0.051407022143166094
2012-02-03 00:00:00,0.00573582276494833
2012-02-06 00:00:00,-0.011122208140045914
2012-02-07 00:00:00,-0.0019465276647300295
2012-02-08 00:00:00,-0.0022083113551579683
2012-02-09 00:00:00,0.029852753562105126
2012-02-10 00:00:00,-0.024291949895299043
2012-02-13 00:00:00,-0.0014330471761082372
2012-02-14 00:00:00,0.03238747732075589
2012-02-15 00:00:00,-0.04115142920622043
2012-02-16 00:00:00,-0.015746127872005265
2012-02-17 00:00:00,-0.005498382625496733
2012-02-21 00:00:00,0.009372836195391752
2012-02-22 00:00:00,-0.016016533779068424
2012-02-23 00:00:00,0.000610344550754771
2012-02-24 00:00:00,0.0005049133524593294
2012-02-27 00:00:00,-0.008308463527797032
2012-02-28 00:00:00,0.018572410642422585
2012-02-29 00:00:00,-0.009840016601245855
2012-03-01 00:00:00,0.000955664694641546
2012-03-02 00:00:00,0.005152347345161088
2012-03-05 00:00:00,0.06850495502132312
2012-03-06 00:00:00,-0.025745405100848776
2012-03-07 00:00:00,-0.02383649882218106
2012-03-08 00:00:00,-0.004821496753886625
2012-03-09 00:00:00,-0.013022977086155515
2012-03-12 00:00:00,-0.07883379315415218
2012-03-13 00:00:00,-0.00619817054451905
2012-03-14 00:00:00,-0.022462120241640383
2012-03-15 00:00:00,0.007768873677028147
2012-03-16 00:00:00,-0.002504548148378674
2012-03-19 00:00:00,0.026210293591696496
2012-03-20 00:00:00,0.016955862306362077
2012-03-21 00:00:00,0.02854367058480187
2012-03-22 00:00:00,-0.012480527980305661
2012-03-23 00:00:00,-0.06019281064594462
2012-03-26 00:00:00,0.016785532265289626
2012-03-27 00:00:00,0.026757399327939947
2012-03-28 00:00:00,-0.007265711224187016
2012-03-29 00:00:00,-0.024932253215205303
2012-03-30 00:00:00,-0.02019878294831134
2012-04-02 00:00:00,0.024949268261048624
2012-04-03 00:00:00,0.046266306461096474
2012-04-04 00:00:00,0.005279063643306308
2012-04-05 00:00:00,0.04597327035957023
2012-04-09 00:00:00,0.0709591330953798
2012-04-10 00:00:00,-0.029100453022789383
2012-04-11 00:00:00,-0.06166844978371845
2012-04-12 00:00:00,0.04697184309977215
2012-04-13 00:00:00,-0.024350751488098794
2012-04-16 00:00:00,-0.06895129998384394
2012-04-17 00:00:00,0.029988760474066005
2012-04-18 00:00:00,0.024202577410779032
2012-04-19 00:00:00,-0.02295786518185419
2012-04-20 00:00:00,0.03573904521532862
2012-04-23 00:00:00,-0.025914963255540203
2012-04-24 00:00:00,-0.031972206743096795
2012-04-25 00:00:00,-0.042389712101222735
2012-04-26 00:00:00,-0.009046708560384475
2012-04-27 00:00:00,0.00561562789489771
2012-04-30 00:00:00,-0.025378384668335748
2012-05-01 00:00:00,0.004197406803372995
2012-05-02 00:00:00,0.02386295598364927
2012-05-03 00:00:00,0.062070644698079734
2012-05-04 00:00:00,0.010577237569697893
2012-05-07 00:00:00,0.026684744482572926
2012-05-08 00:00:00,0.03287809225375608
2012-05-09 00:00:00,-0.006682446191515097
2012-05-10 00:00:00,0.011490862864387451
2012-05-11 00:00:00,0.04070980115070106
2012-05-14 00:00:00,0.019976076050045487
2012-05-15 00:00:00,0.010389064895266826
2012-05-16 00:00:00,0.047092111002510116
2012-05-17 00:00:00,0.02132125424193344
2012-05-18 00:00:00,-0.03976264127832486
2012-05-21 00:00:00,0.000501559236489012
2012-05-22 00:00:00,0.001996412255661365
2012-05-23 00:00:00,-0.010114040853186644
2012-05-24 00:00:00,0.022413504285955413
2012-05-25 00:00:00,-0.03794522161853644
2012-05-29 00:00:00,0.048237461199494173
2012-05-30 00:00:00,0.007703388176911007
2012-05-31 00:00:00,0.07684038683693531
2012-06-01 00:00:00,0.004593343018948219
2012-06-04 00:00:00,-0.007120392520716512
2012-06-05 00:00:00,-0.08053319245467173
2012-06-06 00:00:00,-0.013590873553491535
2012-06-07 00:00:00,-0.02802315895934702
2012-06-08 00:00:00,0.04265422089084041
2012-06-11 00:00:00,-0.04864607170100433
2012-06-12 00:00:00,0.023461912151470178
2012-06-13 00:00:00,-0.04770441597303858
2012-06-14 00:00:00,-0.03688123791508296
2012-06-15 00:00:00,0.008228945308788238
2012-06-18 00:00:00,-0.031363734453162345
2012-06-19 00:00:00,0.0043074610502362954
2012-06-20 00:00:00,0.08002143659749766
2012-06-21 00:00:00,-0.020822462896764246
2012-06-22 00:00:00,0.04233116896616063
2012-06-25 00:00:00,-0.009652068302769429
2012-06-26 00:00:00,-0.028377368839310257
2012-06-27 00:00:00,0.007685372194965625
2012-06-28 00:00:00,-0.08986032511384846
2012-06-29 00:00:00,0.0029399384418923907
2012-07-02 00:00:00,-0.02468777311954208
2012-07-03 00:00:00,0.016121111099806962
2012-07-05 00:00:00,0.041399293807252026
2012-07-06 00:00:00,0.0117442158290187
2012-07-09 00:00:00,0.02648584001707233
2012-07-10 00:00:00,0.015155116562735469
2012-07-11 00:00:00,0.009630159541027673
2012-07-12 00:00:00,-0.06452503901587975
2012-07-13 00:00:00,0.016179863747433958
2012-07-16 00:00:00,-0.025527051502461404
2012-07-17 00:00:00,-0.03464498272471652
2012-07-18 00:00:00,-0.01191484434352099
2012-07-19 00:00:00,0.04092251335920858
2012-07-20 00:00:00,0.03301281286368353
2012-07-23 00:00:00,0.03289958746718194
2012-07-24 00:00:00,-0.01842043703136962
2012-07-25 00:00:00,-0.06942696024750299
2012-07-26 00:00:00,-0.06581884739711538
2012-07-27 00:00:00,0.0009600361330552635
2012-07-30 00:00:00,0.023023656878803686
2012-07-31 00:00:00,0.011450642036342091
2012-08-01 00:00:00,0.03345053099797662
2012-08-02 00:00:00,-0.07634533278716069
2012-08-03 00:00:00,-0.007821948781736554
2012-08-06 00:00:00,-0.01897896960356514
2012-08-07 00:00:00,-0.0026437161574684683
2012-08-08 00:00:00,0.003921443331373575
2012-08-09 00:00:00,-0.01614534805213243
2012-08-10 00:00:00,0.014556268028105281
2012-08-13 00:00:00,-0.001017149436768549
2012-08-14 00:00:00,0.0027598423551196158
2012-08-15 00:00:00,-0.032477276296870465
2012-08-16 00:00:00,-0.00975355798779884
2012-08-17 00:00:00,0.001389951575354325
2012-08-20 00:00:00,0.0262040128960771
2012-08-21 00:00:00,0.011644128426713496
2012-08-22 00:00:00,0.042396851531586
2012-08-23 00:00:00,-0.03685685251849395
2012-08-24 00:00:00,0.012362105790865477
2012-08-27 00:00:00,0.007966930270138865
2012-08-28 00:00:00,-0.0016448842558170742
2012-08-29 00:00:00,0.03839813089663566
2012-08-30 00:00:00,-0.032315776771049375
2012-08-31 00:00:00,0.019808031620555944
2012-09-04 00:00:00,-0.004131269376814661
2012-09-05 00:00:00,-0.09180578808323091
2012-09-06 00:00:00,-0.005773352649608715
2012-09-07 00:00:00,0.020493094654769707
2012-09-10 00:00:00,-0.027128176342713188
2012-09-11 00:00:00,-0.003985029484610998
2012-09-12 00:00:00,-0.08615503133968472
2012-09-13 00:00:00,-0.023589899354201638
2012-09-14 00:00:00,0.01780494646783193
2012-09-17 00:00:00,-0.00506991566682514
2012-09-18 00:00:00,-0.005884185835990948
2012-09-19 00:00:00,-0.008440007405886681
2012-09-20 00:00:00,0.0077708855091191955
2012-09-21 00:00:00,0.00906938279600617
2012-09-24 00:00:00,0.04357285250111689
2012-09-25 00:00:00,0.018354168611990077
2012-09-26 00:00:00,-0.03037986643904809
2012-09-27 00:00:00,0.020577829105354283
2012-09-28 00:00:00,-0.033060513564969175
2012-10-01 00:00:00,0.014018008115102305
2012-10-02 00:00:00,-0.005220399961671193
2012-10-03 00:00:00,-0.03511125169786605
2012-10-04 00:00:00,-0.015515655985258177
2012-10-05 00:00:00,0.01184025410498384
2012-10-08 00:00:00,0.047753206060750786
2012-10-09 00:00:00,0.05300949281349874
2012-10-10 00:00:00,0.007433925816701594
2012-10-11 00:00:00,-0.000981066961739239
2012-10-12 00:00:00,-0.03880100771967029
2012-10-15 00:00:00,-0.05435814076425254
2012-10-16 00:00:00,-0.0022886883726156103
2012-10-17 00:00:00,0.0035316747763382444
2012-10-18 00:00:00,0.08604944124583802
2012-10-19 00:00:00,-0.0009556399327150457
2012-10-22 00:00:00,0.09327856530038045
2012-10-23 00:00:00,0.009176507340495868
2012-10-24 00:00:00,-0.009597238083629289
2012-10-25 00:00:00,-0.0012933255393604254
2012-10-26 00:00:00,0.003933096102463678
2012-10-31 00:00:00,-0.050997544816099305
2012-11-01 00:00:00,0.05220174606690461
2012-11-02 00:00:00,-0.007056574828713473
2012-11-05 00:00:00,-0.050176018737775496
2012-11-06 00:00:00,0.11409535812668026
2012-11-07 00:00:00,0.04098075170403683
2012-11-08 00:00:00,-0.001346704402457143
2012-11-09 00:00:00,0.00010251275581826855
2012-11-12 00:00:00,0.019315849672273993
2012-11-13 00:00:00,0.05842118921558706
2012-11-14 00:00:00,0.008714796075372523
2012-11-15 00:00:00,-0.01404725493407779
2012-11-16 00:00:00,-0.06609331913808505
2012-11-19 00:00:00,0.0024484525523007826
2012-11-20 00:00:00,-0.016007690534845975
2012-11-21 00:00:00,-0.05930647755005028
2012-11-23 00:00:00,0.014810956115040422
2012-11-26 00:00:00,0.03064488193147877
2012-11-27 00:00:00,-0.03685035464349534
2012-11-28 00:00:00,-0.012964620629148084
2012-11-29 00:00:00,-0.0013373504656283774
2012-11-30 00:00:00,0.0211246532448374
2012-12-03 00:00:00,0.004804455011117007
2012-12-04 00:00:00,-0.02910561558639172
2012-12-05 00:00:00,-0.014222751556241552
2012-12-06 00:00:00,-0.029809507892990902
2012-12-07 00:00:00,-0.005519089004932041
2012-12-10 00:00:00,-0.029919869885791272
2012-12-11 00:00:00,0.0011553746328292367
2012-12-12 00:00:00,0.028449327740790484
2012-12-13 00:00:00,0.013313932285675912
2012-12-14 00:00:00,-0.03788581195404331
2012-12-17 00:00:00,-0.04547431684086534
2012-12-18 00:00:00,0.03907611557401965
2012-12-19 00:00:00,-0.02340298677449097
2012-12-20 00:00:00,0.046792761248418385
2012-12-21 00:00:00,0.019441384784220986
2012-12-24 00:00:00,0.008987208960831104
2012-12-26 00:00:00,0.006697066371197452
2012-12-27 00:00:00,0.056156685009051306
2012-12-28 00:00:00,-0.059019782377722006
2012-12-31 00:00:00,-0.11983467573385437
2013-01-02 00:00:00,0.008708887735602588
2013-01-03 00:00:00,-0.01810693200464337
2013-01-04 00:00:00,0.020996043715249123
2013-01-07 00:00:00,0.022369615409736067
2013-01-08 00:00:00,-0.024910713800844465
2013-01-09 00:00:00,-0.03357370307071731
2013-01-10 00:00:00,-0.007307159568367478
2013-01-11 00:00:00,-0.008082704145480533
2013-01-14 00:00:00,-0.01191454900609401
2013-01-15 00:00:00,0.010233324231270973
2013-01-16 00:00:00,-0.03716916754966242
2013-01-17 00:00:00,-0.024266990416969527
2013-01-18 00:00:00,-0.029021020027834417
2013-01-22 00:00:00,-0.032128655305658116
2013-01-23 00:00:00,-0.022630696989914618
2013-01-24 00:00:00,-0.03578705946690614
2013-01-25 00:00:00,0.007220003352058817
2013-01-28 00:00:00,-0.037821302622858356
2013-01-29 00:00:00,0.023126862621193775
2013-01-30 00:00:00,0.025566131581049742
2013-01-31 00:00:00,-0.07857737406612018
2013-02-01 00:00:00,0.06865223493084835
2013-02-04 00:00:00,-0.05208566173762368
2013-02-05 00:00:00,-0.00389804094367493
2013-02-06 00:00:00,0.022714859656780592
2013-02-07 00:00:00,-0.02621031794648419
2013-02-08 00:00:00,0.01172711158692814
2013-02-11 00:00:00,-0.025793710058028153
2013-02-12 00:00:00,0.01951271309344322
2013-02-13 00:00:00,0.005127097270327587
2013-02-14 00:00:00,-0.0045061774757387445
2013-02-15 00:00:00,-0.029520292240915548
2013-02-19 00:00:00,0.05835637002290696
2013-02-20 00:00:00,0.024299772169273585
2013-02-21 00:00:00,-0.06333749913158243
2013-02-22 00:00:00,0.1115078749544903
2013-02-25 00:00:00,-0.05820284279127677
2013-02-26 00:00:00,-0.09493391943614767
2013-02-27 00:00:00,0.011795854443584107
2013-02-28 00:00:00,-0.01994980583603719
2013-03-01 00:00:00,-0.02210589276820215
2013-03-04 00:00:00,-0.07663685344477322
2013-03-05 00:00:00,-0.027225630901668026
2013-03-06 00:00:00,-0.0218444117966223
2013-03-07 00:00:00,-0.04592550277777139
2013-03-08 00:00:00,-0.03554811976698783
2013-03-11 00:00:00,-0.001997672476779393
2013-03-12 00:00:00,-0.003776597695312318
2013-03-13 00:00:00,-0.06270300200960965
2013-03-14 00:00:00,0.019129854078322482
2013-03-15 00:00:00,0.045904653042106135
2013-03-18 00:00:00,-0.0027229791849008073
2013-03-19 00:00:00,-0.04138164144195703
2013-03-20 00:00:00,0.06596760187947381
2013-03-21 00:00:00,-0.066194181335035
2013-03-22 00:00:00,0.04744246987873029
2013-03-25 00:00:00,-0.08409959941265613
2013-03-26 00:00:00,0.025919698409774466
2013-03-27 00:00:00,-0.04084119191983857
2013-03-28 00:00:00,0.0045185193997132065
2013-04-01 00:00:00,-0.07325741905726534
2013-04-02 00:00:00,0.09092635351789717
2013-04-03 00:00:00,-0.04437366198653143
2013-04-04 00:00:00,0.032707575515109444
2013-04-05 00:00:00,-0.03872274504915276
2013-04-08 00:00:00,-0.05034656622873002
2013-04-09 00:00:00,-0.11750632475047557
2013-04-10 00:00:00,-0.06283438625752624
2013-04-11 00:00:00,8.255850575839963e-05
2013-04-12 00:00:00,0.24222698112045982
2013-04-15 00:00:00,-0.1364006885926486
2013-04-16 00:00:00,0.1205870375693081
2013-04-17 00:00:00,0.06481020427251359
2013-04-18 00:00:00,-0.008021920925032492
2013-04-19 00:00:00,-0.015387276601096456
2013-04-22 00:00:00,-0.12796237786425158
2013-04-23 00:00:00,0.0379584187144934
2013-04-24 00:00:00,-0.021370116780184262
2013-04-25 00:00:00,-0.010413258551036246
2013-04-26 00:00:00,-0.0993895440546287
2013-04-29 00:00:00,-0.020929615340544404
2013-04-30 00:00:00,0.1305998198498444
2013-05-01 00:00:00,-0.12237481737172363
2013-05-02 00:00:00,-0.15301943203846063
2013-05-03 00:00:00,0.005870953104252847
2013-05-06 00:00:00,-0.10625129198686684
2013-05-07 00:00:00,-0.06486938386259736
2013-05-08 00:00:00,0.030359163453664375
2013-05-09 00:00:00,-0.04884587783831912
2013-05-10 00:00:00,0.036732453633295484
2013-05-13 00:00:00,-0.18179635518528459
2013-05-14 00:00:00,-0.10260361232766163
2013-05-15 00:00:00,0.07318243536520602
2013-05-16 00:00:00,-0.22483517487220928
2013-05-17 00:00:00,0.03900857259074325
2013-05-20 00:00:00,-0.11053714671497185
2013-05-21 00:00:00,0.16525838789122294
2013-05-22 00:00:00,0.023717821225390966
2013-05-23 00:00:00,-0.016036779731937605
2013-05-24 00:00:00,-0.2229065403133429
2013-05-28 00:00:00,0.22346997103622132
2013-05-29 00:00:00,-0.041684056486019444
2013-05-30 00:00:00,0.3430966364312065
2013-05-31 00:00:00,-0.21374219949787693
2013-06-03 00:00:00,0.12367436699689918
2013-06-04 00:00:00,0.2851452403792336
2013-06-05 00:00:00,-0.09598152073910111
2013-06-06 00:00:00,-0.3027175059366656
2013-06-07 00:00:00,0.01610696625145029
2013-06-10 00:00:00,0.17851056429352483
2013-06-11 00:00:00,0.16366198662506054
2013-06-12 00:00:00,-0.24250776712635666
2013-06-13 00:00:00,0.14902752280601536
2013-06-14 00:00:00,-0.15476424858730164
2013-06-17 00:00:00,-0.23724567713132877
2013-06-18 00:00:00,0.3355189216059629
2013-06-19 00:00:00,0.39846678722037887
2013-06-20 00:00:00,-0.03889935430031293
2013-06-21 00:00:00,0.12665609620734036
2013-06-24 00:00:00,-0.08960594243394289
2013-06-25 00:00:00,-0.15013700482175982
2013-06-26 00:00:00,-0.13197110034813103
2013-06-27 00:00:00,0.13255480985170104
2013-06-28 00:00:00,-0.07324310467686632
2013-07-01 00:00:00,0.04828632062505542
2013-07-02 00:00:00,-0.0640006428626089
2013-07-03 00:00:00,-0.19137029039269876
2013-07-05 00:00:00,-0.1359022366209518
2013-07-08 00:00:00,-0.13232243800285326
2013-07-09 00:00:00,0.01610204661353039
2013-07-10 00:00:00,-0.3732199878096195
2013-07-11 00:00:00,-0.00907493025106785
2013-07-12 00:00:00,-0.0553394445680285
2013-07-15 00:00:00,0.08836863772779592
2013-07-16 00:00:00,-0.04994736859189069
2013-07-17 00:00:00,-0.24083371313057167
2013-07-18 00:00:00,0.016613645153094447
2013-07-19 00:00:00,-0.006231128698578548
2013-07-22 00:00:00,-0.07974661375816786
2013-07-23 00:00:00,0.09111361532679636
2013-07-24 00:00:00,-0.046736111485334214
2013-07-25 00:00:00,-0.011588799205356557
2013-07-26 00:00:00,0.12526047196922643
2013-07-29 00:00:00,0.004397698625465751
2013-07-30 00:00:00,0.06479343386857031
2013-07-31 00:00:00,-0.4827779386196653
2013-08-01 00:00:00,-0.15846771618285133
2013-08-02 00:00:00,0.2324137889026478
2013-08-05 00:00:00,0.34990298175743345
2013-08-06 00:00:00,0.14147374423381795
2013-08-07 00:00:00,-0.07891605844809453
2013-08-08 00:00:00,0.19575245025085244
2013-08-09 00:00:00,0.014135147170636776
2013-08-12 00:00:00,-0.07842229630329656
2013-08-13 00:00:00,0.2586243093986581
2013-08-14 00:00:00,0.37383823660964727
2013-08-15 00:00:00,0.04162033923464116
2013-08-16 00:00:00,0.08971036701962212
2013-08-19 00:00:00,0.009357836265940096
2013-08-20 00:00:00,0.11931212844459693
2013-08-21 00:00:00,-0.07321906941417139
2013-08-22 00:00:00,-0.055171346722561215
2013-08-23 00:00:00,0.07480967638413913
2013-08-26 00:00:00,0.1753681729214227
2013-08-27 00:00:00,-0.0467643693011138
2013-08-28 00:00:00,-0.016402674513646312
2013-08-29 00:00:00,0.030356885686724375
2013-08-30 00:00:00,-0.02334979978773021
2013-09-03 00:00:00,-0.10181595056922485
2013-09-04 00:00:00,-0.007337702941028242
2013-09-05 00:00:00,0.016552212796527806
2013-09-06 00:00:00,-0.1673483232591405
2013-09-09 00:00:00,-0.1812087792228405
2013-09-10 00:00:00,-0.2363144841938963
2013-09-11 00:00:00,0.04979594269136653
2013-09-12 00:00:00,-0.15213334786038532
2013-09-13 00:00:00,-0.2992875648832892
2013-09-16 00:00:00,-0.1083783407507493
2013-09-17 00:00:00,-0.6580578502754607
2013-09-18 00:00:00,0.22749642933906408
2013-09-19 00:00:00,0.6597385328197329
2013-09-20 00:00:00,0.12174411130909886
2013-09-23 00:00:00,0.14324255482263196
2013-09-24 00:00:00,0.11559963208330343
2013-09-25 00:00:00,-0.1031095528158871
2013-09-26 00:00:00,0.12949334513343097
2013-09-27 00:00:00,0.20122293719875078
2013-09-30 00:00:00,-0.09204760736978843
2013-10-01 00:00:00,0.08711655355985867
2013-10-02 00:00:00,0.17789083821730658
2013-10-03 00:00:00,-0.09513394224120557
2013-10-04 00:00:00,0.1645075130981571
2013-10-07 00:00:00,0.16355461960121534
2013-10-08 00:00:00,-0.025305307173295356
2013-10-09 00:00:00,-0.3754925971404451
2013-10-10 00:00:00,-0.17033595523217385
2013-10-11 00:00:00,-0.1134860440839259
2013-10-14 00:00:00,0.2228458590414671
2013-10-15 00:00:00,-0.36897258497823077
2013-10-16 00:00:00,0.004714742132154526
2013-10-17 00:00:00,-0.06232493736565972
2013-10-18 00:00:00,0.01696625963782504
2013-10-21 00:00:00,-0.18680520369799597
2013-10-22 00:00:00,0.13791640645753736
2013-10-23 00:00:00,-0.25793190208850203
2013-10-24 00:00:00,-0.2075431305629888
2013-10-25 00:00:00,0.005087933644318432
2013-10-28 00:00:00,-0.5424469093822907
2013-10-29 00:00:00,0.33512320252612254
2013-10-30 00:00:00,0.2908381530354773
2013-10-31 00:00:00,-0.27610649644629015
2013-11-01 00:00:00,-0.11359397455346862
2013-11-04 00:00:00,0.10135598357151807
2013-11-05 00:00:00,-0.8998186689406336
2013-11-06 00:00:00,1.0057872373965961
2013-11-07 00:00:00,-1.1908981703763497
2013-11-08 00:00:00,-0.34383486733274143
2013-11-11 00:00:00,0.4850111646775899
2013-11-14 00:00:00,1.1237942444440887
2013-11-15 00:00:00,0.10711821139324687
2013-11-18 00:00:00,-0.06589333009740796
2013-11-19 00:00:00,-0.6965157836066403
2013-11-20 00:00:00,0.978315492697108
2013-11-21 00:00:00,0.27242043682862005
2013-11-22 00:00:00,0.03326714255446042
2013-11-25 00:00:00,0.0010932189248409924
2013-11-27 00:00:00,-0.042526830049445775
2013-11-29 00:00:00,-0.36945211981033643
2013-12-02 00:00:00,-0.7808319724764639
2013-12-03 00:00:00,-0.37444176484722697
2013-12-10 00:00:00,-2.7905525069142314
2013-12-12 00:00:00,-0.1822368370878741
2013-12-16 00:00:00,-0.20829259498650637
2013-12-17 00:00:00,2.1138829064178175
2013-12-18 00:00:00,0.03282809423133156
2013-12-20 00:00:00,0.1742024156452194
2013-12-23 00:00:00,0.12835543038326436
2013-12-24 00:00:00,0.2103649553986728
2013-12-26 00:00:00,-0.0022833774908236418
2013-12-27 00:00:00,0.03943690571397859
2013-12-30 00:00:00,0.10268297831394094
2013-12-31 00:00:00,-0.20145069862753998
2014-01-02 00:00:00,0.04615691759062637
2014-01-07 00:00:00,-0.10314468166394303
2014-01-08 00:00:00,-0.029063932707276578
2014-01-09 00:00:00,-0.012724395643525576
2014-01-10 00:00:00,-0.35314856883776513
2014-01-13 00:00:00,0.24225266925878597
2014-01-14 00:00:00,0.1828130577720178
2014-01-15 00:00:00,-0.10577482520813014
2014-01-16 00:00:00,0.06896484468397904
2014-01-17 00:00:00,-0.07339130945075738
2014-01-21 00:00:00,-0.07357827413060768
2014-01-22 00:00:00,-0.39592941211677235
2014-01-23 00:00:00,-2.1069945273285366
2014-02-03 00:00:00,-0.17044577099840758
2014-02-04 00:00:00,0.012769800254490185
2014-02-05 00:00:00,-0.6480231856616129
2014-02-07 00:00:00,-0.2084602380403755
2014-02-11 00:00:00,-0.21446294233223803
2014-02-12 00:00:00,0.4013511719664635
2014-02-13 00:00:00,0.5059607701672544
2014-02-14 00:00:00,-0.07809390924453648
2014-02-18 00:00:00,-0.3626760026842004
2014-02-19 00:00:00,0.37221262328401306
2014-02-20 00:00:00,-0.10578181349639063
2014-02-21 00:00:00,0.3272205087219387
2014-02-24 00:00:00,-0.07672191480675197
2014-02-25 00:00:00,0.05298133810679683
2014-02-26 00:00:00,0.18591358865005989
2014-02-27 00:00:00,0.10626046552332649
2014-02-28 00:00:00,-0.37948636347001397
2014-03-03 00:00:00,0.5213412132227354
2014-03-04 00:00:00,-0.06577461083422736
2014-03-05 00:00:00,0.1111088555281069
2014-03-06 00:00:00,0.05120255264697823
2014-03-07 00:00:00,-0.056689181319185475
2014-03-10 00:00:00,-0.12277333412217394
2014-03-11 00:00:00,-0.021876478491133902
2014-03-12 00:00:00,-0.6120822670381499
2014-03-13 00:00:00,-0.17177457345070518
2014-03-14 00:00:00,0.5806722110619965
2014-03-17 00:00:00,0.19545293849575954
2014-03-18 00:00:00,-0.25815429701293685
2014-03-19 00:00:00,0.2478433829328315
2014-03-20 00:00:00,-0.05870721961974773
2014-03-21 00:00:00,-0.05737330707293653
2014-03-24 00:00:00,0.18770778001550611
2014-03-25 00:00:00,-0.20529717724528834
2014-03-26 00:00:00,-0.011029417644336265
2014-03-27 00:00:00,0.12845868631576968
2014-03-28 00:00:00,0.24358740559424058
2014-03-31 00:00:00,0.11366778678068579
2014-04-01 00:00:00,0.05628876409880155
2014-04-02 00:00:00,-0.0006089278816338137
2014-04-03 00:00:00,-0.24428163144479292
2014-04-08 00:00:00,0.357630083752635
2014-04-10 00:00:00,-0.5587147352482376
2014-04-11 00:00:00,0.5676863549979079
2014-04-14 00:00:00,0.23437069689336493
2014-04-15 00:00:00,0.32180884985285446
2014-04-17 00:00:00,0.06858222537141427
2014-04-21 00:00:00,0.10077107773164849
2014-04-22 00:00:00,-0.018900398311246007
2014-04-23 00:00:00,0.0
2014-04-25 00:00:00,0.15341112261475978
2014-04-29 00:00:00,0.06290806712341099
2014-04-30 00:00:00,-0.029902464262217755
2014-05-01 00:00:00,-0.06562975372499415
2014-05-02 00:00:00,0.025720096948167282
2014-05-06 00:00:00,0.18867167989344175
2014-05-07 00:00:00,0.04635903330741986
2014-05-08 00:00:00,0.04422123664286812
2014-05-12 00:00:00,0.022943020823643207
2014-05-13 00:00:00,-0.12245574095454229
2014-05-15 00:00:00,0.07021740585126258
2014-05-19 00:00:00,-0.22719420354827827
2014-05-20 00:00:00,0.25803894396052246
2014-05-21 00:00:00,0.01425244762572447
2014-05-22 00:00:00,0.08548697633254446
2014-05-23 00:00:00,0.08596484071216863
2014-05-27 00:00:00,-0.051666625869523405
2014-05-28 00:00:00,0.07894347607774917
2014-05-29 00:00:00,0.021113934811706113
2014-05-30 00:00:00,0.029556011884698374
2014-06-02 00:00:00,-0.023712299208311888
2014-06-03 00:00:00,0.016974131807557375
2014-06-04 00:00:00,0.10366879903143339
2014-06-05 00:00:00,0.08441190293149466
2014-06-06 00:00:00,0.017131046793166228
2014-06-09 00:00:00,0.0025420706839533644
2014-06-10 00:00:00,-0.09635170748916677
2014-06-11 00:00:00,-0.11510973691227475
2014-06-12 00:00:00,0.04517596006833751
2014-06-13 00:00:00,0.005586164952545805
2014-06-16 00:00:00,0.028636517270911734
2014-06-17 00:00:00,0.0960433033539176
2014-06-18 00:00:00,0.013755538030554374
2014-06-19 00:00:00,0.023307786780008714
2014-06-20 00:00:00,-0.008870234626539162
2014-06-23 00:00:00,-0.11438140730273877
2014-06-24 00:00:00,0.04900818574330758
2014-06-25 00:00:00,-0.020924247078983733
2014-06-26 00:00:00,0.0056305597893037684
2014-06-27 00:00:00,-0.025136855276967233
2014-06-30 00:00:00,0.12272604922896961
2014-07-01 00:00:00,0.01783258421350025
2014-07-02 00:00:00,0.07754882689283367
2014-07-03 00:00:00,-0.03637249748145426
2014-07-07 00:00:00,-0.10412428891179487
2014-07-08 00:00:00,0.07112444382444327
2014-07-09 00:00:00,-0.06326862515483411
2014-07-10 00:00:00,0.02626301814310785
2014-07-11 00:00:00,0.09591160522326402
2014-07-14 00:00:00,0.004300730109027274
2014-07-15 00:00:00,0.06132927109122843
2014-07-16 00:00:00,-0.13221285395394558
2014-07-17 00:00:00,0.10260358348292781
2014-07-18 00:00:00,-0.03904854540952882
2014-07-21 00:00:00,0.04955290400892736
2014-07-22 00:00:00,-0.021271591979368402
2014-07-23 00:00:00,-0.002263770634369244
2014-07-24 00:00:00,-0.10389861372900287
2014-07-25 00:00:00,0.01937502687437491
2014-07-28 00:00:00,-0.06338609651400129
2014-07-29 00:00:00,-0.029921750294266726
2014-07-30 00:00:00,-0.361424445961923
2014-07-31 00:00:00,-0.10095624755556724
2014-08-01 00:00:00,0.10913219958349174
2014-08-04 00:00:00,-0.21123538974094358
2014-08-05 00:00:00,0.023064322937944397
2014-08-06 00:00:00,-0.13171923554299825
2014-08-07 00:00:00,0.29876281853406983
2014-08-08 00:00:00,0.02208201041888824
2014-08-11 00:00:00,-0.01292997166808441
2014-08-12 00:00:00,0.11848865343055096
2014-08-13 00:00:00,0.07291649814086568
2014-08-14 00:00:00,-0.05940618976880803
2014-08-15 00:00:00,0.19259535892992663
2014-08-18 00:00:00,0.07747265880175398
2014-08-19 00:00:00,0.053445981869945605
2014-08-20 00:00:00,0.05141353461038972
2014-08-21 00:00:00,-0.03228955907781709
2014-08-22 00:00:00,0.06285209437558702
2014-08-25 00:00:00,0.023737380876445658
2014-08-26 00:00:00,0.011968049722803261
2014-08-27 00:00:00,-0.033532612128308846
2014-08-28 00:00:00,0.01505576658974347
2014-08-29 00:00:00,-0.02475277992693739
2014-09-02 00:00:00,0.008659111090721604
2014-09-03 00:00:00,-0.0070218958179924995
2014-09-04 00:00:00,0.05344891296755627
2014-09-05 00:00:00,-0.020119145568464444
2014-09-08 00:00:00,-0.07950711199892456
2014-09-09 00:00:00,0.0454730693032792
2014-09-10 00:00:00,-0.016106670504987958
2014-09-11 00:00:00,-0.0519811042688691
2014-09-12 00:00:00,0.037159973295245556
2014-09-15 00:00:00,0.0809346103218994
2014-09-16 00:00:00,0.01900144422741712
2014-09-17 00:00:00,0.07933782746368685
2014-09-18 00:00:00,0.009563220949687591
2014-09-19 00:00:00,-0.07699600115496605
2014-09-22 00:00:00,-0.09137739659883307
2014-09-23 00:00:00,0.11893972511179522
2014-09-24 00:00:00,-0.21342595893767205
2014-09-25 00:00:00,0.14033923287269728
2014-09-26 00:00:00,-0.03335655829043539
2014-09-29 00:00:00,-0.023176294675615425
2014-09-30 00:00:00,-0.2196519104948437
2014-10-01 00:00:00,-0.0037818355706910668
2014-10-02 00:00:00,0.19555265688239015
2014-10-03 00:00:00,-0.015251733544176723
2014-10-06 00:00:00,-0.2686236547999771
2014-10-07 00:00:00,0.27061892709785845
2014-10-08 00:00:00,-0.34104836392122667
2014-10-09 00:00:00,-0.1504885480964068
2014-10-10 00:00:00,-0.37767778048115574
2014-10-13 00:00:00,-0.012171901035932582
2014-10-14 00:00:00,-0.4482453189775508
2014-10-15 00:00:00,-0.08325797962744312
2014-10-16 00:00:00,0.658872129257832
2014-10-17 00:00:00,0.03470664870873311
2014-10-20 00:00:00,0.32283612382922944
2014-10-21 00:00:00,-0.2192061075821601
2014-10-22 00:00:00,0.29700909745490994
2014-10-23 00:00:00,0.140878479004508
2014-10-24 00:00:00,0.012829412507132147
2014-10-27 00:00:00,0.17486116673648408
2014-10-28 00:00:00,-0.027222550075569125
2014-10-29 00:00:00,0.1773778516394507
2014-10-30 00:00:00,0.13402117043043937
2014-10-31 00:00:00,-0.015732128170061567
2014-11-03 00:00:00,0.011428547513967468
2014-11-04 00:00:00,0.0629859451007469
2014-11-05 00:00:00,0.041527876066946745
2014-11-06 00:00:00,0.011253642081561734
2014-11-07 00:00:00,0.02263627527180254
2014-11-10 00:00:00,0.0006520424460305597
2014-11-11 00:00:00,-0.0015187962688470902
2014-11-12 00:00:00,0.022582990201621786
2014-11-13 00:00:00,-0.009978920943222388
2014-11-14 00:00:00,0.007202905286363676
2014-11-17 00:00:00,0.021864588877920168
2014-11-18 00:00:00,-0.0011285954978190501
2014-11-19 00:00:00,0.017817283869437515
2014-11-20 00:00:00,0.047203204369185424
2014-11-21 00:00:00,0.003961670678572202
2014-11-24 00:00:00,-0.0014943927253980543
2014-11-25 00:00:00,0.006449505299719044
2014-11-26 00:00:00,0.0002459852138104917
2014-11-28 00:00:00,-0.026146512779740737
2014-12-01 00:00:00,0.05156372048158429
2014-12-02 00:00:00,0.016044917780188107
2014-12-03 00:00:00,-0.0060442904049101565
2014-12-04 00:00:00,0.028024050223944524
2014-12-05 00:00:00,-0.05135369122908479
2014-12-08 00:00:00,-0.025747792028376546
2014-12-09 00:00:00,-0.14656704501449344
2014-12-10 00:00:00,0.03653628563258434
2014-12-11 00:00:00,-0.19739790220459247
2014-12-12 00:00:00,-0.07166815177997671
2014-12-15 00:00:00,-0.08686701565049168
2014-12-16 00:00:00,0.2097927121776839
2014-12-17 00:00:00,0.24437901007880491
2014-12-18 00:00:00,0.01362221964714331
2014-12-19 00:00:00,0.07557757169337495
2014-12-22 00:00:00,0.03001521428454108
2014-12-23 00:00:00,0.0027557684078210343
2014-12-24 00:00:00,0.010648488873215952
2014-12-26 00:00:00,-0.007001861934507908
2014-12-29 00:00:00,-0.02535539953622975
2014-12-30 00:00:00,-0.07740746393757697
2014-12-31 00:00:00,0.004977451316860089
2015-01-02 00:00:00,-0.18133132524770998
2015-01-05 00:00:00,-0.08121998748947536
2015-01-06 00:00:00,0.12974686556247916
2015-01-07 00:00:00,0.16959734048028868
2015-01-08 00:00:00,-0.08583602296639808
2015-01-09 00:00:00,-0.052075777058174864
2015-01-12 00:00:00,-0.015154888499433587
2015-01-13 00:00:00,-0.11082739032350936
2015-01-14 00:00:00,-0.06915655342084706
2015-01-15 00:00:00,0.12086097414501962
2015-01-16 00:00:00,0.0021808119366989653
2015-01-20 00:00:00,0.022974954104562427
2015-01-21 00:00:00,0.14068074340435346
2015-01-22 00:00:00,-0.07412374427730928
2015-01-23 00:00:00,0.003313936421184035
2015-01-26 00:00:00,-0.1720991909703005
2015-01-27 00:00:00,-0.13487398586561025
2015-01-28 00:00:00,0.15378911469362722
2015-01-29 00:00:00,-0.1734605282919899
2015-01-30 00:00:00,0.13754000545853642
2015-02-02 00:00:00,0.18241130432298258
2015-02-03 00:00:00,0.0036078414538547837
2015-02-04 00:00:00,0.10909607046614585
2015-02-05 00:00:00,-0.030005158848257447
2015-02-06 00:00:00,-0.048976326988419305
2015-02-09 00:00:00,0.07108578392641114
2015-02-10 00:00:00,-0.0032600275079629924
2015-02-11 00:00:00,0.05295631936685594
2015-02-12 00:00:00,0.021737485731103096
2015-02-13 00:00:00,0.01284148471963446
2015-02-17 00:00:00,-0.008045959591962245
2015-02-18 00:00:00,-0.020288335356212137
2015-02-19 00:00:00,0.06944730092691888
2015-02-20 00:00:00,-0.010289486718237616
2015-02-23 00:00:00,0.03967495320947804
2015-02-24 00:00:00,0.006457615026492562
2015-02-25 00:00:00,-0.0042569334258496915
2015-02-26 00:00:00,-0.03494925490248841
2015-02-27 00:00:00,0.06566212665805476
2015-03-02 00:00:00,-0.03536811360894918
2015-03-03 00:00:00,-0.04599732803935854
2015-03-04 00:00:00,0.017017486243879325
2015-03-05 00:00:00,-0.12924770830484694
2015-03-06 00:00:00,0.06646558429913066
2015-03-09 00:00:00,-0.16725703944721923
2015-03-10 00:00:00,-0.01518614879762778
2015-03-11 00:00:00,0.13481325462510843
2015-03-12 00:00:00,-0.07345758883385307
2015-03-13 00:00:00,0.11258147824268977
2015-03-16 00:00:00,-0.06177505215144811
2015-03-17 00:00:00,0.10684690258626302
2015-03-18 00:00:00,-0.053693167633219616
2015-03-19 00:00:00,0.07639550384151357
2015-03-20 00:00:00,-0.005077576065068363
2015-03-23 00:00:00,-0.047079261159079774
2015-03-24 00:00:00,-0.14440433267263325
2015-03-25 00:00:00,-0.02163339470774014
2015-03-26 00:00:00,0.018507220941352227
2015-03-27 00:00:00,0.13139519581964157
2015-03-30 00:00:00,-0.09815597272692936
2015-03-31 00:00:00,-0.040981313318974234
2015-04-01 00:00:00,0.03432423446142659
2015-04-02 00:00:00,0.05920698413803062
2015-04-06 00:00:00,-0.0026575996241052905
2015-04-07 00:00:00,0.013189588622048855
2015-04-08 00:00:00,0.02683001975533374
2015-04-09 00:00:00,0.04552729155425617
2015-04-10 00:00:00,-0.03694306243194715
2015-04-13 00:00:00,0.02747191136596951
2015-04-14 00:00:00,0.03389775882442133
2015-04-15 00:00:00,-0.0030076703165746307
2015-04-16 00:00:00,-0.13133403918271572
2015-04-17 00:00:00,0.09963989622299255
2015-04-20 00:00:00,-0.03956552730560009
2015-04-21 00:00:00,0.04108257237582629
2015-04-22 00:00:00,0.009225550426177748
2015-04-23 00:00:00,0.009600659035008221
2015-04-24 00:00:00,-0.018961851338924193
2015-04-27 00:00:00,0.032235874801959115
2015-04-28 00:00:00,-0.03334475016435307
2015-04-29 00:00:00,-0.09279717023493403
2015-04-30 00:00:00,0.08757159808474413
2015-05-01 00:00:00,0.020948393150134904
2015-05-04 00:00:00,-0.0657283820790137
2015-05-05 00:00:00,-0.04206339606217152
2015-05-06 00:00:00,0.040084188257642886
2015-05-07 00:00:00,0.1203001625006797
2015-05-08 00:00:00,-0.03715787507736559
2015-05-11 00:00:00,-0.016405900961336876
2015-05-12 00:00:00,-0.0034720411557137274
2015-05-13 00:00:00,0.08265120026459023
2015-05-14 00:00:00,0.00837145998613021
2015-05-15 00:00:00,0.01074016589373721
2015-05-18 00:00:00,0.005468267015508205
2015-05-19 00:00:00,-0.010954643712550546
2015-05-20 00:00:00,0.0001386822131281797
2015-05-21 00:00:00,-0.022164507204108463
2015-05-22 00:00:00,-0.08280280161715763
2015-05-26 00:00:00,0.05358136269917134
2015-05-27 00:00:00,-0.015965303343400166
2015-05-28 00:00:00,-0.05170054485912874
2015-05-29 00:00:00,0.013554125075028678
2015-06-01 00:00:00,-0.01297525687750958
2015-06-02 00:00:00,0.02912320486548717
2015-06-03 00:00:00,-0.07921565413014682
2015-06-04 00:00:00,-0.027477892869142026
2015-06-05 00:00:00,-0.042029595799328634
2015-06-08 00:00:00,-0.0013012461605979794
2015-06-09 00:00:00,0.11558636418816563
2015-06-10 00:00:00,0.01783652397484071
2015-06-11 00:00:00,-0.06587478808339006
2015-06-12 00:00:00,-0.053581254605132765
2015-06-15 00:00:00,0.05631067112971242
2015-06-16 00:00:00,0.014992569968538389
2015-06-17 00:00:00,0.08225598932886558
2015-06-18 00:00:00,-0.04478461219543089
2015-06-19 00:00:00,0.04651035731656517
2015-06-22 00:00:00,0.010575799152052895
2015-06-23 00:00:00,-0.08022259364735626
2015-06-24 00:00:00,-0.036174573410676265
2015-06-25 00:00:00,0.027033683532002785
2015-06-26 00:00:00,-0.18140845633353292
2015-06-29 00:00:00,0.013063797364204568
2015-06-30 00:00:00,0.07469819345647712
2015-07-01 00:00:00,-0.014563603567565779
2015-07-02 00:00:00,-0.024859455185747423
2015-07-06 00:00:00,0.04925569482795283
2015-07-07 00:00:00,-0.14463273111631758
2015-07-08 00:00:00,0.01956449961524485
2015-07-09 00:00:00,0.11653490034156438
2015-07-10 00:00:00,0.10692107670213799
2015-07-13 00:00:00,0.034811015486412154
2015-07-14 00:00:00,-0.0015383095656100027
2015-07-15 00:00:00,0.031147062849936086
2015-07-16 00:00:00,-0.014901677287333317
2015-07-17 00:00:00,0.00618186896494673
2015-07-20 00:00:00,-0.08333008507361132
2015-07-21 00:00:00,-0.03329397364627606
2015-07-22 00:00:00,-0.06090493707769975
2015-07-23 00:00:00,-0.09007478275710747
2015-07-24 00:00:00,-0.07667068390695275
2015-07-27 00:00:00,0.11166753951197653
2015-07-28 00:00:00,0.06529027429021668
2015-07-29 00:00:00,-0.00282716917018222
2015-07-30 00:00:00,-0.029808418191798525
2015-07-31 00:00:00,-0.050680506050832214
2015-08-03 00:00:00,-0.027315734723183212
2015-08-04 00:00:00,-0.0059740576885237
2015-08-05 00:00:00,-0.0734168986799796
2015-08-06 00:00:00,-0.029697223641804365
2015-08-07 00:00:00,0.14598313219507972
2015-08-10 00:00:00,-0.1270141670867395
2015-08-11 00:00:00,-0.00021055987397579628
2015-08-12 00:00:00,0.0036554457341698068
2015-08-13 00:00:00,0.04301673137853267
2015-08-14 00:00:00,0.040440928372326775
2015-08-17 00:00:00,-0.019986332863649408
2015-08-18 00:00:00,-0.10203911105979388
2015-08-19 00:00:00,-0.2698911077382253
2015-08-20 00:00:00,-0.6151406484795147
2015-08-21 00:00:00,-2.845573035649059
2015-08-26 00:00:00,0.5986976632241673
2015-08-27 00:00:00,-0.014450057880321417
2015-08-28 00:00:00,-0.15351299687080788
2015-08-31 00:00:00,-1.1324984042577761
2015-09-01 00:00:00,0.838242085581327
2015-09-02 00:00:00,0.044286006056505955
2015-09-03 00:00:00,-0.7025560035766345
2015-09-04 00:00:00,0.9001678563750606
2015-09-08 00:00:00,-0.45192019385479903
2015-09-09 00:00:00,0.16854149552530648
2015-09-10 00:00:00,0.1883934567536954
2015-09-11 00:00:00,-0.1096920270866907
2015-09-14 00:00:00,0.3556500211519779
2015-09-15 00:00:00,0.1682105729972387
2015-09-16 00:00:00,-0.07479088123866812
2015-09-17 00:00:00,-0.42397217395704756
2015-09-18 00:00:00,0.20585717242463017
2015-09-21 00:00:00,-0.30951617601404524
2015-09-22 00:00:00,-0.10769242034316721
2015-09-23 00:00:00,-0.19434427051125708
2015-09-24 00:00:00,0.2696250373639029
2015-09-25 00:00:00,-1.0559771410214638
2015-09-28 00:00:00,0.24932159973840706
2015-09-29 00:00:00,0.7421309353397418
2015-09-30 00:00:00,-0.028629083816560156
2015-10-01 00:00:00,0.3774324216609561
2015-10-02 00:00:00,0.39007813446851825
2015-10-05 00:00:00,0.014510865514287916
2015-10-06 00:00:00,0.12029976588614207
2015-10-07 00:00:00,0.12091913977601187
2015-10-08 00:00:00,0.02737568848938626
2015-10-09 00:00:00,0.03721140473697248
2015-10-12 00:00:00,-0.039294198134757645
2015-10-13 00:00:00,-0.13471090625230514
2015-10-14 00:00:00,0.18160308305145495
2015-10-15 00:00:00,0.055245749717151245
2015-10-16 00:00:00,0.010494515437462323
2015-10-19 00:00:00,-0.009670278216981035
2015-10-20 00:00:00,-0.03572320818633286
2015-10-21 00:00:00,0.21541221225689103
2015-10-22 00:00:00,0.09097462674478558
2015-10-23 00:00:00,-0.013139518097323175
2015-10-26 00:00:00,-0.023553273867534103
2015-10-27 00:00:00,0.1074445536079953
2015-10-28 00:00:00,-0.012273090336204745
2015-10-29 00:00:00,-0.04922627400489438
2015-10-30 00:00:00,0.08650731955266355
2015-11-02 00:00:00,0.04386033919626073
2015-11-03 00:00:00,-0.024576045581604845
2015-11-04 00:00:00,-0.0020440739778620613
2015-11-05 00:00:00,0.02285887741235508
2015-11-06 00:00:00,-0.09065033988717866
2015-11-09 00:00:00,0.014524212852506813
2015-11-10 00:00:00,-0.02954592730184187
2015-11-11 00:00:00,-0.14631625246121183
2015-11-12 00:00:00,-0.13438415208626103
2015-11-13 00:00:00,0.15581383201616453
2015-11-16 00:00:00,0.003930619908708492
2015-11-17 00:00:00,0.1394955799812084
2015-11-18 00:00:00,-0.0023212568535263198
2015-11-19 00:00:00,0.04686907826689547
2015-11-20 00:00:00,-0.015777238871558227
2015-11-23 00:00:00,0.009916701914460053
2015-11-24 00:00:00,0.0006073470486590149
2015-11-25 00:00:00,0.0
2015-11-27 00:00:00,-0.048399718307623026
2015-11-30 00:00:00,0.08558943484891951
2015-12-01 00:00:00,-0.08042483091224542
2015-12-02 00:00:00,-0.14273126204048256
2015-12-03 00:00:00,0.20312589509850912
2015-12-04 00:00:00,-0.059956606539473226
2015-12-07 00:00:00,-0.08963647788037665
2015-12-08 00:00:00,-0.044665195393917195
2015-12-09 00:00:00,0.04855273070634283
2015-12-10 00:00:00,-0.19592622262318687
2015-12-11 00:00:00,0.06973331376802291
2015-12-14 00:00:00,0.09712593100259227
2015-12-15 00:00:00,0.12457062209197867
2015-12-16 00:00:00,-0.14192314412719712
2015-12-17 00:00:00,-0.24994168710009623
2015-12-18 00:00:00,0.09088580457679869
2015-12-21 00:00:00,0.1105910864237392
2015-12-22 00:00:00,0.11077136015976531
2015-12-23 00:00:00,-0.02895135694713337
2015-12-24 00:00:00,-0.01401669319079801
2015-12-28 00:00:00,0.1077898043205898
2015-12-29 00:00:00,-0.0641092914042761
2015-12-30 00:00:00,-0.10659144238498683
2015-12-31 00:00:00,-0.19072976145146686
2016-01-04 00:00:00,0.007371207027697505
2016-01-05 00:00:00,-0.21134172726483635
2016-01-06 00:00:00,-0.45608533274633384
2016-01-07 00:00:00,-0.28354376062560754
2016-01-08 00:00:00,0.09705169258910631
2016-01-11 00:00:00,0.18961084039620685
2016-01-12 00:00:00,-0.7669387177262729
2016-01-13 00:00:00,0.5420731188061118
2016-01-14 00:00:00,-1.2683340300198074
2016-01-15 00:00:00,0.1676984070704809
2016-01-21 00:00:00,1.6913553667047376
2016-01-22 00:00:00,-1.6393953903092908
2016-01-25 00:00:00,1.8903373444851062
2016-01-26 00:00:00,-1.1106020882596537
2016-01-27 00:00:00,0.7627562597338367
2016-01-28 00:00:00,0.989876605749129
2016-01-29 00:00:00,-0.027497278343857068
2016-02-01 00:00:00,-0.6566212425658023
2016-02-02 00:00:00,0.45423682796724707
2016-02-03 00:00:00,0.1478406044172792
2016-02-04 00:00:00,-0.45238077938523236
2016-02-05 00:00:00,-0.6558021431999235
2016-02-08 00:00:00,-0.06826886308906024
2016-02-09 00:00:00,-0.8111091337241872
2016-02-12 00:00:00,0.9569327986281879
2016-02-16 00:00:00,0.537879612912622
2016-02-17 00:00:00,-0.06751984282330074
2016-02-18 00:00:00,-0.0377728965290333
2016-02-19 00:00:00,0.3440049349656103
2016-02-22 00:00:00,-0.27499879715908554
2016-02-23 00:00:00,0.08541741278249408
2016-02-24 00:00:00,0.28265374007808247
2016-02-25 00:00:00,-0.06878914572920146
2016-02-26 00:00:00,-0.16652182705401208
2016-02-29 00:00:00,0.41312247777595207
2016-03-01 00:00:00,0.032701539032086724
2016-03-02 00:00:00,0.04103454053311172
2016-03-03 00:00:00,0.0551487619156141
2016-03-04 00:00:00,0.055751097695295355
2016-03-07 00:00:00,-0.09284736215954974
2016-03-08 00:00:00,0.03161050004770712
2016-03-09 00:00:00,-0.004496917147233202
2016-03-10 00:00:00,0.1723330925985644
2016-03-11 00:00:00,0.011413119179357986
2016-03-14 00:00:00,0.015939156316377837
2016-03-15 00:00:00,0.05107808192704301
2016-03-16 00:00:00,0.09936342903284688
2016-03-17 00:00:00,0.07080975819852882
2016-03-18 00:00:00,0.012130624912057924
2016-03-21 00:00:00,-0.02335794052364363
2016-03-22 00:00:00,-0.04684854084694442
2016-03-23 00:00:00,0.007849379104088363
2016-03-24 00:00:00,0.01162987491644495
2016-03-28 00:00:00,0.05587949327522109
2016-03-29 00:00:00,0.0454200211642286
2016-03-30 00:00:00,-0.016920737996280806
2016-03-31 00:00:00,0.05656326290049754
2016-04-01 00:00:00,-0.02889070172807246
2016-04-04 00:00:00,-0.07287799731521115
2016-04-05 00:00:00,0.06180226270122946
2016-04-06 00:00:00,-0.09711892430105735
2016-04-07 00:00:00,0.02029753216203623
2016-04-08 00:00:00,-0.011868012792284822
2016-04-11 00:00:00,0.09144966866108731
2016-04-12 00:00:00,0.09454341532374899
2016-04-13 00:00:00,0.008716564950704504
2016-04-14 00:00:00,-0.01394835733644672
2016-04-15 00:00:00,0.05044146007363877
2016-04-18 00:00:00,0.022536678944501204
2016-04-19 00:00:00,0.01905066569332772
2016-04-20 00:00:00,-0.05161419450067881
2016-04-21 00:00:00,0.009837742097888003
2016-04-22 00:00:00,-0.012299154071609312
2016-04-25 00:00:00,0.006087383325289498
2016-04-26 00:00:00,0.023491797756386473
2016-04-27 00:00:00,-0.1004083442771078
2016-04-28 00:00:00,-0.02903859411476575
2016-04-29 00:00:00,0.05885482012223139
2016-05-02 00:00:00,-0.07064938339450628
2016-05-03 00:00:00,-0.05341502570286962
2016-05-04 00:00:00,0.005190307773966327
2016-05-05 00:00:00,0.04284489171135237
2016-05-06 00:00:00,-0.01838861409343452
2016-05-09 00:00:00,0.11234351717728394
2016-05-10 00:00:00,-0.10956310710531494
2016-05-11 00:00:00,0.004987824836935782
2016-05-12 00:00:00,-0.10337951459303797
2016-05-13 00:00:00,0.09817408139801605
2016-05-16 00:00:00,-0.10131961646025425
2016-05-17 00:00:00,-0.001985139695295094
2016-05-18 00:00:00,-0.05543412516617239
2016-05-19 00:00:00,0.040136689917091795
2016-05-20 00:00:00,-0.004819709379576113
2016-05-23 00:00:00,0.12093426237362317
2016-05-24 00:00:00,0.07487007918689981
2016-05-25 00:00:00,-0.011582421522632102
2016-05-26 00:00:00,0.022291752216826836
2016-05-27 00:00:00,-0.043121852496394705
2016-05-31 00:00:00,0.0012648347150126533
2016-06-01 00:00:00,0.024705206317075738
2016-06-02 00:00:00,-0.015847344151441813
2016-06-03 00:00:00,0.05584968680239502
2016-06-06 00:00:00,0.008570764964694248
2016-06-07 00:00:00,0.03125366455264866
2016-06-08 00:00:00,-0.009194843357408632
2016-06-09 00:00:00,-0.057354253502117716
2016-06-10 00:00:00,-0.06767812118317047
2016-06-13 00:00:00,-0.03085992124575342
2016-06-14 00:00:00,-0.019013749192769522
2016-06-15 00:00:00,0.05019992237848278
2016-06-16 00:00:00,-0.03100146948356174
2016-06-17 00:00:00,0.06811644430139138
2016-06-20 00:00:00,0.01254216611192611
2016-06-21 00:00:00,-0.024820959221094133
2016-06-22 00:00:00,0.11183492623123316
2016-06-23 00:00:00,-0.32916540444907016
2016-06-24 00:00:00,-0.1819847378859937
2016-06-27 00:00:00,0.18769791771776723
2016-06-28 00:00:00,0.16633160924855397
2016-06-29 00:00:00,0.11914790209597252
2016-06-30 00:00:00,0.009207834767067128
2016-07-01 00:00:00,-0.052805067400349875
2016-07-05 00:00:00,0.03815455305511272
2016-07-06 00:00:00,-0.01097314739318063
2016-07-07 00:00:00,0.11486994901585704
2016-07-08 00:00:00,0.03410063778761105
2016-07-11 00:00:00,0.049246549210555754
2016-07-12 00:00:00,0.009683546937419905
2016-07-13 00:00:00,0.05157831394998731
2016-07-14 00:00:00,0.0037888721894477058
2016-07-15 00:00:00,0.00613442609701111
2016-07-18 00:00:00,0.00957558549307901
2016-07-19 00:00:00,0.01313658065386573
2016-07-20 00:00:00,-0.02859315098547434
2016-07-21 00:00:00,0.019793713738954836
2016-07-22 00:00:00,-0.028845871165453132
2016-07-25 00:00:00,-0.007291568178047756
2016-07-26 00:00:00,-0.0005989895691836345
2016-07-27 00:00:00,-0.006017163823456017
2016-07-28 00:00:00,-0.009240062119604152
2016-07-29 00:00:00,-0.010734529783564433
2016-08-01 00:00:00,-0.0359536198897816
2016-08-02 00:00:00,0.01649697895530156
2016-08-03 00:00:00,-0.001171035557150526
2016-08-04 00:00:00,0.07331942333773095
2016-08-05 00:00:00,-0.005271527428786668
2016-08-08 00:00:00,0.001395236321570148
2016-08-09 00:00:00,-0.013955590588208625
2016-08-10 00:00:00,0.04334483588909785
2016-08-11 00:00:00,-0.013423977253569802
2016-08-12 00:00:00,0.021500516773557625
2016-08-15 00:00:00,-0.030459705088761575
2016-08-16 00:00:00,0.008035425254581612
2016-08-17 00:00:00,0.008637565322654353
2016-08-18 00:00:00,-0.016470291569601857
2016-08-19 00:00:00,-0.008555446236447222
2016-08-22 00:00:00,0.006614465050809466
2016-08-23 00:00:00,-0.024567135847264717
2016-08-24 00:00:00,-0.012574949728464407
2016-08-25 00:00:00,-0.020492721923839274
2016-08-26 00:00:00,0.04116267198234429
2016-08-29 00:00:00,-0.0184184404504243
2016-08-30 00:00:00,-0.020606000845631432
2016-08-31 00:00:00,0.007153296485056468
2016-09-01 00:00:00,0.027728558010715477
2016-09-02 00:00:00,0.017223726732693782
2016-09-06 00:00:00,-0.004441304957451963
2016-09-07 00:00:00,-0.01732838256538607
2016-09-08 00:00:00,-0.16151083872316585
2016-09-09 00:00:00,0.10118341588270544
2016-09-12 00:00:00,-0.10952743570730819
2016-09-13 00:00:00,-0.014433787786525659
2016-09-14 00:00:00,0.0776905453012474
2016-09-15 00:00:00,-0.03801417946803245
2016-09-16 00:00:00,-0.0015876558980442864
2016-09-19 00:00:00,0.004275538347522672
2016-09-20 00:00:00,0.06891818668380646
2016-09-21 00:00:00,0.03938335887541422
2016-09-22 00:00:00,-0.05258712712400276
2016-09-23 00:00:00,-0.07114098461017314
2016-09-26 00:00:00,0.05738520641109307
2016-09-27 00:00:00,0.04531289859635752
2016-09-28 00:00:00,-0.08141125845217369
2016-09-29 00:00:00,0.06891839761028772
2016-09-30 00:00:00,-0.022201232717785964
2016-10-03 00:00:00,-0.03594535431350036
2016-10-04 00:00:00,0.04711955895675901
2016-10-05 00:00:00,-0.005135578463020768
2016-10-06 00:00:00,-0.01157708725826571
2016-10-07 00:00:00,0.03615058733656378
2016-10-10 00:00:00,-0.0837565448014861
2016-10-11 00:00:00,0.006752101943679131
2016-10-12 00:00:00,-0.019794858451949584
2016-10-13 00:00:00,0.017271975519705288
2016-10-14 00:00:00,-0.022826106810279898
2016-10-17 00:00:00,0.03300222727420671
2016-10-18 00:00:00,0.017331403781549178
2016-10-19 00:00:00,-0.017155151062824107
2016-10-20 00:00:00,-0.007175038340798798
2016-10-21 00:00:00,0.032913980513311236
2016-10-24 00:00:00,-0.022769978928609748
2016-10-25 00:00:00,0.012796004324646022
2016-10-26 00:00:00,-0.012620304610965546
2016-10-27 00:00:00,-0.0036432869184365784
2016-10-28 00:00:00,-0.008101706940683998
2016-10-31 00:00:00,-0.04671983351129696
2016-11-01 00:00:00,-0.03580949956074406
2016-11-02 00:00:00,-0.013729748866194456
2016-11-03 00:00:00,-0.020435635725817594
2016-11-04 00:00:00,0.16623227013885208
2016-11-07 00:00:00,0.029720670003933216
2016-11-08 00:00:00,0.09792032168722524
2016-11-09 00:00:00,0.07622819742256973
2016-11-10 00:00:00,0.013292232988979635
2016-11-11 00:00:00,0.0069561834973640956
2016-11-14 00:00:00,0.017764033563062716
2016-11-15 00:00:00,-0.01794496422941841
2016-11-16 00:00:00,0.011694839952742519
2016-11-17 00:00:00,-0.011764387701880053
2016-11-18 00:00:00,0.028845808443096758
2016-11-21 00:00:00,0.0212923717228058
2016-11-22 00:00:00,0.018428700980155865
2016-11-23 00:00:00,0.021008757647434134
2016-11-25 00:00:00,-0.016486935492922183
2016-11-28 00:00:00,0.00723710620527662
2016-11-29 00:00:00,0.0006024175135030972
2016-11-30 00:00:00,0.02057122395812721
2016-12-01 00:00:00,-0.006428291888375971
2016-12-02 00:00:00,0.013644210372784975
2016-12-05 00:00:00,0.010455972691979258
2016-12-06 00:00:00,0.08357904376582552
2016-12-07 00:00:00,0.017397986432359683
2016-12-08 00:00:00,0.036890012167725035
2016-12-09 00:00:00,0.010041748913132748
2016-12-12 00:00:00,0.02856325794564374
2016-12-13 00:00:00,-0.02954834820690129
2016-12-14 00:00:00,0.01497544576120702
2016-12-15 00:00:00,-0.002200494752952701
2016-12-16 00:00:00,0.009843328653801681
2016-12-19 00:00:00,0.022366195572857427
2016-12-20 00:00:00,-0.007920568904864443
2016-12-21 00:00:00,-0.00563567115567999
2016-12-23 00:00:00,0.0027357478233210925
2016-12-27 00:00:00,-0.02746867133195685
2016-12-28 00:00:00,-0.003482348627922315
2016-12-29 00:00:00,-0.014453672459748932
2016-12-30 00:00:00,0.029888456564689712
2017-01-03 00:00:00,0.014815523846936697
2017-01-04 00:00:00,-0.010493133771654499
2017-01-05 00:00:00,0.0157483698515232
2017-01-06 00:00:00,-0.01868266966644099
2017-01-09 00:00:00,-0.007891120849512781
2017-01-11 00:00:00,-0.015481159063336993
2017-01-12 00:00:00,-0.001300056095246918
2017-01-19 00:00:00,0.024045547552495782
2017-01-20 00:00:00,-0.006887150796014811
2017-01-23 00:00:00,0.028068239853476975
2017-01-24 00:00:00,0.037496083553880524
2017-01-25 00:00:00,0.007624275617169716
2017-01-26 00:00:00,-0.0016730113974267053
2017-01-27 00:00:00,-0.02922217073815718
2017-01-30 00:00:00,-0.02622061845073496
2017-01-31 00:00:00,0.006641922145200108
2017-02-01 00:00:00,-0.0014876611347237581
2017-02-02 00:00:00,0.04503412820501962
2017-02-03 00:00:00,-0.0045047458279741
2017-02-06 00:00:00,0.008939260766532186
2017-02-07 00:00:00,-0.008484122361305487
2017-02-08 00:00:00,0.027596849182066164
2017-02-09 00:00:00,0.022110452857673293
2017-02-10 00:00:00,0.03169377361096115
2017-02-13 00:00:00,0.01995424009869222
2017-02-14 00:00:00,0.022750798266038673
2017-02-15 00:00:00,0.0016545815629899075
2017-02-16 00:00:00,0.0008943762475720814
2017-02-17 00:00:00,0.02453457605978007
2017-02-21 00:00:00,0.006620248165979306
2017-02-22 00:00:00,0.007003127416546429
2017-02-23 00:00:00,0.00229662527680924
2017-02-24 00:00:00,0.0031393647528909635
2017-02-27 00:00:00,-0.005050171341444167
2017-02-28 00:00:00,0.0591554645780142
2017-03-01 00:00:00,-0.021550532836029295
2017-03-02 00:00:00,0.0005300992680032672
2017-03-03 00:00:00,-0.009984802380002114
2017-03-06 00:00:00,-0.00579492332865117
2017-03-07 00:00:00,-0.013655343685380628
2017-03-08 00:00:00,0.0004896515698259631
2017-03-09 00:00:00,0.00887742283312778
2017-03-10 00:00:00,-0.004251390727743939
2017-03-13 00:00:00,-0.008779529743168512
2017-03-14 00:00:00,0.02228548340327887
2017-03-15 00:00:00,-0.003044451716862753
2017-03-16 00:00:00,-0.003916208847507269
2017-03-17 00:00:00,-0.0017259997498076359
2017-03-20 00:00:00,-0.04804141749265845
2017-03-21 00:00:00,-0.0013891387609722933
2017-03-22 00:00:00,-0.000978610011242016
2017-03-23 00:00:00,-0.012492737468507443
2017-03-24 00:00:00,-0.009652364273403687
2017-03-27 00:00:00,0.03141850699523232
2017-03-28 00:00:00,-0.00870523312915062
2017-03-29 00:00:00,0.014236099824612455
2017-03-30 00:00:00,-0.013427932525987746
2017-03-31 00:00:00,-0.0026981928354066014
2017-04-03 00:00:00,0.008072835708343188
2017-04-04 00:00:00,-0.008500856666691592
2017-04-05 00:00:00,0.003069983000623481
2017-04-06 00:00:00,-0.0014197644131914366
2017-04-07 00:00:00,0.0003981584154573399
2017-04-10 00:00:00,-0.0013940457211007718
2017-04-11 00:00:00,-0.0124186458406242
2017-04-12 00:00:00,-0.029572151711315466
2017-04-13 00:00:00,0.03900042497070751
2017-04-17 00:00:00,-0.023950467681904165
2017-04-18 00:00:00,-0.02566427541934727
2017-04-19 00:00:00,0.03741851067099223
2017-04-20 00:00:00,-0.006546128712253581
2017-04-21 00:00:00,0.04484076748772003
2017-04-24 00:00:00,0.04604000100450158
2017-04-25 00:00:00,-0.004082928024823501
2017-04-26 00:00:00,0.0012133085271725944
2017-04-27 00:00:00,-0.007963635762014979
2017-04-28 00:00:00,-0.005312108646663481
2017-05-01 00:00:00,0.007147841247285705
2017-05-02 00:00:00,0.0015647618516071967
2017-05-03 00:00:00,-0.0012558890248796683
2017-05-04 00:00:00,0.010782982178881677
2017-05-05 00:00:00,0.0010319427028520577
2017-05-08 00:00:00,-0.007075078175172341
2017-05-09 00:00:00,-0.006375399152632685
2017-05-10 00:00:00,-0.004648453160237733
2017-05-11 00:00:00,-0.0044965036836241215
2017-05-12 00:00:00,0.01671794348335502
2017-05-15 00:00:00,-0.0004254842892052228
2017-05-16 00:00:00,-0.07522683018082126
2017-05-17 00:00:00,0.011685710650127946
2017-05-18 00:00:00,0.02895158669168367
2017-05-19 00:00:00,0.017945480163326484
2017-05-22 00:00:00,0.008478184899946077
2017-05-23 00:00:00,0.014496004618348919
2017-05-24 00:00:00,0.01353066834793444
2017-05-25 00:00:00,-0.0005088900189798412
2017-05-26 00:00:00,-0.009733858099775837
2017-05-30 00:00:00,-0.0040162643548433095
2017-05-31 00:00:00,0.02585909515499307
2017-06-01 00:00:00,0.01163070774229223
2017-06-02 00:00:00,-0.004151040265128337
2017-06-05 00:00:00,-0.008978064156079968
2017-06-06 00:00:00,0.007041316202043845
2017-06-07 00:00:00,0.0016544553058035199
2017-06-08 00:00:00,0.016587575781319176
2017-06-09 00:00:00,-0.006699111176261737
2017-06-12 00:00:00,0.01703740608287388
2017-06-13 00:00:00,0.008355013911260029
2017-06-14 00:00:00,-0.002649981456405912
2017-06-15 00:00:00,0.004402887549003955
2017-06-16 00:00:00,0.025743458923098737
2017-06-19 00:00:00,-0.01092179073791723
2017-06-20 00:00:00,-0.010192113619459911
2017-06-21 00:00:00,-0.0022878691445135783
2017-06-22 00:00:00,-0.00045483017117466524
2017-06-23 00:00:00,0.0026568627823697144
2017-06-26 00:00:00,-0.01789906735900664
2017-06-27 00:00:00,0.02594956385081933
2017-06-28 00:00:00,-0.030274564166111583
2017-06-29 00:00:00,0.01141694183474173
2017-06-30 00:00:00,0.023236297358547525
2017-07-03 00:00:00,-0.00019483950536061412
2017-07-05 00:00:00,-0.02842201183706355
2017-07-06 00:00:00,0.017046413332947607
2017-07-07 00:00:00,-0.0010437449057497346
2017-07-10 00:00:00,9.881729810431767e-05
2017-07-11 00:00:00,0.021839070772846938
2017-07-12 00:00:00,0.0036704368677855
2017-07-13 00:00:00,0.014695592081134901
2017-07-14 00:00:00,-0.0013829936142986938
2017-07-17 00:00:00,-0.009535116396706395
2017-07-18 00:00:00,0.011436660503255897
2017-07-19 00:00:00,-0.005002540241816361
2017-07-20 00:00:00,-0.005504213880199934
2017-07-21 00:00:00,-0.011713277344763314
2017-07-24 00:00:00,0.017503147069046966
2017-07-25 00:00:00,0.016746110538178968
2017-07-26 00:00:00,0.01445285736580133
2017-07-27 00:00:00,0.005646993929438637
2017-07-28 00:00:00,0.010091691760401856
2017-07-31 00:00:00,0.011949456101040142
2017-08-01 00:00:00,0.008500472283056221
2017-08-02 00:00:00,0.0015937912414206456
2017-08-03 00:00:00,0.010717750621242987
2017-08-04 00:00:00,0.004084070049569131
2017-08-07 00:00:00,-0.0052786141468739705
2017-08-08 00:00:00,-0.005879482391883263
2017-08-09 00:00:00,-0.03349673247462475
2017-08-10 00:00:00,0.0023787051273117107
2017-08-11 00:00:00,0.022229035796047604
2017-08-14 00:00:00,0.0008568482954259757
2017-08-15 00:00:00,0.004189649738569772
2017-08-16 00:00:00,-0.045299367567886245
2017-08-17 00:00:00,-0.012968254548621019
2017-08-18 00:00:00,0.004994861063641556
2017-08-21 00:00:00,0.03287514302615696
2017-08-22 00:00:00,-0.014582838311427608
2017-08-23 00:00:00,-0.004811503505601207
2017-08-24 00:00:00,0.005075826703990558
2017-08-25 00:00:00,-0.0008817851600033627
2017-08-28 00:00:00,0.00949196697778985
2017-08-29 00:00:00,0.004477380071341988
2017-08-30 00:00:00,0.00914846077388127
2017-08-31 00:00:00,0.006434455588213447
2017-09-01 00:00:00,-0.03881766523580644
2017-09-05 00:00:00,0.00913820104036038
2017-09-06 00:00:00,-0.0038350542847689433
2017-09-07 00:00:00,0.0021842291470527647
2017-09-08 00:00:00,0.042612768921236346
2017-09-11 00:00:00,0.009833702019610749
2017-09-12 00:00:00,0.006237908564419818
2017-09-13 00:00:00,0.007138760351719504
2017-09-14 00:00:00,0.010133008804887716
2017-09-15 00:00:00,0.009746682953294531
2017-09-18 00:00:00,0.0060545066419232475
2017-09-19 00:00:00,0.006373568969290312
2017-09-20 00:00:00,-0.008145450032416787
2017-09-21 00:00:00,-0.0014787698036010217
2017-09-22 00:00:00,-0.00824631175340598
2017-09-25 00:00:00,-0.0018232779443512898
2017-09-26 00:00:00,0.008705722392466825
2017-09-27 00:00:00,0.0062042638259825105
2017-09-28 00:00:00,0.003642928069117213
2017-09-29 00:00:00,0.022947606099953853
2017-10-02 00:00:00,0.012428175562084474
2017-10-03 00:00:00,0.002929717759752486
2017-10-04 00:00:00,0.01652549223708402
2017-10-05 00:00:00,-0.00024795863342688413
2017-10-06 00:00:00,-0.0018175185006324456
2017-10-09 00:00:00,0.01000025096212386
2017-10-10 00:00:00,0.006015773504992318
2017-10-11 00:00:00,-0.004540214451326147
2017-10-12 00:00:00,0.004373967443474522
2017-10-13 00:00:00,0.012040939885857914
2017-10-16 00:00:00,0.005667571520495601
2017-10-17 00:00:00,0.022114939548188516
2017-10-18 00:00:00,0.0007425607311385898
2017-10-19 00:00:00,0.022345646325616416
2017-10-20 00:00:00,-0.007322313866641966
2017-10-23 00:00:00,0.022306275310769428
2017-10-24 00:00:00,-0.014873195508956816
2017-10-25 00:00:00,0.009481801736059387
2017-10-26 00:00:00,0.004395682493821251
2017-10-27 00:00:00,-0.011308296146282506
2017-10-30 00:00:00,0.0037859027809200225
2017-10-31 00:00:00,0.007630335742761227
2017-11-01 00:00:00,0.010634108855989064
2017-11-02 00:00:00,0.0029807209586595086
2017-11-03 00:00:00,0.0011974015884958255
2017-11-06 00:00:00,0.0011415922990300697
2017-11-07 00:00:00,0.000793361207274746
2017-11-08 00:00:00,-0.01321004738670741
2017-11-09 00:00:00,-0.005222623313622595
2017-11-10 00:00:00,0.0023023323973019633
2017-11-13 00:00:00,-0.003982928172251217
2017-11-14 00:00:00,-0.01841297842377819
2017-11-15 00:00:00,0.02484668494156204
2017-11-16 00:00:00,-0.013220302650502058
2017-11-17 00:00:00,0.009536736025932527
2017-11-20 00:00:00,0.020911381290496224
2017-11-21 00:00:00,-0.008370710189584988
2017-11-22 00:00:00,0.00412747685391495
2017-11-24 00:00:00,0.002946483762989146
2017-11-27 00:00:00,0.03250752161636586
2017-11-28 00:00:00,0.01290971279189204
2017-11-29 00:00:00,0.040103482673011503
2017-11-30 00:00:00,-0.00484261062495855
2017-12-01 00:00:00,0.006938380511933658
2017-12-04 00:00:00,-0.013024750680385024
2017-12-05 00:00:00,-0.004772024355835074
2017-12-06 00:00:00,0.008460561071650812
2017-12-07 00:00:00,0.013951142009756489
2017-12-08 00:00:00,0.006672816832672829
2017-12-11 00:00:00,0.013794238043015397
2017-12-12 00:00:00,0.009257051388438358
2017-12-13 00:00:00,-0.008811996137832383
2017-12-14 00:00:00,0.016361450064414966
2017-12-15 00:00:00,0.015805473597064648
2017-12-18 00:00:00,-0.004189697058491975
2017-12-19 00:00:00,-0.003155260411650171
2017-12-20 00:00:00,0.006237948229348313
2017-12-21 00:00:00,-0.0031599863782238464
2017-12-22 00:00:00,-0.0008804865611367442
2017-12-26 00:00:00,0.003147252823558739
2017-12-27 00:00:00,0.007046070194865485
2017-12-28 00:00:00,-0.0132267330071271
2017-12-29 00:00:00,0.011726016648107468
2018-01-02 00:00:00,0.010916987172291186
2018-01-03 00:00:00,0.016636530389020392
2018-01-04 00:00:00,0.023608343238549226
2018-01-05 00:00:00,-0.0013611831188956572
2018-01-08 00:00:00,0.010821985220573918
2018-01-09 00:00:00,-0.0017469301124786295
2018-01-10 00:00:00,0.02133548244716567
2018-01-11 00:00:00,0.023185650793063624
2018-01-12 00:00:00,-0.0010368473138972897
2018-01-16 00:00:00,0.03190157015912943
2018-01-17 00:00:00,-0.00956251808503778
2018-01-18 00:00:00,0.005280294310860444
2018-01-19 00:00:00,0.01386105206160162
2018-01-22 00:00:00,-0.00036511750870954967
2018-01-23 00:00:00,0.003973356736503317
2018-01-24 00:00:00,0.013413432514679184
2018-01-25 00:00:00,0.020987486244565364
2018-01-26 00:00:00,-0.016574753406328677
2018-01-29 00:00:00,-0.03479054452857271
2018-01-30 00:00:00,0.007053871457913916
2018-01-31 00:00:00,0.003611764816101906
2018-02-01 00:00:00,-0.06647466267496448
2018-02-02 00:00:00,-0.1293482132399961
2018-02-05 00:00:00,0.06449884340299394
2018-02-06 00:00:00,-0.0021415877679058655
2018-02-07 00:00:00,-0.12106860577424376
2018-02-08 00:00:00,0.04034908481935034
2018-02-09 00:00:00,0.047943729410999315
2018-02-12 00:00:00,0.004459437929713211
2018-02-13 00:00:00,0.02833187793766455
2018-02-14 00:00:00,0.03331648286187424
2018-02-15 00:00:00,0.002027956041069741
2018-02-16 00:00:00,-0.02750854557273379
