Date,NASDAQ
2010-02-23 00:00:00,-0.012016581434976527
2010-02-24 00:00:00,0.0009038140440333475
2010-02-25 00:00:00,-0.0021749493688816416
2010-02-26 00:00:00,-0.01921320466790961
2010-03-01 00:00:00,-0.003974462130287832
2010-03-02 00:00:00,6.073065732461773e-05
2010-03-03 00:00:00,-0.006435183786200694
2010-03-04 00:00:00,-0.019076580068227426
2010-03-05 00:00:00,-0.003320992463845616
2010-03-08 00:00:00,-0.004819809604387949
2010-03-09 00:00:00,-0.010476275127518501
2010-03-10 00:00:00,-0.005496912739938338
2010-03-11 00:00:00,0.00046360484690137043
2010-03-12 00:00:00,0.0031523802760709554
2010-03-15 00:00:00,-0.009166616702229746
2010-03-16 00:00:00,-0.006478755135200822
2010-03-17 00:00:00,-0.001285487554696941
2010-03-18 00:00:00,0.009860293258622019
2010-03-19 00:00:00,-0.012283131762960456
2010-03-22 00:00:00,-0.011750586947534064
2010-03-23 00:00:00,0.009770199985316442
2010-03-24 00:00:00,0.0007961947679327588
2010-03-25 00:00:00,0.0013431663988202158
2010-03-26 00:00:00,-0.005448697389897157
2010-03-29 00:00:00,-0.0037538018879319573
2010-03-30 00:00:00,0.007535028401498744
2010-03-31 00:00:00,-0.002728143667216987
2010-04-01 00:00:00,-0.01606380144268132
2010-04-05 00:00:00,-0.004383974469151087
2010-04-06 00:00:00,0.003404140688748998
2010-04-07 00:00:00,-0.0034041406887490512
2010-04-08 00:00:00,-0.010459076819141135
2010-04-09 00:00:00,-0.002332421072781577
2010-04-12 00:00:00,-0.004975901007990633
2010-04-13 00:00:00,-0.02416890276802277
2010-04-14 00:00:00,-0.006839209957972273
2010-04-15 00:00:00,0.0215829666643302
2010-04-16 00:00:00,0.0007128581807237363
2010-04-19 00:00:00,-0.012597084220046453
2010-04-20 00:00:00,-0.002702202779137562
2010-04-21 00:00:00,-0.009140754398276546
2010-04-22 00:00:00,-0.00706101202096426
2010-04-23 00:00:00,0.00459408941485128
2010-04-26 00:00:00,0.0322470422931131
2010-04-27 00:00:00,-0.00016028436617965096
2010-04-28 00:00:00,-0.025089481678402328
2010-04-29 00:00:00,0.03156646217410248
2010-04-30 00:00:00,-0.023269025040817914
2010-05-03 00:00:00,0.04564352049038671
2010-05-04 00:00:00,0.013067677756975286
2010-05-05 00:00:00,0.04770627294310181
2010-05-06 00:00:00,0.029983370175280542
2010-05-07 00:00:00,-0.06149259197370012
2010-05-10 00:00:00,-0.00037243616246503423
2010-05-11 00:00:00,-0.02935362064910855
2010-05-12 00:00:00,0.018206203701848507
2010-05-13 00:00:00,0.027573061624839183
2010-05-14 00:00:00,-0.004233451588945288
2010-05-17 00:00:00,0.02103000013157257
2010-05-18 00:00:00,0.010576994584778893
2010-05-19 00:00:00,0.05122197055919895
2010-05-20 00:00:00,-0.013333559568518437
2010-05-21 00:00:00,0.00827250167182711
2010-05-24 00:00:00,0.00138191145896452
2010-05-25 00:00:00,0.007972112099763643
2010-05-26 00:00:00,-0.04405685357526043
2010-05-27 00:00:00,0.011300900014982723
2010-05-28 00:00:00,0.018721318997094605
2010-06-01 00:00:00,-0.03189068265078157
2010-06-02 00:00:00,-0.012188461552528092
2010-06-03 00:00:00,0.0457663399725684
2010-06-04 00:00:00,0.023862141784045752
2010-06-07 00:00:00,0.0017329006929283671
2010-06-08 00:00:00,0.006075491359407602
2010-06-09 00:00:00,-0.03142519947916799
2010-06-10 00:00:00,-0.013363183252572693
2010-06-11 00:00:00,-0.00019452126356007526
2010-06-14 00:00:00,-0.034046674005447475
2010-06-15 00:00:00,-2.7993673449165948e-05
2010-06-16 00:00:00,-0.0006882053579153418
2010-06-17 00:00:00,-0.0014788257261550764
2010-06-18 00:00:00,0.011542031260163807
2010-06-21 00:00:00,0.015008595761655872
2010-06-22 00:00:00,0.00412368031692079
2010-06-23 00:00:00,0.0198128569891141
2010-06-24 00:00:00,-0.003234926711393002
2010-06-25 00:00:00,0.0015120297661323058
2010-06-28 00:00:00,0.04461924565760194
2010-06-29 00:00:00,0.01315723291855049
2010-06-30 00:00:00,0.003962785953790104
2010-07-01 00:00:00,0.00479175620003512
2010-07-02 00:00:00,-0.0010444321528891155
2010-07-06 00:00:00,-0.033346665069524876
2010-07-07 00:00:00,-0.008269587134620152
2010-07-08 00:00:00,-0.01103350999855116
2010-07-09 00:00:00,-0.0010072707567945827
2010-07-12 00:00:00,-0.02330935627487218
2010-07-13 00:00:00,-0.004226598977688916
2010-07-14 00:00:00,0.0004120829704185558
2010-07-15 00:00:00,0.03726011020642423
2010-07-16 00:00:00,-0.010067586643644532
2010-07-19 00:00:00,-0.012881053276935893
2010-07-20 00:00:00,0.018614862458239793
2010-07-21 00:00:00,-0.031198441161693107
2010-07-22 00:00:00,-0.012842704145048362
2010-07-23 00:00:00,-0.01488850976656371
2010-07-26 00:00:00,0.0045407990075267005
2010-07-27 00:00:00,0.013035485805696093
2010-07-28 00:00:00,0.0070112405029777655
2010-07-29 00:00:00,-0.0016353614584337902
2010-07-30 00:00:00,-0.022357115167846445
2010-08-02 00:00:00,0.006562053046620028
2010-08-03 00:00:00,-0.01113761922376952
2010-08-04 00:00:00,0.005853681039438659
2010-08-05 00:00:00,0.0025457957548561945
2010-08-06 00:00:00,-0.009584330696358941
2010-08-09 00:00:00,0.015824185810476864
2010-08-10 00:00:00,0.037035422514171475
2010-08-11 00:00:00,0.009692119406837639
2010-08-12 00:00:00,0.008781925871733588
2010-08-13 00:00:00,-0.004378768686024836
2010-08-16 00:00:00,-0.014525075273474316
2010-08-17 00:00:00,-0.003327665896608493
2010-08-18 00:00:00,0.01937893686634779
2010-08-19 00:00:00,-0.00042313587551989697
2010-08-20 00:00:00,0.010462314103887845
2010-08-23 00:00:00,0.0183757403293639
2010-08-24 00:00:00,-0.009066310257079085
2010-08-25 00:00:00,0.01163662607172458
2010-08-26 00:00:00,-0.017848709204832596
2010-08-27 00:00:00,0.017200409956282997
2010-08-30 00:00:00,0.003004870054147823
2010-08-31 00:00:00,-0.0322405539189892
2010-09-01 00:00:00,-0.012160616429650793
2010-09-02 00:00:00,-0.017976994894561654
2010-09-03 00:00:00,0.013276952407784638
2010-09-07 00:00:00,-0.010656827590108685
2010-09-08 00:00:00,-0.00393815459431957
2010-09-09 00:00:00,-0.0033864983778854624
2010-09-10 00:00:00,-0.023628194562672254
2010-09-13 00:00:00,-0.0022480543439669094
2010-09-14 00:00:00,-0.006423038107289898
2010-09-15 00:00:00,-0.0010772788050751204
2010-09-16 00:00:00,-0.006927006574554695
2010-09-17 00:00:00,-0.022878561578803237
2010-09-20 00:00:00,0.0037216003227537138
2010-09-21 00:00:00,0.008448419907543286
2010-09-22 00:00:00,0.004237186462387159
2010-09-23 00:00:00,-0.031124133928914912
2010-09-24 00:00:00,0.0066636436473006
2010-09-27 00:00:00,-0.005712369315291806
2010-09-28 00:00:00,0.001766062346920365
2010-09-29 00:00:00,0.0046130805107887606
2010-09-30 00:00:00,-0.0012353680013282987
2010-10-01 00:00:00,0.015108520578711074
2010-10-04 00:00:00,-0.032129923813765046
2010-10-05 00:00:00,0.011253332178134231
2010-10-06 00:00:00,-0.0017585862826620124
2010-10-07 00:00:00,-0.010723306575010963
2010-10-08 00:00:00,-0.00024837597392451987
2010-10-11 00:00:00,-0.009259627854265998
2010-10-12 00:00:00,-0.014007008899809652
2010-10-13 00:00:00,0.0035338057176732547
2010-10-14 00:00:00,-0.02033948014824969
2010-10-15 00:00:00,-0.007343741865973668
2010-10-18 00:00:00,0.02673603312026851
2010-10-19 00:00:00,-0.012413557811860066
2010-10-20 00:00:00,-0.0013943059341412823
2010-10-21 00:00:00,-0.012141169877656217
2010-10-22 00:00:00,-0.007124129507792302
2010-10-25 00:00:00,-0.004025715606504461
2010-10-26 00:00:00,-0.003746460603542164
2010-10-27 00:00:00,-0.002587483613619616
2010-10-28 00:00:00,-2.5085364868487655e-05
2010-10-29 00:00:00,0.001618636060167622
2010-11-01 00:00:00,-0.018214689778628477
2010-11-02 00:00:00,-0.004335606239392909
2010-11-03 00:00:00,-0.024151557135293707
2010-11-04 00:00:00,-0.0010819991809909327
2010-11-05 00:00:00,-0.0007066622348315852
2010-11-08 00:00:00,0.011213766823289917
2010-11-09 00:00:00,-0.010375114421566495
2010-11-10 00:00:00,0.0152365429690195
2010-11-11 00:00:00,0.023965347123168786
2010-11-12 00:00:00,0.002782362966876333
2010-11-15 00:00:00,0.027455871093550046
2010-11-16 00:00:00,-0.003806605574020937
2010-11-17 00:00:00,-0.024016327318551006
2010-11-18 00:00:00,-0.0023582793748835257
2010-11-19 00:00:00,-0.008860818869175542
2010-11-22 00:00:00,0.02345886632176736
2010-11-23 00:00:00,-0.030591704014640092
2010-11-24 00:00:00,0.005505111299028466
2010-11-26 00:00:00,0.005972387258314673
2010-11-29 00:00:00,0.017060571180374972
2010-11-30 00:00:00,-0.03261550518087178
2010-12-01 00:00:00,-0.019564175567504546
2010-12-02 00:00:00,-0.008028496366152266
2010-12-03 00:00:00,-0.0023057451879118646
2010-12-06 00:00:00,-0.0023847074466100313
2010-12-07 00:00:00,-0.0071613010051672695
2010-12-08 00:00:00,-0.005071401085335254
2010-12-09 00:00:00,-0.014229850669511858
2010-12-10 00:00:00,0.008635753429772696
2010-12-13 00:00:00,-0.0019149164351695313
2010-12-14 00:00:00,0.007136560737126477
2010-12-15 00:00:00,-0.013699482190182265
2010-12-16 00:00:00,-0.0038936365573154683
2010-12-17 00:00:00,-0.004552720072781274
2010-12-20 00:00:00,-0.0125769480877893
2010-12-21 00:00:00,-0.0027171738422623825
2010-12-22 00:00:00,0.004125563921512387
2010-12-23 00:00:00,-0.0011699555910679397
2010-12-27 00:00:00,0.0030728256193242056
2010-12-28 00:00:00,-0.002834447267747833
2010-12-29 00:00:00,0.0027644906169317445
2010-12-30 00:00:00,0.0070410684065643605
2010-12-31 00:00:00,-0.027189701585341758
2011-01-03 00:00:00,0.0072972517070753005
2011-01-04 00:00:00,-0.01494266820437075
2011-01-05 00:00:00,-0.0055414031888760575
2011-01-06 00:00:00,0.0048441281896448906
2011-01-07 00:00:00,-0.003335137027063119
2011-01-10 00:00:00,-0.006536616044734481
2011-01-11 00:00:00,-0.014999991334974967
2011-01-12 00:00:00,0.0015028322929344883
2011-01-13 00:00:00,-0.0148392302135276
2011-01-14 00:00:00,-0.007913380741747111
2011-01-18 00:00:00,0.030035598839845353
2011-01-19 00:00:00,0.015280109648895363
2011-01-20 00:00:00,0.01055950983442589
2011-01-21 00:00:00,-0.020148461443437116
2011-01-24 00:00:00,-0.0012359927453345536
2011-01-25 00:00:00,-0.014841981128785901
2011-01-26 00:00:00,-0.011720445033770286
2011-01-27 00:00:00,0.04983235673945631
2011-01-28 00:00:00,-0.009419691446523043
2011-01-31 00:00:00,-0.03736158383017736
2011-02-01 00:00:00,0.0012132532629785021
2011-02-02 00:00:00,-0.0032188200648418292
2011-02-03 00:00:00,-0.011575238491428089
2011-02-04 00:00:00,-0.011153123857026654
2011-02-07 00:00:00,-0.010021206087687917
2011-02-08 00:00:00,0.006135100835747113
2011-02-09 00:00:00,-0.0010581819126984889
2011-02-10 00:00:00,-0.014677629324870939
2011-02-11 00:00:00,-0.006044698848815775
2011-02-14 00:00:00,0.009999890470220157
2011-02-15 00:00:00,-0.01658597696534287
2011-02-16 00:00:00,-0.0047581533769609835
2011-02-17 00:00:00,-0.001879348446551323
2011-02-18 00:00:00,0.059721064412105035
2011-02-22 00:00:00,0.024689768289062552
2011-02-23 00:00:00,-0.010936515850272673
2011-02-24 00:00:00,-0.03234202725115566
2011-02-25 00:00:00,-0.0009297758440744783
2011-02-28 00:00:00,0.03363312114739492
2011-03-01 00:00:00,-0.007890414204099762
2011-03-02 00:00:00,-0.03838031275658985
2011-03-03 00:00:00,0.010806042940816248
2011-03-04 00:00:00,0.029385943782968542
2011-03-07 00:00:00,-0.015051879919115996
2011-03-08 00:00:00,0.010524256390564953
2011-03-09 00:00:00,0.03708179258254144
2011-03-10 00:00:00,-0.0105309730299117
2011-03-11 00:00:00,0.010566907682906341
2011-03-14 00:00:00,0.023865591334414342
2011-03-15 00:00:00,0.03479725367742153
2011-03-16 00:00:00,-0.01310553868227817
2011-03-17 00:00:00,-0.005240952885161377
2011-03-18 00:00:00,-0.03396104369160823
2011-03-21 00:00:00,0.005847229349936642
2011-03-22 00:00:00,-0.010287432757008575
2011-03-23 00:00:00,-0.027696850454504554
2011-03-24 00:00:00,-0.004903979061728784
2011-03-25 00:00:00,0.009123873548691477
2011-03-28 00:00:00,-0.01941556484910273
2011-03-29 00:00:00,-0.01499737824055848
2011-03-30 00:00:00,-0.0032551661573016226
2011-03-31 00:00:00,-0.006519269323743741
2011-04-01 00:00:00,0.0003144463947587486
2011-04-04 00:00:00,-0.0015342330007320193
2011-04-05 00:00:00,-0.00664743932072089
2011-04-06 00:00:00,0.0028400963477002196
2011-04-07 00:00:00,0.012041548992500144
2011-04-08 00:00:00,0.006761185724215376
2011-04-11 00:00:00,0.02000628884677588
2011-04-12 00:00:00,-0.012479465818058456
2011-04-13 00:00:00,0.0009753515023652684
2011-04-14 00:00:00,-0.003327430259481978
2011-04-15 00:00:00,0.021783067021818394
2011-04-18 00:00:00,-0.007084914776293747
2011-04-19 00:00:00,-0.04359674728818591
2011-04-20 00:00:00,-0.013762987276567221
2011-04-21 00:00:00,-0.004501251998286429
2011-04-25 00:00:00,-0.017231187711571273
2011-04-26 00:00:00,-0.018088510089585626
2011-04-27 00:00:00,-0.002167688502893938
2011-04-28 00:00:00,-0.0008273765166357828
2011-04-29 00:00:00,0.007722688146074673
2011-05-02 00:00:00,0.01809989262124091
2011-05-03 00:00:00,0.010636917304667762
2011-05-04 00:00:00,0.010618686813913874
2011-05-05 00:00:00,-0.010089472354233863
2011-05-06 00:00:00,-0.01246864403479729
2011-05-09 00:00:00,-0.023168661773952125
2011-05-10 00:00:00,0.021720171812343852
2011-05-11 00:00:00,-0.01450347664623752
2011-05-12 00:00:00,0.027701743421861765
2011-05-13 00:00:00,0.03583161643502492
2011-05-16 00:00:00,-0.0006864172460782143
2011-05-17 00:00:00,-0.024555818185094225
2011-05-18 00:00:00,-0.006519669101737525
2011-05-19 00:00:00,0.01561191036576738
2011-05-20 00:00:00,0.03384295872862011
2011-05-23 00:00:00,0.00949871380147673
2011-05-24 00:00:00,-0.011358281777826659
2011-05-25 00:00:00,-0.01629852964506651
2011-05-26 00:00:00,-0.010691385838586644
2011-05-27 00:00:00,-0.03008769664826319
2011-05-31 00:00:00,0.05119868884335129
2011-06-01 00:00:00,-0.0031153490992810954
2011-06-02 00:00:00,0.03023216749278094
2011-06-03 00:00:00,0.021961424446660466
2011-06-06 00:00:00,0.0007185389309039734
2011-06-07 00:00:00,0.018630095937658183
2011-06-08 00:00:00,-0.006713318007717236
2011-06-09 00:00:00,0.028781917403067857
2011-06-10 00:00:00,0.0027822767013552414
2011-06-13 00:00:00,-0.027208492229191642
2011-06-14 00:00:00,0.032852445020556634
2011-06-15 00:00:00,0.005292636808283111
2011-06-16 00:00:00,0.004899279216436052
2011-06-17 00:00:00,-0.00896171307186736
2011-06-20 00:00:00,-0.04013606941251865
2011-06-21 00:00:00,0.012765594701511321
2011-06-22 00:00:00,-0.012403054503169031
2011-06-23 00:00:00,0.02378006687342913
2011-06-24 00:00:00,-0.024868081301561637
2011-06-27 00:00:00,-0.029627205483748812
2011-06-28 00:00:00,-0.008227400910379143
2011-06-29 00:00:00,-0.024710126834391565
2011-06-30 00:00:00,-0.032728148167993715
2011-07-01 00:00:00,-0.0076520104489365215
2011-07-05 00:00:00,-0.0065275512241282545
2011-07-06 00:00:00,-0.031152840125435146
2011-07-07 00:00:00,0.01046808206716452
2011-07-08 00:00:00,0.04530462787014039
2011-07-11 00:00:00,0.015912802467085055
2011-07-12 00:00:00,-0.011507709431795705
2011-07-13 00:00:00,0.02606735670277596
2011-07-14 00:00:00,-0.02059225776441879
2011-07-15 00:00:00,0.018757370470251635
2011-07-18 00:00:00,-0.04732153721122621
2011-07-19 00:00:00,0.009651447439688996
2011-07-20 00:00:00,-0.015912786170418178
2011-07-21 00:00:00,-0.019565455894204324
2011-07-22 00:00:00,0.0128968556904896
2011-07-25 00:00:00,0.002267729752407251
2011-07-26 00:00:00,0.05822461216757915
2011-07-27 00:00:00,-0.00109915881508657
2011-07-28 00:00:00,0.007407483403108598
2011-07-29 00:00:00,0.008762035753553271
2011-08-01 00:00:00,0.05435972063133178
2011-08-02 00:00:00,-0.016869840931398775
2011-08-03 00:00:00,0.09310747484677821
2011-08-04 00:00:00,0.015477522672283297
2011-08-05 00:00:00,0.10607223578691984
2011-08-08 00:00:00,-0.0746193282773167
2011-08-09 00:00:00,0.061072342432224085
2011-08-10 00:00:00,-0.06739790307812657
2011-08-11 00:00:00,-0.009601952252097886
2011-08-12 00:00:00,-0.030229211888903724
2011-08-15 00:00:00,0.02042596448233199
2011-08-16 00:00:00,0.007593710778876264
2011-08-17 00:00:00,0.07957139137402093
2011-08-18 00:00:00,0.022273225004109366
2011-08-19 00:00:00,-0.0020225521026927848
2011-08-22 00:00:00,-0.05930891167041817
2011-08-23 00:00:00,-0.013214137127988232
2011-08-24 00:00:00,0.029127368014692085
2011-08-25 00:00:00,-0.03663365846535072
2011-08-26 00:00:00,-0.0523137917654691
2011-08-29 00:00:00,-0.009182421224698138
2011-08-30 00:00:00,-0.0022096844346647542
2011-08-31 00:00:00,0.021829355682472868
2011-09-01 00:00:00,0.04157909795543847
2011-09-02 00:00:00,0.004020558281731939
2011-09-06 00:00:00,-0.047475058432586405
2011-09-07 00:00:00,0.012735506698665869
2011-09-08 00:00:00,0.03833818812686084
2011-09-09 00:00:00,-0.01680944013060019
2011-09-12 00:00:00,-0.023454380079164176
2011-09-13 00:00:00,-0.026211140713283346
2011-09-14 00:00:00,-0.022953711173365997
2011-09-15 00:00:00,-0.010303765811747861
2011-09-16 00:00:00,0.006421889806907736
2011-09-19 00:00:00,0.015138682661852362
2011-09-20 00:00:00,0.034032750726458796
2011-09-21 00:00:00,0.051688474574234936
2011-09-22 00:00:00,-0.01696750933796111
2011-09-23 00:00:00,-0.020994423952785057
2011-09-26 00:00:00,-0.019296298638265826
2011-09-27 00:00:00,0.035092588585581196
2011-09-28 00:00:00,0.00673058464817415
2011-09-29 00:00:00,0.03972107390408242
2011-09-30 00:00:00,0.04631939669906039
2011-10-03 00:00:00,-0.040035557403508996
2011-10-04 00:00:00,-0.03352891867541013
2011-10-05 00:00:00,-0.028764062703243255
2011-10-06 00:00:00,0.017161772257376962
2011-10-07 00:00:00,-0.05519919148713772
2011-10-10 00:00:00,-0.011176794751464433
2011-10-11 00:00:00,-0.014467916900379277
2011-10-12 00:00:00,-0.01047071864621288
2011-10-13 00:00:00,-0.03284366717238431
2011-10-14 00:00:00,0.0364475814481249
2011-10-17 00:00:00,-0.029166489483901152
2011-10-18 00:00:00,0.03649653173668981
2011-10-19 00:00:00,0.003631581013395412
2011-10-20 00:00:00,-0.026320535674941532
2011-10-21 00:00:00,-0.043491714081156756
2011-10-24 00:00:00,0.042832324651640455
2011-10-25 00:00:00,-0.008452825183537379
2011-10-26 00:00:00,-0.06288863305644006
2011-10-27 00:00:00,0.0010915254900381128
2011-10-28 00:00:00,0.03813929153853455
2011-10-31 00:00:00,0.05349703166586511
2011-11-01 00:00:00,-0.022458909968036636
2011-11-02 00:00:00,-0.040706114621137976
2011-11-03 00:00:00,0.00843263718499262
2011-11-04 00:00:00,-0.006485855369835135
2011-11-07 00:00:00,-0.023322755792176866
2011-11-08 00:00:00,0.07461171355868193
2011-11-09 00:00:00,-0.00238034909561402
2011-11-10 00:00:00,-0.03717950433383024
2011-11-11 00:00:00,0.015100727110771492
2011-11-14 00:00:00,-0.020379532388632163
2011-11-15 00:00:00,0.03256342065813925
2011-11-16 00:00:00,0.034882627796670056
2011-11-17 00:00:00,0.010234447944012678
2011-11-18 00:00:00,0.031931303305710854
2011-11-21 00:00:00,0.0011834485685294858
2011-11-22 00:00:00,0.038180805125309504
2011-11-23 00:00:00,0.011302807705612978
2011-11-25 00:00:00,-0.053344848260488346
2011-11-28 00:00:00,0.007523864296578806
2011-11-29 00:00:00,-0.06872986922980384
2011-11-30 00:00:00,-0.003984942702186168
2011-12-01 00:00:00,-0.0004975306206256961
2011-12-02 00:00:00,-0.01985022384874775
2011-12-05 00:00:00,0.004302202552539081
2011-12-06 00:00:00,0.00024238498629850516
2011-12-07 00:00:00,0.035918789607434956
2011-12-08 00:00:00,-0.034286505506789876
2011-12-09 00:00:00,0.023624688608949916
2011-12-12 00:00:00,0.022023460657552212
2011-12-13 00:00:00,0.026042788583892487
2011-12-14 00:00:00,-0.001094192075722763
2011-12-15 00:00:00,-0.009265101952295261
2011-12-16 00:00:00,0.020707973503962075
2011-12-19 00:00:00,-0.052673793441571866
2011-12-20 00:00:00,0.017140356840895578
2011-12-21 00:00:00,-0.014272054910601926
2011-12-22 00:00:00,-0.012925065121165822
2011-12-23 00:00:00,-0.0044570128967583965
2011-12-27 00:00:00,0.023699379464268498
2011-12-28 00:00:00,-0.01592620309720641
2011-12-29 00:00:00,0.005787205214652025
2011-12-30 00:00:00,-0.029705575033950708
2012-01-03 00:00:00,0.0002490006607724916
2012-01-04 00:00:00,-0.014986377715040508
2012-01-05 00:00:00,-0.0030665863763169295
2012-01-06 00:00:00,-0.0016498282150603975
2012-01-09 00:00:00,-0.018473067894306177
2012-01-10 00:00:00,-0.005954709420791817
2012-01-11 00:00:00,-0.010130539823217922
2012-01-12 00:00:00,0.010195676634152809
2012-01-13 00:00:00,-0.012667645617192623
2012-01-17 00:00:00,-0.030956862418140073
2012-01-18 00:00:00,-0.014162680184301245
2012-01-19 00:00:00,0.0012479364958404623
2012-01-20 00:00:00,0.0019337735035452133
2012-01-23 00:00:00,-0.0018878260999209211
2012-01-24 00:00:00,-0.024527064368354556
2012-01-25 00:00:00,0.010164090964825425
2012-01-26 00:00:00,-0.008785143351175926
2012-01-27 00:00:00,0.0036029789079562503
2012-01-30 00:00:00,-0.0014834665883238268
2012-01-31 00:00:00,-0.027268212292507667
2012-02-01 00:00:00,-0.009203104737726684
2012-02-02 00:00:00,-0.03796992909595387
2012-02-03 00:00:00,0.0030841047401464544
2012-02-06 00:00:00,-0.0017552881634430128
2012-02-07 00:00:00,-0.009951086073141028
2012-02-08 00:00:00,-0.009699445004129368
2012-02-09 00:00:00,0.01981879141367532
2012-02-10 00:00:00,-0.023391181974020268
2012-02-13 00:00:00,-0.0003787635121177303
2012-02-14 00:00:00,0.013676092144339414
2012-02-15 00:00:00,-0.03808641016353045
2012-02-16 00:00:00,0.007091739892538494
2012-02-17 00:00:00,0.002806897876050771
2012-02-21 00:00:00,0.013357908514635633
2012-02-22 00:00:00,-0.020728604237623165
2012-02-23 00:00:00,-0.005973170402127548
2012-02-24 00:00:00,-0.0021348990553496836
2012-02-27 00:00:00,-0.018437696443747684
2012-02-28 00:00:00,0.01779011857323215
2012-02-29 00:00:00,-0.019788441578969307
2012-03-01 00:00:00,0.01150130404262107
2012-03-02 00:00:00,0.022744338742179057
2012-03-05 00:00:00,0.03452366187452532
2012-03-06 00:00:00,-0.021670273233169977
2012-03-07 00:00:00,-0.030448066188813808
2012-03-08 00:00:00,-0.01608099628993449
2012-03-09 00:00:00,0.004224856797941462
2012-03-12 00:00:00,-0.05197084561726021
2012-03-13 00:00:00,-0.0008069508162751666
2012-03-14 00:00:00,-0.01496372274692386
2012-03-15 00:00:00,0.0010695105232002415
2012-03-16 00:00:00,-0.02245511782113246
2012-03-19 00:00:00,0.004098295221993557
2012-03-20 00:00:00,-0.0011483045075211039
2012-03-21 00:00:00,0.011713701013229506
2012-03-22 00:00:00,-0.004473907033886249
2012-03-23 00:00:00,-0.05474436867653212
2012-03-26 00:00:00,0.0022831853433773253
2012-03-27 00:00:00,0.015686645801421213
2012-03-28 00:00:00,0.009661636339768612
2012-03-29 00:00:00,0.0037888762890781118
2012-03-30 00:00:00,-0.02846948369889423
2012-04-02 00:00:00,0.006273322872659796
2012-04-03 00:00:00,0.04535429444099685
2012-04-04 00:00:00,-0.012172958947599727
2012-04-05 00:00:00,0.03244990513565819
2012-04-09 00:00:00,0.05199282269953031
2012-04-10 00:00:00,-0.023158408417501344
2012-04-11 00:00:00,-0.03695945799609971
2012-04-12 00:00:00,0.041709894604827984
2012-04-13 00:00:00,0.020962468621665068
2012-04-16 00:00:00,-0.050485608902369264
2012-04-17 00:00:00,0.010760757332702755
2012-04-18 00:00:00,0.02223921143808167
2012-04-19 00:00:00,0.006524445769316419
2012-04-20 00:00:00,0.0270695692953499
2012-04-23 00:00:00,0.007847406832032772
2012-04-24 00:00:00,-0.06196880908729346
2012-04-25 00:00:00,-0.019912546129707855
2012-04-26 00:00:00,-0.017981350177496667
2012-04-27 00:00:00,0.022047220677552236
2012-04-30 00:00:00,-0.0039027587774822913
2012-05-01 00:00:00,-0.009060241113663745
2012-05-02 00:00:00,0.03380574240624687
2012-05-03 00:00:00,0.0616079247943123
2012-05-04 00:00:00,-0.0012491363746312066
2012-05-07 00:00:00,0.010063503404568923
2012-05-08 00:00:00,0.010023692451310465
2012-05-09 00:00:00,0.0009227920898561966
2012-05-10 00:00:00,-0.0001553174948103571
2012-05-11 00:00:00,0.02657582843399776
2012-05-14 00:00:00,0.007377120291380149
2012-05-15 00:00:00,0.016299566482226455
2012-05-16 00:00:00,0.048293009162664186
2012-05-17 00:00:00,0.026898739163982954
2012-05-18 00:00:00,-0.05343350598665762
2012-05-21 00:00:00,0.006500662645247967
2012-05-22 00:00:00,-0.008837935431426818
2012-05-23 00:00:00,0.008598959996737933
2012-05-24 00:00:00,0.0014736138855291382
2012-05-25 00:00:00,-0.026996077524392065
2012-05-29 00:00:00,0.02713133041053828
2012-05-30 00:00:00,0.007943466385671435
2012-05-31 00:00:00,0.06115067908439252
2012-06-01 00:00:00,-0.009350640257072025
2012-06-04 00:00:00,-0.013663621648286097
2012-06-05 00:00:00,-0.05195494589994304
2012-06-06 00:00:00,0.010908553502685379
2012-06-07 00:00:00,-0.02193741716085159
2012-06-08 00:00:00,0.03865688216006943
2012-06-11 00:00:00,-0.026307967220586686
2012-06-12 00:00:00,0.0193681883692732
2012-06-13 00:00:00,-0.013993696006067072
2012-06-14 00:00:00,-0.029432186394140417
2012-06-15 00:00:00,-0.01862489005378113
2012-06-18 00:00:00,-0.029149636261606434
2012-06-19 00:00:00,-0.0005929018537563812
2012-06-20 00:00:00,0.059533570689421215
2012-06-21 00:00:00,-0.027365695553071945
2012-06-22 00:00:00,0.04576705727119978
2012-06-25 00:00:00,-0.014335694314078697
2012-06-26 00:00:00,-0.017297885869005124
2012-06-27 00:00:00,0.02097750021729807
2012-06-28 00:00:00,-0.07124096463738876
2012-06-29 00:00:00,-0.014061995079710347
2012-07-02 00:00:00,-0.02198982450752476
2012-07-03 00:00:00,-3.5823534969774364e-05
2012-07-05 00:00:00,0.03411799641095987
2012-07-06 00:00:00,0.004796374926492674
2012-07-09 00:00:00,0.025019885734770892
2012-07-10 00:00:00,0.011972344692912269
2012-07-11 00:00:00,0.017909782860907716
2012-07-12 00:00:00,-0.035048776378067296
2012-07-13 00:00:00,0.009680486820272937
2012-07-16 00:00:00,-0.011005977885584438
2012-07-17 00:00:00,-0.027891630129873272
2012-07-18 00:00:00,-0.020447689570086237
2012-07-19 00:00:00,0.035364076374482134
2012-07-20 00:00:00,0.02963852612798685
2012-07-23 00:00:00,0.022314301074146125
2012-07-24 00:00:00,0.0070841425921034
2012-07-25 00:00:00,-0.031977404496183824
2012-07-26 00:00:00,-0.055523133040941475
2012-07-27 00:00:00,0.01072870109571498
2012-07-30 00:00:00,0.005490506240741729
2012-07-31 00:00:00,0.016591087224296606
2012-08-01 00:00:00,0.008856598499545964
2012-08-02 00:00:00,-0.050342224647811615
2012-08-03 00:00:00,-0.019742893279387434
2012-08-06 00:00:00,-0.023789257248444093
2012-08-07 00:00:00,0.004267762198823922
2012-08-08 00:00:00,-0.006849952392534884
2012-08-09 00:00:00,-0.0020671945217899403
2012-08-10 00:00:00,-0.0015483065991002357
2012-08-13 00:00:00,0.005158224231167698
2012-08-14 00:00:00,-0.013039738550532079
2012-08-15 00:00:00,-0.030046728872644025
2012-08-16 00:00:00,-0.013863766270908696
2012-08-17 00:00:00,0.00037363577975300184
2012-08-20 00:00:00,0.008757019479190924
2012-08-21 00:00:00,-0.006263932021978679
2012-08-22 00:00:00,0.019675714804969158
2012-08-23 00:00:00,-0.01587950761827009
2012-08-24 00:00:00,-0.0033257958624528855
2012-08-27 00:00:00,-0.003877797946957261
2012-08-28 00:00:00,-0.0039917410582609135
2012-08-29 00:00:00,0.03157265290367442
2012-08-30 00:00:00,-0.01761733668478956
2012-08-31 00:00:00,-0.007919859399429095
2012-09-04 00:00:00,0.005667588567499895
2012-09-05 00:00:00,-0.06715377212169682
2012-09-06 00:00:00,-0.0006368274616642974
2012-09-07 00:00:00,0.03328312546588489
2012-09-10 00:00:00,-0.0005154219027706888
2012-09-11 00:00:00,-0.009935571192810818
2012-09-12 00:00:00,-0.043315298463191175
2012-09-13 00:00:00,-0.03043896221356201
2012-09-14 00:00:00,0.005786582519559264
2012-09-17 00:00:00,0.0009501221146013905
2012-09-18 00:00:00,-0.005276131783356188
2012-09-19 00:00:00,0.0072830053318011685
2012-09-20 00:00:00,-0.0043677098861843655
2012-09-21 00:00:00,0.020771665465158667
2012-09-24 00:00:00,0.04510898873528881
2012-09-25 00:00:00,0.024321658088482637
2012-09-26 00:00:00,-0.04384427220642406
2012-09-27 00:00:00,0.02105825167865083
2012-09-28 00:00:00,0.002758168957606527
2012-10-01 00:00:00,-0.006663370741639206
2012-10-02 00:00:00,-0.01572265200483721
2012-10-03 00:00:00,-0.01495672132190184
2012-10-04 00:00:00,0.013954740365133264
2012-10-05 00:00:00,0.024590992415257022
2012-10-08 00:00:00,0.047099181817026166
2012-10-09 00:00:00,0.012787825938473836
2012-10-10 00:00:00,0.002272016464303638
2012-10-11 00:00:00,0.005061843128161763
2012-10-12 00:00:00,-0.01930541081596107
2012-10-15 00:00:00,-0.03658805369573627
2012-10-16 00:00:00,-0.0029766052042993155
2012-10-17 00:00:00,0.03108843081718695
2012-10-18 00:00:00,0.06379423123013289
2012-10-19 00:00:00,-0.010475865624451528
2012-10-22 00:00:00,0.024311714487007686
2012-10-23 00:00:00,0.00790837718599895
2012-10-24 00:00:00,-0.0039826278959654736
2012-10-25 00:00:00,-0.0016533580758092802
2012-10-26 00:00:00,0.00964742286151414
2012-10-31 00:00:00,-0.0391146368978486
2012-11-01 00:00:00,0.03471652121300581
2012-11-02 00:00:00,-0.015895134302414873
2012-11-05 00:00:00,-0.011277937035800885
2012-11-06 00:00:00,0.06671732875805923
2012-11-07 00:00:00,0.035431049335087686
2012-11-08 00:00:00,-0.007783587608938165
2012-11-09 00:00:00,0.0005214515495768981
2012-11-12 00:00:00,0.016971360477661887
2012-11-13 00:00:00,0.030187194666208884
2012-11-14 00:00:00,0.007884162985571817
2012-11-15 00:00:00,-0.012965222157507214
2012-11-16 00:00:00,-0.052064007598779424
2012-11-19 00:00:00,-0.0005179760210724292
2012-11-20 00:00:00,-0.008420514897207677
2012-11-21 00:00:00,-0.03513655367769213
2012-11-23 00:00:00,-0.00885059420627558
2012-11-26 00:00:00,0.008016168820581144
2012-11-27 00:00:00,-0.021536061893915655
2012-11-28 00:00:00,-0.018546727308631387
2012-11-29 00:00:00,0.0016534050721930403
2012-11-30 00:00:00,0.007392811407153183
2012-12-03 00:00:00,0.005035072270959773
2012-12-04 00:00:00,0.020739009422851333
2012-12-05 00:00:00,-0.01399846157215337
2012-12-06 00:00:00,0.010116109691408885
2012-12-07 00:00:00,-0.008026802248963592
2012-12-10 00:00:00,-0.03245045336908453
2012-12-11 00:00:00,0.007892433929197492
2012-12-12 00:00:00,0.019848819709597836
2012-12-13 00:00:00,0.018731938402308416
2012-12-14 00:00:00,-0.0356128789612923
2012-12-17 00:00:00,-0.0414020644427502
2012-12-18 00:00:00,0.00973832118385551
2012-12-19 00:00:00,-0.005762436251609985
2012-12-20 00:00:00,0.027769128571410163
2012-12-21 00:00:00,0.007808917178167842
2012-12-24 00:00:00,0.020542947456054637
2012-12-26 00:00:00,0.0038435906902572624
2012-12-27 00:00:00,0.02284447897602897
2012-12-28 00:00:00,-0.05364265263200182
2012-12-31 00:00:00,-0.09029485227621416
2013-01-02 00:00:00,0.011839755323092156
2013-01-03 00:00:00,-0.0010979047404935164
2013-01-04 00:00:00,0.0028683899923294598
2013-01-07 00:00:00,0.0070108035753678275
2013-01-08 00:00:00,-0.014071105746615416
2013-01-09 00:00:00,-0.016276016724949945
2013-01-10 00:00:00,-0.003989243426050613
2013-01-11 00:00:00,0.008362334558864676
2013-01-14 00:00:00,0.006859708033030387
2013-01-15 00:00:00,-0.006900720961321441
2013-01-16 00:00:00,-0.01909044643058508
2013-01-17 00:00:00,0.0013460086877086646
2013-01-18 00:00:00,-0.00887073342669768
2013-01-22 00:00:00,-0.01109654335110446
2013-01-23 00:00:00,0.024472018893747286
2013-01-24 00:00:00,-0.020268603784657967
2013-01-25 00:00:00,-0.004873914101682543
2013-01-28 00:00:00,0.000681146702667981
2013-01-29 00:00:00,0.012000561572069274
2013-01-30 00:00:00,0.00018934937405896052
2013-01-31 00:00:00,-0.03962356344198256
2013-02-01 00:00:00,0.05107462858644181
2013-02-04 00:00:00,-0.042886702595657196
2013-02-05 00:00:00,0.003356020530886432
2013-02-06 00:00:00,0.003614040424325549
2013-02-07 00:00:00,-0.031437651578002386
2013-02-08 00:00:00,0.002075975328441092
2013-02-11 00:00:00,0.006091603620192315
2013-02-12 00:00:00,-0.01151772919631212
2013-02-13 00:00:00,-0.0019866329307625537
2013-02-14 00:00:00,0.007379458003654673
2013-02-15 00:00:00,-0.024199780170898865
2013-02-19 00:00:00,0.054369749935923736
2013-02-20 00:00:00,0.034809090819145766
2013-02-21 00:00:00,-0.032026279946704504
2013-02-22 00:00:00,0.04773950177481285
2013-02-25 00:00:00,-0.013802837254299784
2013-02-26 00:00:00,-0.03440884051030356
2013-02-27 00:00:00,0.002219799348247881
2013-02-28 00:00:00,-0.01028213704843308
2013-03-01 00:00:00,-0.013389673482853151
2013-03-04 00:00:00,-0.047275194720107445
2013-03-05 00:00:00,0.0020215046331660243
2013-03-06 00:00:00,-0.011217068606681178
2013-03-07 00:00:00,-0.014353736779318166
2013-03-08 00:00:00,-0.010057434838937243
2013-03-11 00:00:00,0.0124680443583206
2013-03-12 00:00:00,-0.0032939726259444218
2013-03-13 00:00:00,-0.01640648098957774
2013-03-14 00:00:00,0.011741238886153643
2013-03-15 00:00:00,0.013499027251245278
2013-03-18 00:00:00,0.00986725005725875
2013-03-19 00:00:00,-0.02944587166517223
2013-03-20 00:00:00,0.03693504976477942
2013-03-21 00:00:00,-0.026048684912908123
2013-03-22 00:00:00,0.011363393263631116
2013-03-25 00:00:00,-0.020215150939315845
2013-03-26 00:00:00,-0.004813745987068045
2013-03-27 00:00:00,-0.013225270594604432
2013-03-28 00:00:00,0.033736120687283565
2013-04-01 00:00:00,-0.018530242738268594
2013-04-02 00:00:00,0.04231458259850481
2013-04-03 00:00:00,-0.007316552710713976
2013-04-04 00:00:00,0.024018665480845924
2013-04-05 00:00:00,-0.020881325240430328
2013-04-08 00:00:00,-0.018073642113385573
2013-04-09 00:00:00,-0.07191259132844198
2013-04-10 00:00:00,-0.0036599567648973193
2013-04-11 00:00:00,0.006543406580030732
2013-04-12 00:00:00,0.0936901692468287
2013-04-15 00:00:00,-0.05643685383098578
2013-04-16 00:00:00,0.06982038576034766
2013-04-17 00:00:00,0.04218568973043835
2013-04-18 00:00:00,-0.04375044040796722
2013-04-19 00:00:00,-0.031456819367978665
2013-04-22 00:00:00,-0.04248368078182338
2013-04-23 00:00:00,-0.0003880025894334919
2013-04-24 00:00:00,-0.024990559952199565
2013-04-25 00:00:00,0.013261029050116295
2013-04-26 00:00:00,-0.03467604578848729
2013-04-29 00:00:00,-0.028060757543215492
2013-04-30 00:00:00,0.038039536294782676
2013-05-01 00:00:00,-0.053624854340937556
2013-05-02 00:00:00,-0.051785541540756895
2013-05-03 00:00:00,-0.02025581993376801
2013-05-06 00:00:00,-0.005236138086949236
2013-05-07 00:00:00,-0.024158515744500904
2013-05-08 00:00:00,0.00600701952749015
2013-05-09 00:00:00,-0.04086159628106997
2013-05-10 00:00:00,-0.0033683937991338866
2013-05-13 00:00:00,-0.037045232612031666
2013-05-14 00:00:00,-0.014378120990065376
2013-05-15 00:00:00,0.010202690792157507
2013-05-16 00:00:00,-0.05515822713882695
2013-05-17 00:00:00,0.004261293430938504
2013-05-20 00:00:00,-0.009571482416419239
2013-05-21 00:00:00,0.06355012042956992
2013-05-22 00:00:00,0.006135449630454501
2013-05-23 00:00:00,0.0004413427626967625
2013-05-24 00:00:00,-0.04801180754119076
2013-05-28 00:00:00,0.034719174106211136
2013-05-29 00:00:00,-0.03871163109603957
2013-05-30 00:00:00,0.05708088030755818
2013-05-31 00:00:00,-0.014942166738039227
2013-06-03 00:00:00,0.03150053233530208
2013-06-04 00:00:00,0.06532725539434431
2013-06-05 00:00:00,-0.03314517665937826
2013-06-06 00:00:00,-0.06982786343123866
2013-06-07 00:00:00,-0.0073119539441403834
2013-06-10 00:00:00,0.05769035153849734
2013-06-11 00:00:00,0.054110261162748904
2013-06-12 00:00:00,-0.06699723442477083
2013-06-13 00:00:00,0.03306780230583478
2013-06-14 00:00:00,-0.04356321711149336
2013-06-17 00:00:00,-0.04796510463749485
2013-06-18 00:00:00,0.061786432976879954
2013-06-19 00:00:00,0.11400268913742799
2013-06-20 00:00:00,0.010084158192619683
2013-06-21 00:00:00,0.048355378710659494
2013-06-24 00:00:00,-0.03572695072358576
2013-06-25 00:00:00,-0.038722033561786655
2013-06-26 00:00:00,-0.036386774176633566
2013-06-27 00:00:00,-0.00201078857335648
2013-06-28 00:00:00,-0.04629637454611453
2013-07-01 00:00:00,0.0016520788690151478
2013-07-02 00:00:00,-0.015674039638711525
2013-07-03 00:00:00,-0.0564959386655873
2013-07-05 00:00:00,-0.008910437474865252
2013-07-08 00:00:00,-0.03242777521362647
2013-07-09 00:00:00,-0.028388360974979175
2013-07-10 00:00:00,-0.10582352494047265
2013-07-11 00:00:00,-0.04317110856192508
2013-07-12 00:00:00,-0.015122924093794158
2013-07-15 00:00:00,0.018318340237336014
2013-07-16 00:00:00,-0.02349332962501025
2013-07-17 00:00:00,-0.0026494347639772512
2013-07-18 00:00:00,0.0478921721951535
2013-07-19 00:00:00,-0.025572566699481263
2013-07-22 00:00:00,0.041915368488436036
2013-07-23 00:00:00,-0.0006417529856424547
2013-07-24 00:00:00,-0.05105009221554701
2013-07-25 00:00:00,-0.016446924733487196
2013-07-26 00:00:00,0.028753724829208085
2013-07-29 00:00:00,-0.03566470798660583
2013-07-30 00:00:00,-0.020959972797703508
2013-07-31 00:00:00,-0.11163114936722303
2013-08-01 00:00:00,-0.03369285968715377
2013-08-02 00:00:00,-0.00834746907445052
2013-08-05 00:00:00,0.06561007737541404
2013-08-06 00:00:00,0.027105754581481154
2013-08-07 00:00:00,-0.034963820501054184
2013-08-08 00:00:00,0.02099539093424869
2013-08-09 00:00:00,-0.022951448666019298
2013-08-12 00:00:00,-0.03478686773186007
2013-08-13 00:00:00,0.036389862022773896
2013-08-14 00:00:00,0.13868477316216893
2013-08-15 00:00:00,0.006825962363610025
2013-08-16 00:00:00,0.027500514239736915
2013-08-19 00:00:00,-0.049763220976441785
2013-08-20 00:00:00,0.028333917456612095
2013-08-21 00:00:00,-0.08206504054835406
2013-08-22 00:00:00,-0.04283277900226845
2013-08-23 00:00:00,0.0005044129381349266
2013-08-26 00:00:00,0.16655037198609712
2013-08-27 00:00:00,-0.029204449275418355
2013-08-28 00:00:00,-0.055358741507835325
2013-08-29 00:00:00,0.0622887514249864
2013-08-30 00:00:00,-0.04617767446685209
2013-09-03 00:00:00,-0.07873182618499806
2013-09-04 00:00:00,-0.022144134056637822
2013-09-05 00:00:00,-0.002831592361292721
2013-09-06 00:00:00,-0.11254223982530343
2013-09-09 00:00:00,-0.06073561239755704
2013-09-10 00:00:00,0.010933772061978974
2013-09-11 00:00:00,0.024218828033238143
2013-09-12 00:00:00,-0.016573613171511133
2013-09-13 00:00:00,0.011584717264370275
2013-09-16 00:00:00,-0.07697167197726126
2013-09-17 00:00:00,-0.11541073002821076
2013-09-18 00:00:00,-0.018681559035747305
2013-09-19 00:00:00,0.047005914598714706
2013-09-20 00:00:00,0.029159000525790253
2013-09-23 00:00:00,-0.009051843400498688
2013-09-24 00:00:00,0.02172660077992585
2013-09-25 00:00:00,-0.08245407866407659
2013-09-26 00:00:00,0.018883651524970818
2013-09-27 00:00:00,0.03187184332629421
2013-09-30 00:00:00,-0.1558103917024715
2013-10-01 00:00:00,0.010675350332333869
2013-10-02 00:00:00,0.13622118772126987
2013-10-03 00:00:00,-0.11047498835606002
2013-10-04 00:00:00,0.12279637225685398
2013-10-07 00:00:00,0.20994959721971787
2013-10-08 00:00:00,0.0418499931196387
2013-10-09 00:00:00,-0.22245671157135505
2013-10-10 00:00:00,-0.09810612125131919
2013-10-11 00:00:00,-0.08071252163656724
2013-10-14 00:00:00,0.07359926829220807
2013-10-15 00:00:00,-0.16430801722643615
2013-10-16 00:00:00,-0.09789918519560849
2013-10-17 00:00:00,-0.25064852278244626
2013-10-18 00:00:00,-0.03267422433068468
2013-10-21 00:00:00,-0.056358688420611217
2013-10-22 00:00:00,0.12841558491086497
2013-10-23 00:00:00,-0.12470690713677231
2013-10-24 00:00:00,-0.09142750953382688
2013-10-25 00:00:00,0.0212483361522595
2013-10-28 00:00:00,-0.08280691708350436
2013-10-29 00:00:00,0.14286205953094264
2013-10-30 00:00:00,0.06472977186965681
2013-10-31 00:00:00,-0.013476796279357347
2013-11-01 00:00:00,-0.08853046050935082
2013-11-04 00:00:00,-0.02102333778553042
2013-11-05 00:00:00,0.050116585102126084
2013-11-06 00:00:00,0.37920307591103
2013-11-07 00:00:00,-0.3035353514476031
2013-11-08 00:00:00,-0.003213872144284349
2013-11-11 00:00:00,-0.0007468052341031516
2013-11-14 00:00:00,-0.11575740064031693
2013-11-15 00:00:00,0.29437676343946156
2013-11-18 00:00:00,0.11428861508010896
2013-11-19 00:00:00,0.06144282344004508
2013-11-20 00:00:00,-0.32520051641241665
2013-11-21 00:00:00,-0.19903443113490316
2013-11-22 00:00:00,-0.029011312625019537
2013-11-25 00:00:00,-0.26613115541637916
2013-11-27 00:00:00,-0.3693715545841756
2013-11-29 00:00:00,0.35891361008480194
2013-12-02 00:00:00,0.15370064154251256
2013-12-03 00:00:00,-0.014242784086815924
2013-12-10 00:00:00,0.9943477517952034
2013-12-12 00:00:00,-0.02742507926212195
2013-12-16 00:00:00,0.08699559159699485
2013-12-17 00:00:00,-1.083798531193686
2013-12-18 00:00:00,0.40725200118173693
2013-12-20 00:00:00,1.614737352511657
2013-12-23 00:00:00,0.11178576990397195
2013-12-24 00:00:00,0.1745988084513053
2013-12-26 00:00:00,-0.1557988076898856
2013-12-27 00:00:00,-0.03878410223772824
2013-12-30 00:00:00,0.3151929302302941
2013-12-31 00:00:00,-0.5187731193488797
2014-01-02 00:00:00,-0.25667157107949434
2014-01-07 00:00:00,0.18998319260958416
2014-01-08 00:00:00,-0.14056136176034514
2014-01-09 00:00:00,0.2593396295111836
2014-01-10 00:00:00,-1.4213938179630827
2014-01-13 00:00:00,1.519626256274936
2014-01-14 00:00:00,0.3052659243116917
2014-01-15 00:00:00,0.030975598227835993
2014-01-16 00:00:00,-0.18511514611234747
2014-01-17 00:00:00,0.2401678298490694
2014-01-21 00:00:00,0.1227671157677277
2014-01-22 00:00:00,-0.17630040607112915
2014-01-23 00:00:00,-1.2912047046793087
2014-02-03 00:00:00,-0.4415743679795814
2014-02-04 00:00:00,0.27822744618318673
2014-02-05 00:00:00,-0.8079399793000125
2014-02-07 00:00:00,0.5278629101570051
2014-02-11 00:00:00,0.10008891870476291
2014-02-12 00:00:00,0.3120821891325903
2014-02-13 00:00:00,0.022549633816844293
2014-02-14 00:00:00,0.1751431406040591
2014-02-18 00:00:00,-0.21638086083554456
2014-02-19 00:00:00,0.18672886987412207
2014-02-20 00:00:00,-0.02410998870837221
2014-02-21 00:00:00,0.160633723699729
2014-02-24 00:00:00,-0.027381776267829457
2014-02-25 00:00:00,0.022802182162821052
2014-02-26 00:00:00,0.12708304035252418
2014-02-27 00:00:00,-0.04920201095865889
2014-02-28 00:00:00,-0.15523613446726336
2014-03-03 00:00:00,0.3413632096287948
2014-03-04 00:00:00,0.02297217262230587
2014-03-05 00:00:00,-0.022353967853358546
2014-03-06 00:00:00,-0.06355792034386916
2014-03-07 00:00:00,-0.007327425599777678
2014-03-10 00:00:00,-0.12020895836309839
2014-03-11 00:00:00,0.07290403500901006
2014-03-12 00:00:00,-0.3202746312592833
2014-03-13 00:00:00,-0.0944545179803402
2014-03-14 00:00:00,0.2052761648647425
2014-03-17 00:00:00,0.2520094485235952
2014-03-18 00:00:00,-0.11354048439372912
2014-03-19 00:00:00,0.05322802043685206
2014-03-20 00:00:00,-0.20881662302966347
2014-03-21 00:00:00,-0.3221132803288965
2014-03-24 00:00:00,0.057720038131429154
2014-03-25 00:00:00,-0.5655749421257357
2014-03-26 00:00:00,-0.32857647855777533
2014-03-27 00:00:00,0.07588461905048928
2014-03-28 00:00:00,0.5291072516779629
2014-03-31 00:00:00,0.5045623203765961
2014-04-01 00:00:00,0.04718530488291649
2014-04-02 00:00:00,-0.2381885945862125
2014-04-03 00:00:00,-1.4444948814836382
2014-04-08 00:00:00,1.5454177299719511
2014-04-10 00:00:00,0.8633339530948194
2014-04-11 00:00:00,-0.2799027525462709
2014-04-14 00:00:00,-0.17597346062063446
2014-04-15 00:00:00,-2.067234099073185
2014-04-17 00:00:00,2.7663751521374396
2014-04-21 00:00:00,0.8906956176860685
2014-04-22 00:00:00,-0.7124300158769676
2014-04-23 00:00:00,0.49696233482548385
2014-04-25 00:00:00,0.061752494398089976
2014-04-29 00:00:00,0.7553259124519622
2014-04-30 00:00:00,0.4824932008160302
2014-05-01 00:00:00,-0.11140293181961025
2014-05-02 00:00:00,0.3852756735857756
2014-05-06 00:00:00,0.6960990204116176
2014-05-07 00:00:00,0.4820930154815645
2014-05-08 00:00:00,-0.6575268135562722
2014-05-12 00:00:00,-0.3192757418028423
2014-05-13 00:00:00,-1.6692500697570878
2014-05-15 00:00:00,-2.04013743653716
2014-05-19 00:00:00,-2.330024431275787
2014-05-20 00:00:00,2.4945685960559296
2014-05-21 00:00:00,0.4723124617221711
2014-05-22 00:00:00,0.4184445943657586
2014-05-23 00:00:00,0.44272747825845166
2014-05-27 00:00:00,-0.08737958569614873
2014-05-28 00:00:00,0.16056405056787948
2014-05-29 00:00:00,-0.035182875999715944
2014-05-30 00:00:00,-0.03709220462116275
2014-06-02 00:00:00,-0.02199414432101086
2014-06-03 00:00:00,0.11792046541248084
2014-06-04 00:00:00,0.24877386720278621
2014-06-05 00:00:00,0.11718056118910913
2014-06-06 00:00:00,0.0631587326238117
2014-06-09 00:00:00,0.007231541678844649
2014-06-10 00:00:00,-0.02516727820927013
2014-06-11 00:00:00,-0.15551277770227565
2014-06-12 00:00:00,0.061911773807835
2014-06-13 00:00:00,0.04706005366503446
2014-06-16 00:00:00,0.06855035910652776
2014-06-17 00:00:00,0.10001964821250052
2014-06-18 00:00:00,-0.013130046624058707
2014-06-19 00:00:00,0.03227244506074366
2014-06-20 00:00:00,0.0023312735492377447
2014-06-23 00:00:00,-0.06900434375284956
2014-06-24 00:00:00,0.10851640431887148
2014-06-25 00:00:00,-0.002485583877066948
2014-06-26 00:00:00,0.06408467418640283
2014-06-27 00:00:00,0.033144307658387266
2014-06-30 00:00:00,0.14887122714896267
2014-07-01 00:00:00,-0.00252436916750955
2014-07-02 00:00:00,0.07462707619486325
2014-07-03 00:00:00,-0.09180937359181038
2014-07-07 00:00:00,-0.18381100578164966
2014-07-08 00:00:00,0.08857255539933845
2014-07-09 00:00:00,-0.07277444414413137
2014-07-10 00:00:00,0.06183246517400868
2014-07-11 00:00:00,0.07463377716633626
2014-07-14 00:00:00,-0.07184049445520532
2014-07-15 00:00:00,0.029262542063372997
2014-07-16 00:00:00,-0.2085032549725039
2014-07-17 00:00:00,0.22693481897678394
2014-07-18 00:00:00,-0.022261982981008198
2014-07-21 00:00:00,0.09042799985394959
2014-07-22 00:00:00,0.04765330788555202
2014-07-23 00:00:00,-0.004194673299327734
2014-07-24 00:00:00,-0.06145259434828979
2014-07-25 00:00:00,-0.013155503957897524
2014-07-28 00:00:00,-0.006313617718175982
2014-07-29 00:00:00,0.0562772275937503
2014-07-30 00:00:00,-0.29075056959967943
2014-07-31 00:00:00,-0.06407516116569263
2014-08-01 00:00:00,0.11396988276955014
2014-08-04 00:00:00,-0.11319871447448693
2014-08-05 00:00:00,0.008494292735487671
2014-08-06 00:00:00,-0.07996553320782217
2014-08-07 00:00:00,0.13886069837664164
2014-08-08 00:00:00,0.10418521507199434
2014-08-11 00:00:00,-0.040069711036611444
2014-08-12 00:00:00,0.1414037943239251
2014-08-13 00:00:00,0.053959802197241426
2014-08-14 00:00:00,0.032671141466893025
2014-08-15 00:00:00,0.1105367940549613
2014-08-18 00:00:00,0.04527546002257438
2014-08-19 00:00:00,-0.0023770426358900006
2014-08-20 00:00:00,0.01290465709049151
2014-08-21 00:00:00,0.014607169058107916
2014-08-22 00:00:00,0.04140012985690353
2014-08-25 00:00:00,0.028265212965904916
2014-08-26 00:00:00,-0.0021412941519546396
2014-08-27 00:00:00,-0.025368995867868522
2014-08-28 00:00:00,0.04750315953803223
2014-08-29 00:00:00,0.03617242535767777
2014-09-02 00:00:00,-0.05214726151176986
2014-09-03 00:00:00,-0.021683482332331222
2014-09-04 00:00:00,0.043049513121729784
2014-09-05 00:00:00,0.01901580638426595
2014-09-08 00:00:00,-0.08364034369748585
2014-09-09 00:00:00,0.07199846892544436
2014-09-10 00:00:00,0.010678595023807925
2014-09-11 00:00:00,-0.04983202323678202
2014-09-12 00:00:00,-0.10845480415135178
2014-09-15 00:00:00,0.07663368770234352
2014-09-16 00:00:00,0.020337428449567624
2014-09-17 00:00:00,0.06456343761113018
2014-09-18 00:00:00,-0.027678541234280315
2014-09-19 00:00:00,-0.11339058664567822
2014-09-22 00:00:00,-0.0447747943531282
2014-09-23 00:00:00,0.10628935098896544
2014-09-24 00:00:00,-0.21285099657600587
2014-09-25 00:00:00,0.11496169265513424
2014-09-26 00:00:00,-0.015267944829849623
2014-09-29 00:00:00,-0.030703543703880818
2014-09-30 00:00:00,-0.19652788774437846
2014-10-01 00:00:00,0.024402647846221523
2014-10-02 00:00:00,0.12663860135829363
2014-10-03 00:00:00,-0.05606812758587197
2014-10-06 00:00:00,-0.2141620981256607
2014-10-07 00:00:00,0.2516473973352586
2014-10-08 00:00:00,-0.27546944670628765
2014-10-09 00:00:00,-0.4443978740572875
2014-10-10 00:00:00,-0.4200201384461784
2014-10-13 00:00:00,0.106778260405216
2014-10-14 00:00:00,-0.09302960472919894
2014-10-15 00:00:00,0.016889634937660932
2014-10-16 00:00:00,0.28673603094780237
2014-10-17 00:00:00,0.3000888897410904
2014-10-20 00:00:00,0.3819848360915012
2014-10-21 00:00:00,-0.11930477706784576
2014-10-22 00:00:00,0.21667652931158804
2014-10-23 00:00:00,0.08264156918866057
2014-10-24 00:00:00,0.005651337100097236
2014-10-27 00:00:00,0.1821695219624475
2014-10-28 00:00:00,-0.03253091763567233
2014-10-29 00:00:00,0.03645526178221658
2014-10-30 00:00:00,0.12818060053422362
2014-10-31 00:00:00,0.015100353938157143
2014-11-03 00:00:00,-0.028411143580533496
2014-11-04 00:00:00,-0.005525909642387412
2014-11-05 00:00:00,0.03312969907076386
2014-11-06 00:00:00,-0.01096583938353631
2014-11-07 00:00:00,0.03482071576560681
2014-11-10 00:00:00,0.015898739396031588
2014-11-11 00:00:00,0.0253987937871833
2014-11-12 00:00:00,0.008563646764347439
2014-11-13 00:00:00,0.01422369456422469
2014-11-14 00:00:00,-0.029934202557611134
2014-11-17 00:00:00,0.05303563407771552
2014-11-18 00:00:00,-0.04490910776822887
2014-11-19 00:00:00,0.0439724854430265
2014-11-20 00:00:00,0.018089228096467964
2014-11-21 00:00:00,0.0655072277112565
2014-11-24 00:00:00,0.005069230328200596
2014-11-25 00:00:00,0.042818500828841644
2014-11-26 00:00:00,0.006195288612734203
2014-11-28 00:00:00,-0.09663237216442035
2014-12-01 00:00:00,0.04393985150977868
2014-12-02 00:00:00,0.02779606092160376
2014-12-03 00:00:00,-0.0074173270058654
2014-12-04 00:00:00,0.01661476864833439
2014-12-05 00:00:00,-0.06009713223094911
2014-12-08 00:00:00,0.03907742373123978
2014-12-09 00:00:00,-0.1307542307699549
2014-12-10 00:00:00,0.04008416000901856
2014-12-11 00:00:00,-0.09299731941101605
2014-12-12 00:00:00,-0.09050106222036888
2014-12-15 00:00:00,-0.1189040738323905
2014-12-16 00:00:00,0.19267142147347893
2014-12-17 00:00:00,0.17317123131059267
2014-12-18 00:00:00,0.025607721877324807
2014-12-19 00:00:00,0.02360234314919743
2014-12-22 00:00:00,-0.02354272819133294
2014-12-23 00:00:00,0.011914640998230216
2014-12-24 00:00:00,0.04795582449107742
2014-12-26 00:00:00,7.0526103285893e-05
2014-12-29 00:00:00,-0.04220290551217167
2014-12-30 00:00:00,-0.062451514459571096
2014-12-31 00:00:00,-0.014490409363105127
2015-01-02 00:00:00,-0.12474305507266227
2015-01-05 00:00:00,-0.11324554761606741
2015-01-06 00:00:00,0.10948109526624215
2015-01-07 00:00:00,0.14321607934096883
2015-01-08 00:00:00,-0.05129211119476012
2015-01-09 00:00:00,-0.06666665099302516
2015-01-12 00:00:00,-0.005638134708647861
2015-01-13 00:00:00,-0.03985204232970918
2015-01-14 00:00:00,-0.134174030703136
2015-01-15 00:00:00,0.12507775551379152
2015-01-16 00:00:00,0.03716597049221491
2015-01-20 00:00:00,0.022155769130507666
2015-01-21 00:00:00,0.1351019223460773
2015-01-22 00:00:00,0.011327131723454625
2015-01-23 00:00:00,0.020684668582502733
2015-01-26 00:00:00,-0.14286525022963692
2015-01-27 00:00:00,-0.07691408165233501
2015-01-28 00:00:00,0.08015888604402739
2015-01-29 00:00:00,-0.08522482696516734
2015-01-30 00:00:00,0.07376217390358597
2015-02-02 00:00:00,0.08395258574988772
2015-02-03 00:00:00,-0.01756762615932089
2015-02-04 00:00:00,0.07482686498927603
2015-02-05 00:00:00,-0.031320141412357824
2015-02-06 00:00:00,-0.028672416080408894
2015-02-09 00:00:00,0.09301656553904457
2015-02-10 00:00:00,0.019325928363081116
2015-02-11 00:00:00,0.0767478319597227
2015-02-12 00:00:00,0.046341052344781294
2015-02-13 00:00:00,0.006764225207342418
2015-02-17 00:00:00,0.00876331547525985
2015-02-18 00:00:00,0.02231936722825135
2015-02-19 00:00:00,0.03694185943463791
2015-02-20 00:00:00,0.005782388059701462
2015-02-23 00:00:00,0.008211038152343015
2015-02-24 00:00:00,-0.0011214422252523674
2015-02-25 00:00:00,0.023480782716894848
2015-02-26 00:00:00,-0.027623182205386208
2015-02-27 00:00:00,0.04997477652508312
2015-03-02 00:00:00,-0.031328217644099765
2015-03-03 00:00:00,-0.014504159392491969
2015-03-04 00:00:00,0.017782910192352137
2015-03-05 00:00:00,-0.06438872020660133
2015-03-06 00:00:00,0.017916604589256722
2015-03-09 00:00:00,-0.10246242030197902
2015-03-10 00:00:00,-0.012942243092341524
2015-03-11 00:00:00,0.0557456822898867
2015-03-12 00:00:00,-0.027298335870871583
2015-03-13 00:00:00,0.07160419067063341
2015-03-16 00:00:00,0.009432533995705948
2015-03-17 00:00:00,0.05241522529832691
2015-03-18 00:00:00,0.010684220023341306
2015-03-19 00:00:00,0.03718104637163789
2015-03-20 00:00:00,-0.01670418452009259
2015-03-23 00:00:00,-0.01786500816889932
2015-03-24 00:00:00,-0.14064798306953352
2015-03-25 00:00:00,-0.01695572728390928
2015-03-26 00:00:00,0.03556182230110631
2015-03-27 00:00:00,0.06812548764343712
2015-03-30 00:00:00,-0.056085025279883266
2015-03-31 00:00:00,-0.025918086558085723
2015-04-01 00:00:00,0.008495696501590167
2015-04-02 00:00:00,0.03758669737881026
2015-04-06 00:00:00,-0.008646186704441176
2015-04-07 00:00:00,0.04851834071790519
2015-04-08 00:00:00,0.02732334376553015
2015-04-09 00:00:00,0.02402807289958668
2015-04-10 00:00:00,-0.008604773181931934
2015-04-13 00:00:00,-0.012328614766199722
2015-04-14 00:00:00,0.03746624363883727
2015-04-15 00:00:00,-0.00352760148884487
2015-04-16 00:00:00,-0.08678690663301807
2015-04-17 00:00:00,0.07225102965518079
2015-04-20 00:00:00,0.021415812816084987
2015-04-21 00:00:00,0.022635715073230752
2015-04-22 00:00:00,0.021947948586927075
2015-04-23 00:00:00,0.036748124050687905
2015-04-24 00:00:00,-0.032403426458126654
2015-04-27 00:00:00,-0.0050101436377730495
2015-04-28 00:00:00,-0.03360565149916399
2015-04-29 00:00:00,-0.0925775455685497
2015-04-30 00:00:00,0.07275592565422842
2015-05-01 00:00:00,0.01257941436684134
2015-05-04 00:00:00,-0.08780384996292577
2015-05-05 00:00:00,-0.023561769034277154
2015-05-06 00:00:00,0.03087915739922561
2015-05-07 00:00:00,0.06588625106484754
2015-05-08 00:00:00,-0.011030315407988102
2015-05-11 00:00:00,-0.019504323677685384
2015-05-12 00:00:00,0.006213538292915642
2015-05-13 00:00:00,0.07495320969169796
2015-05-14 00:00:00,-0.0026259066645440148
2015-05-15 00:00:00,0.03109796389260684
2015-05-18 00:00:00,-0.008577803226076498
2015-05-19 00:00:00,0.0017505154972454584
2015-05-20 00:00:00,0.019291696787654487
2015-05-21 00:00:00,-0.0014354849676300868
2015-05-22 00:00:00,-0.0585414002131743
2015-05-26 00:00:00,0.0756997099558169
2015-05-27 00:00:00,-0.00853724933648791
2015-05-28 00:00:00,-0.028227787723424505
2015-05-29 00:00:00,0.013127594092227909
2015-06-01 00:00:00,-0.00650151222007323
2015-06-02 00:00:00,0.02284569527827663
2015-06-03 00:00:00,-0.040709686789443665
2015-06-04 00:00:00,0.00962861198708875
2015-06-05 00:00:00,-0.049238862051668275
2015-06-08 00:00:00,-0.008398275004964666
2015-06-09 00:00:00,0.0660454057736658
2015-06-10 00:00:00,0.005903514213129863
2015-06-11 00:00:00,-0.03228301144558969
2015-06-12 00:00:00,-0.022318977927194956
2015-06-15 00:00:00,0.026956262760564047
2015-06-16 00:00:00,0.009654126690038622
2015-06-17 00:00:00,0.06774799366414463
2015-06-18 00:00:00,-0.01546788501656083
2015-06-19 00:00:00,0.035493589387826624
2015-06-22 00:00:00,0.005755566752968147
2015-06-23 00:00:00,-0.035975737468901335
2015-06-24 00:00:00,-0.009985375103079744
2015-06-25 00:00:00,-0.03160138428811331
2015-06-26 00:00:00,-0.13202392030432278
2015-06-29 00:00:00,0.03231592926025922
2015-06-30 00:00:00,0.028968439165513192
2015-07-01 00:00:00,-0.004262259133747798
2015-07-02 00:00:00,-0.019045553486882333
2015-07-06 00:00:00,0.006127065282238021
2015-07-07 00:00:00,-0.10208490056224684
2015-07-08 00:00:00,0.015371862205494875
2015-07-09 00:00:00,0.08697884070499086
2015-07-10 00:00:00,0.07849167102395546
2015-07-13 00:00:00,0.0335706018043925
2015-07-14 00:00:00,-0.005902158606250041
2015-07-15 00:00:00,0.0619508251551795
2015-07-16 00:00:00,0.04297533810574101
2015-07-17 00:00:00,0.007780459670480025
2015-07-20 00:00:00,-0.009591557471606848
2015-07-21 00:00:00,-0.03316398482992541
2015-07-22 00:00:00,-0.0238061190852321
2015-07-23 00:00:00,-0.05645498969816605
2015-07-24 00:00:00,-0.05034915755648106
2015-07-27 00:00:00,0.050932064558758136
2015-07-28 00:00:00,0.022371142878549674
2015-07-29 00:00:00,0.016610326921655226
2015-07-30 00:00:00,-0.000483205419692786
2015-07-31 00:00:00,-0.012548015663022325
2015-08-03 00:00:00,-0.009668766574670397
2015-08-04 00:00:00,0.033424959379632684
2015-08-05 00:00:00,-0.08318074818553099
2015-08-06 00:00:00,-0.013490766143226153
2015-08-07 00:00:00,0.05953331779996506
2015-08-10 00:00:00,-0.06666570001683537
2015-08-11 00:00:00,0.008027041528098498
2015-08-12 00:00:00,-0.011458076884034909
2015-08-13 00:00:00,0.015500000636131092
2015-08-14 00:00:00,0.044527015348880226
2015-08-17 00:00:00,-0.03295437648149649
2015-08-18 00:00:00,-0.042633017385055226
2015-08-19 00:00:00,-0.166044688066398
2015-08-20 00:00:00,-0.24687981561915442
2015-08-21 00:00:00,-0.34763948779632076
2015-08-26 00:00:00,0.17458529362013775
2015-08-27 00:00:00,0.021480069833930145
2015-08-28 00:00:00,-0.07314438271156921
2015-08-31 00:00:00,-0.23024011584776705
2015-09-01 00:00:00,0.1906069871117038
2015-09-02 00:00:00,-0.025434740864635652
2015-09-03 00:00:00,-0.08067001749740739
2015-09-04 00:00:00,0.1963169749664111
2015-09-08 00:00:00,-0.08028038891767678
2015-09-09 00:00:00,0.05820459126368394
2015-09-10 00:00:00,0.036466724736994575
2015-09-11 00:00:00,-0.023020058010955836
2015-09-14 00:00:00,0.07409760824498411
2015-09-15 00:00:00,0.036772748776373446
2015-09-16 00:00:00,0.005903540328259986
2015-09-17 00:00:00,-0.08706426941528722
2015-09-18 00:00:00,0.0023426067410468403
2015-09-21 00:00:00,-0.10341620372729823
2015-09-22 00:00:00,-0.006021560603347052
2015-09-23 00:00:00,-0.02810159643563936
2015-09-24 00:00:00,-0.07783832101331271
2015-09-25 00:00:00,-0.2750482646318136
2015-09-28 00:00:00,-0.06102169221669617
2015-09-29 00:00:00,0.21737298105126077
2015-09-30 00:00:00,0.013060413500867089
2015-10-01 00:00:00,0.14090862817053157
2015-10-02 00:00:00,0.11303662901015661
2015-10-05 00:00:00,-0.04903829840625227
2015-10-06 00:00:00,0.06332173531851643
2015-10-07 00:00:00,0.027773597327062388
2015-10-08 00:00:00,0.027077374622013723
2015-10-09 00:00:00,0.01102889193596001
2015-10-12 00:00:00,-0.05808106908642587
2015-10-13 00:00:00,-0.019771647920908512
2015-10-14 00:00:00,0.11922081219245778
2015-10-15 00:00:00,0.021144530797675306
2015-10-16 00:00:00,0.023408911409055676
2015-10-19 00:00:00,-0.0306485809125197
2015-10-20 00:00:00,-0.05328802266096551
2015-10-21 00:00:00,0.10173905673460348
2015-10-22 00:00:00,0.12691273974251568
2015-10-23 00:00:00,0.003023218088292783
2015-10-26 00:00:00,-0.004847699090722051
2015-10-27 00:00:00,0.06765232760210127
2015-10-28 00:00:00,-0.021610782096959914
2015-10-29 00:00:00,-0.021150283991662976
2015-10-30 00:00:00,0.07367795006772142
2015-11-02 00:00:00,0.017249616903619844
2015-11-03 00:00:00,-0.0025236421181493453
2015-11-04 00:00:00,-0.014154872861420444
2015-11-05 00:00:00,0.018569740438338003
2015-11-06 00:00:00,-0.050447191798302565
2015-11-09 00:00:00,-0.012114270735225694
2015-11-10 00:00:00,-0.016528728899400134
2015-11-11 00:00:00,-0.06575801728815615
2015-11-12 00:00:00,-0.08851838332868829
2015-11-13 00:00:00,0.06581128781203692
2015-11-16 00:00:00,0.0015701958839887844
2015-11-17 00:00:00,0.09526482738850008
2015-11-18 00:00:00,-0.0015908459597977192
2015-11-19 00:00:00,0.0314235489412754
2015-11-20 00:00:00,-0.0024159604500209628
2015-11-23 00:00:00,0.00032717634010819685
2015-11-24 00:00:00,0.013124194041676734
2015-11-25 00:00:00,0.01106942522778858
2015-11-27 00:00:00,-0.018403034843518844
2015-11-30 00:00:00,0.04587245463599705
2015-12-01 00:00:00,-0.031637531369211824
2015-12-02 00:00:00,-0.08690877677663011
2015-12-03 00:00:00,0.10524453507492529
2015-12-04 00:00:00,-0.03935280143406788
2015-12-07 00:00:00,-0.0035476488877227135
2015-12-08 00:00:00,-0.07799930471383468
2015-12-09 00:00:00,0.023718080133236796
2015-12-10 00:00:00,-0.1248900024737209
2015-12-11 00:00:00,0.02209520403939514
2015-12-14 00:00:00,0.04901983229484072
2015-12-15 00:00:00,0.08069549170600065
2015-12-16 00:00:00,-0.07275235719281445
2015-12-17 00:00:00,-0.09150903541393253
2015-12-18 00:00:00,0.053801286834452774
2015-12-21 00:00:00,0.03612200801786422
2015-12-22 00:00:00,0.04821634556478349
2015-12-23 00:00:00,0.0026850850288844988
2015-12-24 00:00:00,-0.00788674926075082
2015-12-28 00:00:00,0.06829435913522244
2015-12-29 00:00:00,-0.04238769323976858
2015-12-30 00:00:00,-0.062001622757558966
2015-12-31 00:00:00,-0.1212430410561904
2016-01-04 00:00:00,-0.014511591072255883
2016-01-05 00:00:00,-0.07234750866393076
2016-01-06 00:00:00,-0.21966616656732044
2016-01-07 00:00:00,-0.08000728411717005
2016-01-08 00:00:00,-0.010309540283373893
2016-01-11 00:00:00,0.08440631244849908
2016-01-12 00:00:00,-0.31466502647077127
2016-01-13 00:00:00,0.18709585421995106
2016-01-14 00:00:00,-0.278194248495804
2016-01-15 00:00:00,-0.029493976549129924
2016-01-21 00:00:00,0.2737557362132617
2016-01-22 00:00:00,-0.15798539727902386
2016-01-25 00:00:00,0.10956625704259179
2016-01-26 00:00:00,-0.23567339968285933
2016-01-27 00:00:00,0.0979063284535926
2016-01-28 00:00:00,0.2309467803211996
2016-01-29 00:00:00,0.012266262885414873
2016-02-01 00:00:00,-0.21864485406987763
2016-02-02 00:00:00,-0.030494897703372787
2016-02-03 00:00:00,0.01287715078605821
2016-02-04 00:00:00,-0.434098189075349
2016-02-05 00:00:00,-0.3491725051667718
2016-02-08 00:00:00,-0.08219273570777448
2016-02-09 00:00:00,0.08134935108660685
2016-02-12 00:00:00,0.33926862994094525
2016-02-16 00:00:00,0.2520697672757116
2016-02-17 00:00:00,-0.11166750082508427
2016-02-18 00:00:00,0.04199929852590847
2016-02-19 00:00:00,0.14941573508202693
2016-02-22 00:00:00,-0.151487973158511
2016-02-23 00:00:00,0.09097301389532331
2016-02-24 00:00:00,0.0845309635806827
2016-02-25 00:00:00,0.016790198008186062
2016-02-26 00:00:00,-0.0677142724212276
2016-02-29 00:00:00,0.24968423155083908
2016-03-01 00:00:00,0.022929458295471477
2016-03-02 00:00:00,0.006539745647796439
2016-03-03 00:00:00,0.015523227853972948
2016-03-04 00:00:00,-0.01417144514456692
2016-03-07 00:00:00,-0.10171904945846244
2016-03-08 00:00:00,0.045021441356421575
2016-03-09 00:00:00,-0.021271113181938993
2016-03-10 00:00:00,0.14137009926344773
2016-03-11 00:00:00,0.0027601678881713962
2016-03-14 00:00:00,-0.03347037888807414
2016-03-15 00:00:00,0.05410937485527241
2016-03-16 00:00:00,0.016309231960185015
2016-03-17 00:00:00,0.029876794305085812
2016-03-18 00:00:00,0.018660330257962883
2016-03-21 00:00:00,0.017727673153195574
2016-03-22 00:00:00,-0.07530467925714956
2016-03-23 00:00:00,0.006849880060065073
2016-03-24 00:00:00,-0.009920602000276123
2016-03-28 00:00:00,0.11209155306724507
2016-03-29 00:00:00,0.02966778486796321
2016-03-30 00:00:00,0.0007219144823739731
2016-03-31 00:00:00,0.05598745926350151
2016-04-01 00:00:00,-0.028097134856667646
2016-04-04 00:00:00,-0.0618594472542397
2016-04-05 00:00:00,0.09745813301337203
2016-04-06 00:00:00,-0.09155689738429686
2016-04-07 00:00:00,0.0030695398396753232
2016-04-08 00:00:00,-0.023107658494175776
2016-04-11 00:00:00,0.050987833893225476
2016-04-12 00:00:00,0.09238399027746329
2016-04-13 00:00:00,-0.0017936662310680236
2016-04-14 00:00:00,-0.00904177396224273
2016-04-15 00:00:00,0.025487885268404665
2016-04-18 00:00:00,-0.02299248711898844
2016-04-19 00:00:00,0.009171376460155613
2016-04-20 00:00:00,-0.002625000647329253
2016-04-21 00:00:00,-0.04766104612181666
2016-04-22 00:00:00,-0.012933114381130636
2016-04-25 00:00:00,-0.00940832924862654
2016-04-26 00:00:00,-0.03215325554050583
2016-04-27 00:00:00,-0.07816892846905307
2016-04-28 00:00:00,-0.04297567349378582
2016-04-29 00:00:00,0.06011469453251867
2016-05-02 00:00:00,-0.07808608072220659
2016-05-03 00:00:00,-0.057773187951904094
2016-05-04 00:00:00,-0.013624181878278595
2016-05-05 00:00:00,0.030136208879038777
2016-05-06 00:00:00,0.02163550292338914
2016-05-09 00:00:00,0.08700278765626467
2016-05-10 00:00:00,-0.0711639382084015
2016-05-11 00:00:00,-0.03565479817718694
2016-05-12 00:00:00,-0.031009129292538122
2016-05-13 00:00:00,0.08856897171557414
2016-05-16 00:00:00,-0.09169964704858204
2016-05-17 00:00:00,0.03691742083558636
2016-05-18 00:00:00,-0.042076069038835893
2016-05-19 00:00:00,0.08816576715156198
2016-05-20 00:00:00,-0.005609589065761041
2016-05-23 00:00:00,0.13259258559813347
2016-05-24 00:00:00,0.04314619017260544
2016-05-25 00:00:00,0.0085511972573189
2016-05-26 00:00:00,0.03851847605528132
2016-05-27 00:00:00,0.01717843311744848
2016-05-31 00:00:00,0.004904621069877953
2016-06-01 00:00:00,0.0220160545844365
2016-06-02 00:00:00,-0.033414777951351254
2016-06-03 00:00:00,0.030390676978638963
2016-06-06 00:00:00,-0.007986624034954955
2016-06-07 00:00:00,0.014741591323516073
2016-06-08 00:00:00,-0.018354060641708678
2016-06-09 00:00:00,-0.07697049987505918
2016-06-10 00:00:00,-0.05930576076004967
2016-06-13 00:00:00,-0.006500946637912246
2016-06-14 00:00:00,-0.011562855210635607
2016-06-15 00:00:00,0.01338855447339787
2016-06-16 00:00:00,-0.06118347061227982
2016-06-17 00:00:00,0.05086617611984939
2016-06-20 00:00:00,0.008771587423051235
2016-06-21 00:00:00,-0.014017965430068705
2016-06-22 00:00:00,0.09870397671197717
2016-06-23 00:00:00,-0.28440964688202847
2016-06-24 00:00:00,-0.20439093944607944
2016-06-27 00:00:00,0.17781210392791424
2016-06-28 00:00:00,0.13636183640863173
2016-06-29 00:00:00,0.08848642657855461
2016-06-30 00:00:00,0.026225378812138645
2016-07-01 00:00:00,-0.052978944112454324
2016-07-05 00:00:00,0.048534008739361985
2016-07-06 00:00:00,0.022798236973686183
2016-07-07 00:00:00,0.09721935053077536
2016-07-08 00:00:00,0.03627590745351235
2016-07-11 00:00:00,0.037483889689752616
2016-07-12 00:00:00,-0.018566325425895026
2016-07-13 00:00:00,0.03059239790449871
2016-07-14 00:00:00,-0.004765433524622952
2016-07-15 00:00:00,0.02760173043930129
2016-07-18 00:00:00,-0.020382551136020603
2016-07-19 00:00:00,0.05526610551132355
2016-07-20 00:00:00,-0.016222999856375868
2016-07-21 00:00:00,0.02644007265955412
2016-07-22 00:00:00,-0.002517380663744751
2016-07-25 00:00:00,0.012296295555886452
2016-07-26 00:00:00,0.028863040805827477
2016-07-27 00:00:00,0.014398128623227322
2016-07-28 00:00:00,0.006714925114962016
2016-07-29 00:00:00,0.02044769965966995
2016-08-01 00:00:00,-0.043551266255356755
2016-08-02 00:00:00,0.020864309366086582
2016-08-03 00:00:00,0.006088339338806869
2016-08-04 00:00:00,0.04989626937127239
2016-08-05 00:00:00,-0.007103720175557934
2016-08-08 00:00:00,0.010963626879645166
2016-08-09 00:00:00,-0.01864024891270706
2016-08-10 00:00:00,0.021217030779346717
2016-08-11 00:00:00,0.003949645508298053
2016-08-12 00:00:00,0.025250834108677435
2016-08-15 00:00:00,-0.03033809860362652
2016-08-16 00:00:00,0.0013669667950050963
2016-08-17 00:00:00,0.010073226478824205
2016-08-18 00:00:00,-0.0015452048238110369
2016-08-19 00:00:00,0.005419655837424356
2016-08-22 00:00:00,0.01336151577940998
2016-08-23 00:00:00,-0.03702256577030196
2016-08-24 00:00:00,-0.004896445339238745
2016-08-25 00:00:00,0.005990217122963739
2016-08-26 00:00:00,0.011848116854510312
2016-08-29 00:00:00,-0.008237061394430086
2016-08-30 00:00:00,-0.008689675210951679
2016-08-31 00:00:00,0.012419571272510872
2016-09-01 00:00:00,0.01982096884508124
2016-09-02 00:00:00,0.022248411462076352
2016-09-06 00:00:00,0.006761430503238184
2016-09-07 00:00:00,-0.02075762913237514
2016-09-08 00:00:00,-0.12169620907029921
2016-09-09 00:00:00,0.08001459346690591
2016-09-12 00:00:00,-0.05198481606252107
2016-09-13 00:00:00,0.017296949967589632
2016-09-14 00:00:00,0.06793564512144264
2016-09-15 00:00:00,-0.004439325062753643
2016-09-16 00:00:00,-0.008324495882555044
2016-09-19 00:00:00,0.0055227511177572
2016-09-20 00:00:00,0.045840674161813665
2016-09-21 00:00:00,0.036241854307334634
2016-09-22 00:00:00,-0.0274824590310528
2016-09-23 00:00:00,-0.040633522330052615
2016-09-26 00:00:00,0.04060048567454222
2016-09-27 00:00:00,0.01053875485374453
2016-09-28 00:00:00,-0.04116976903293452
2016-09-29 00:00:00,0.03580766396147943
2016-09-30 00:00:00,-0.009178123873353723
2016-10-03 00:00:00,-0.0093301016817579
2016-10-04 00:00:00,0.02180268730879306
2016-10-05 00:00:00,-0.007530797619586559
2016-10-06 00:00:00,-0.011983535983076398
2016-10-07 00:00:00,0.029810853217330176
2016-10-10 00:00:00,-0.06860549262626865
2016-10-11 00:00:00,-0.006761668354666411
2016-10-12 00:00:00,-0.022687213897629996
2016-10-13 00:00:00,0.0007411596621644357
2016-10-14 00:00:00,-0.012882063864389537
2016-10-17 00:00:00,0.03902783285580106
2016-10-18 00:00:00,0.0022324305881425218
2016-10-19 00:00:00,-0.003981480559969759
2016-10-20 00:00:00,0.01347075268034098
2016-10-21 00:00:00,0.04407196047935059
2016-10-24 00:00:00,-0.021973994260425476
2016-10-25 00:00:00,-0.02824410811604386
2016-10-26 00:00:00,-0.03010706754967226
2016-10-27 00:00:00,-0.023322974863845665
2016-10-28 00:00:00,-0.0008759992022369249
2016-10-31 00:00:00,-0.033002707203314906
2016-11-01 00:00:00,-0.04635911288282082
2016-11-02 00:00:00,-0.047731044090410915
2016-11-03 00:00:00,-0.01255996666213529
2016-11-04 00:00:00,0.11845949290210711
2016-11-07 00:00:00,0.02515683326509786
2016-11-08 00:00:00,0.05103388198585267
2016-11-09 00:00:00,-0.037208521777126385
2016-11-10 00:00:00,0.025072618226773136
2016-11-11 00:00:00,-0.01649972400698289
2016-11-14 00:00:00,0.04962723684132251
2016-11-15 00:00:00,0.015915329869349227
2016-11-16 00:00:00,0.0322765198085869
2016-11-17 00:00:00,-0.010097965815319167
2016-11-18 00:00:00,0.03784186213150825
2016-11-21 00:00:00,0.013623673466345184
2016-11-22 00:00:00,-0.004396174760881181
2016-11-23 00:00:00,0.014073818379892878
2016-11-25 00:00:00,-0.023340377152821605
2016-11-28 00:00:00,0.00867562357518493
2016-11-29 00:00:00,-0.044712172352451576
2016-11-30 00:00:00,-0.06081715002554961
2016-12-01 00:00:00,0.003915159085796068
2016-12-02 00:00:00,0.04480377069490887
2016-12-05 00:00:00,0.019647319481063203
2016-12-06 00:00:00,0.04786629228025047
2016-12-07 00:00:00,0.017991289577718724
2016-12-08 00:00:00,0.020297596622002558
2016-12-09 00:00:00,-0.023945730145732255
2016-12-12 00:00:00,0.03815516753303022
2016-12-13 00:00:00,-0.020023241545754612
2016-12-14 00:00:00,0.014915555250411659
2016-12-15 00:00:00,-0.014550564765969666
2016-12-16 00:00:00,0.014983200223913678
2016-12-19 00:00:00,0.019246492140550284
2016-12-20 00:00:00,-0.00903948451356137
2016-12-21 00:00:00,-0.017581986075578936
2016-12-23 00:00:00,0.01791848943951126
2016-12-27 00:00:00,-0.03570268462322043
2016-12-28 00:00:00,-0.004822942787743905
2016-12-29 00:00:00,-0.03727676296747142
2016-12-30 00:00:00,0.03502531121714823
2017-01-03 00:00:00,0.03525789290101586
2017-01-04 00:00:00,0.007877887735015904
2017-01-05 00:00:00,0.023478421507128772
2017-01-06 00:00:00,0.00751034065089574
2017-01-09 00:00:00,0.013811929153863513
2017-01-11 00:00:00,-0.011054772705175795
2017-01-12 00:00:00,0.018152715111923137
2017-01-19 00:00:00,0.010488895397379159
2017-01-20 00:00:00,-0.0016366748643703317
2017-01-23 00:00:00,0.03237929261728914
2017-01-24 00:00:00,0.03608491195177329
2017-01-25 00:00:00,-0.0007424313799776524
2017-01-26 00:00:00,0.003579843089294011
2017-01-27 00:00:00,-0.030498435465457833
2017-01-30 00:00:00,0.0007103548152261323
2017-01-31 00:00:00,0.018150875109777243
2017-02-01 00:00:00,-0.004172813039395258
2017-02-02 00:00:00,0.019625455277209627
2017-02-03 00:00:00,-0.002049282978782518
2017-02-06 00:00:00,0.006774408307058312
2017-02-07 00:00:00,0.005193863201569219
2017-02-08 00:00:00,0.020392684250161507
2017-02-09 00:00:00,0.011619431514070461
2017-02-10 00:00:00,0.018021744841131355
2017-02-13 00:00:00,0.011080765117163693
2017-02-14 00:00:00,0.0215972733111491
2017-02-15 00:00:00,-0.0026343565941845653
2017-02-16 00:00:00,0.013664741903587154
2017-02-17 00:00:00,0.01556485324710569
2017-02-21 00:00:00,-0.0030066489154090235
2017-02-22 00:00:00,-0.014319440220955866
2017-02-23 00:00:00,0.005610965584220526
2017-02-24 00:00:00,0.009427017773655502
2017-02-27 00:00:00,-0.02083624637809146
2017-02-28 00:00:00,0.04438421506334136
2017-03-01 00:00:00,-0.023932453381102586
2017-03-02 00:00:00,0.005377352281023367
2017-03-03 00:00:00,-0.012212767901154758
2017-03-06 00:00:00,-0.00872539973732907
2017-03-07 00:00:00,0.0020778985207885858
2017-03-08 00:00:00,0.0007224542316320843
2017-03-09 00:00:00,0.013048839843555149
2017-03-10 00:00:00,0.007915505930012647
2017-03-13 00:00:00,-0.010696675183758036
2017-03-14 00:00:00,0.02422425272879584
2017-03-15 00:00:00,0.00039297496995875327
2017-03-16 00:00:00,0.00013293846853026703
2017-03-17 00:00:00,0.0002931050770435901
2017-03-20 00:00:00,-0.06142491113093329
2017-03-21 00:00:00,0.01622595482862122
2017-03-22 00:00:00,-0.002288786319871899
2017-03-23 00:00:00,0.00638953549881914
2017-03-24 00:00:00,0.0066808630530752495
2017-03-27 00:00:00,0.019711735412126053
2017-03-28 00:00:00,0.012501568816085691
2017-03-29 00:00:00,0.009265214455360387
2017-03-30 00:00:00,-0.0014289329789732117
2017-03-31 00:00:00,-0.009428448709102373
2017-04-03 00:00:00,0.002179682672968166
2017-04-04 00:00:00,-0.019091318223149186
2017-04-05 00:00:00,0.008138789374224728
2017-04-06 00:00:00,-0.0006388723451420345
2017-04-07 00:00:00,0.0017473807731964472
2017-04-10 00:00:00,-0.007954841928803937
2017-04-11 00:00:00,-0.017415246171710835
2017-04-12 00:00:00,-0.017957851023399654
2017-04-13 00:00:00,0.029728318508729815
2017-04-17 00:00:00,-0.004160516991190873
2017-04-18 00:00:00,0.007693512089068265
2017-04-19 00:00:00,0.02992765730218296
2017-04-20 00:00:00,-0.003439667655653708
2017-04-21 00:00:00,0.0395540565412463
2017-04-24 00:00:00,0.021807764312811766
2017-04-25 00:00:00,-0.00013473584539848535
2017-04-26 00:00:00,0.012200952574819063
2017-04-27 00:00:00,-0.0006805202687172529
2017-04-28 00:00:00,0.02226507934234889
2017-05-01 00:00:00,0.001885281587451117
2017-05-02 00:00:00,-0.011466542745904579
2017-05-03 00:00:00,0.0014089886802435446
2017-05-04 00:00:00,0.012746609768466456
2017-05-05 00:00:00,0.000946439220595982
2017-05-08 00:00:00,0.008885590906047016
2017-05-09 00:00:00,0.0042097090316897505
2017-05-10 00:00:00,-0.006496634707509385
2017-05-11 00:00:00,0.0026027090112970596
2017-05-12 00:00:00,0.013929923673958983
2017-05-15 00:00:00,0.00977753466853786
2017-05-16 00:00:00,-0.0794845851368514
2017-05-17 00:00:00,0.02263135658459102
2017-05-18 00:00:00,0.014461532837127996
2017-05-19 00:00:00,0.024776811716572575
2017-05-22 00:00:00,0.0024921008960944488
2017-05-23 00:00:00,0.011817820457921539
2017-05-24 00:00:00,0.020207546680421577
2017-05-25 00:00:00,0.0023322090318315274
2017-05-26 00:00:00,-0.0033129588738382786
2017-05-30 00:00:00,-0.0022162987995891967
2017-05-31 00:00:00,0.022693451251722615
2017-06-01 00:00:00,0.027020474602765177
2017-06-02 00:00:00,-0.004585318902976541
2017-06-05 00:00:00,-0.009408787065949421
2017-06-06 00:00:00,0.010180414251466739
2017-06-07 00:00:00,0.011002872844070527
2017-06-08 00:00:00,-0.052447001474634436
2017-06-09 00:00:00,-0.015472781791844362
2017-06-12 00:00:00,0.02134450222101924
2017-06-13 00:00:00,-0.012053932172201897
2017-06-14 00:00:00,-0.01408661539748116
2017-06-15 00:00:00,-0.006654352596202601
2017-06-16 00:00:00,0.0415217229749678
2017-06-19 00:00:00,-0.024051194642871344
2017-06-20 00:00:00,0.021689894767302993
2017-06-21 00:00:00,0.0012793305447603455
2017-06-22 00:00:00,0.013239624698360378
2017-06-23 00:00:00,-0.008370319746752055
2017-06-26 00:00:00,-0.047809598496923705
2017-06-27 00:00:00,0.04187585717639718
2017-06-28 00:00:00,-0.04298225967761873
2017-06-29 00:00:00,-0.0019184586887766178
2017-06-30 00:00:00,-0.014945076933617355
2017-07-03 00:00:00,0.020033108896034445
2017-07-05 00:00:00,-0.030302507736441633
2017-07-06 00:00:00,0.03138122635213794
2017-07-07 00:00:00,0.01125578628714684
2017-07-10 00:00:00,0.008086647264908566
2017-07-11 00:00:00,0.03181488635686439
2017-07-12 00:00:00,0.00610389432607454
2017-07-13 00:00:00,0.017289418535557453
2017-07-14 00:00:00,0.0008829938297990728
2017-07-17 00:00:00,0.013365704270851278
2017-07-18 00:00:00,0.017936077329795116
2017-07-19 00:00:00,0.0021623846197612825
2017-07-20 00:00:00,-0.0009803487322629556
2017-07-21 00:00:00,0.01000224789987463
2017-07-24 00:00:00,0.0005867252722808263
2017-07-25 00:00:00,0.004553150738377898
2017-07-26 00:00:00,-0.01756883020688253
2017-07-27 00:00:00,-0.0032870385606914754
2017-07-28 00:00:00,-0.011712844659033897
2017-07-31 00:00:00,0.00655237405007748
2017-08-01 00:00:00,-0.00012782557011682027
2017-08-02 00:00:00,-0.009881749113671819
2017-08-03 00:00:00,0.004981952679977435
2017-08-04 00:00:00,0.014165361102846325
2017-08-07 00:00:00,-0.005829217730773265
2017-08-08 00:00:00,-0.007995151172039888
2017-08-09 00:00:00,-0.061850225965110334
2017-08-10 00:00:00,0.018521769588314734
2017-08-11 00:00:00,0.03795660723448734
2017-08-14 00:00:00,-0.0032192214432384967
2017-08-15 00:00:00,0.005389123146235156
2017-08-16 00:00:00,-0.056277182785252185
2017-08-17 00:00:00,-0.0025314083815749615
2017-08-18 00:00:00,-0.0016029287515517952
2017-08-21 00:00:00,0.03902825055471585
2017-08-22 00:00:00,-0.008691180468180753
2017-08-23 00:00:00,-0.00324611163716879
2017-08-24 00:00:00,-0.0026164128311103965
2017-08-25 00:00:00,0.007970429413467718
2017-08-28 00:00:00,0.008582520583510554
2017-08-29 00:00:00,0.029636365064426087
2017-08-30 00:00:00,0.026187023418988622
2017-08-31 00:00:00,0.002852563461783757
2017-09-01 00:00:00,-0.02585291450920382
2017-09-05 00:00:00,0.007744611222311715
2017-09-06 00:00:00,0.001981069577689684
2017-09-07 00:00:00,-0.01648875021231738
2017-09-08 00:00:00,0.03130389679093174
2017-09-11 00:00:00,0.009372297040954346
2017-09-12 00:00:00,0.00250063670160683
2017-09-13 00:00:00,-0.013233579424883861
2017-09-14 00:00:00,0.00826875524309885
2017-09-15 00:00:00,0.002616834582877212
2017-09-18 00:00:00,0.002825341413776163
2017-09-19 00:00:00,-0.002232556164362042
2017-09-20 00:00:00,-0.014218441336279556
2017-09-21 00:00:00,0.0018146394273627347
2017-09-22 00:00:00,-0.02443962188209076
2017-09-25 00:00:00,0.004194564476649284
2017-09-26 00:00:00,0.03147121489517531
2017-09-27 00:00:00,8.07045546683039e-05
2017-09-28 00:00:00,0.017854729472774673
2017-09-29 00:00:00,0.008605101004579266
2017-10-02 00:00:00,0.006167517658691493
2017-10-03 00:00:00,0.0011969854158061296
2017-10-04 00:00:00,0.020570643982231712
2017-10-05 00:00:00,0.0019327668679027614
2017-10-06 00:00:00,-0.0041948808494506875
2017-10-09 00:00:00,0.003020434140776446
2017-10-10 00:00:00,0.0065157053141942645
2017-10-11 00:00:00,-0.004808798936141407
2017-10-12 00:00:00,0.005704891443060501
2017-10-13 00:00:00,0.007219103160811357
2017-10-16 00:00:00,-0.00013432266996204838
2017-10-17 00:00:00,0.0002213525812443779
2017-10-18 00:00:00,-0.007596769752217535
2017-10-19 00:00:00,0.009503542307317335
2017-10-20 00:00:00,-0.016793125852008428
2017-10-23 00:00:00,0.0046421699922420175
2017-10-24 00:00:00,-0.013886296768812461
2017-10-25 00:00:00,-0.002886664357121097
2017-10-26 00:00:00,0.05700792686737682
2017-10-27 00:00:00,-0.0008823898866490405
2017-10-30 00:00:00,0.010960026896143237
2017-10-31 00:00:00,-0.00423849656933355
2017-11-01 00:00:00,-0.0006063567009037638
2017-11-02 00:00:00,0.018708617039644423
2017-11-03 00:00:00,0.00820389898492238
2017-11-06 00:00:00,-0.006954114693230487
2017-11-07 00:00:00,0.007948980835163324
2017-11-08 00:00:00,-0.01460155237204272
2017-11-09 00:00:00,0.0003350505262364377
2017-11-10 00:00:00,0.002503352128361709
2017-11-13 00:00:00,-0.0074341954600517365
2017-11-14 00:00:00,-0.01204616589402291
2017-11-15 00:00:00,0.03278939729059749
2017-11-16 00:00:00,-0.0038971689729464997
2017-11-17 00:00:00,0.002940956486501459
2017-11-20 00:00:00,0.026263748385859556
2017-11-21 00:00:00,0.0017609620418292885
2017-11-22 00:00:00,0.007829235880158793
2017-11-24 00:00:00,-0.003813581955637127
2017-11-27 00:00:00,0.01207861499697111
2017-11-28 00:00:00,-0.03170800759877448
2017-11-29 00:00:00,0.01799422571362632
2017-11-30 00:00:00,-0.009533973733586432
2017-12-01 00:00:00,-0.02657533800295436
2017-12-04 00:00:00,-0.004919663364218583
2017-12-05 00:00:00,0.005296146462848152
2017-12-06 00:00:00,0.013499710904402903
2017-12-07 00:00:00,0.009968379672597656
2017-12-08 00:00:00,0.012663861398675608
2017-12-11 00:00:00,-0.004598419144629515
2017-12-12 00:00:00,0.004857158620023207
2017-12-13 00:00:00,-0.006950712638040375
2017-12-14 00:00:00,0.02856295701715778
2017-12-15 00:00:00,0.02025897260930499
2017-12-18 00:00:00,-0.010712051018703359
2017-12-19 00:00:00,-0.0010074967353700716
2017-12-20 00:00:00,0.0015333948473761543
2017-12-21 00:00:00,-0.0018822296100213273
2017-12-22 00:00:00,-0.008306706724335637
2017-12-26 00:00:00,0.001086434831181677
2017-12-27 00:00:00,0.003795304413845206
2017-12-28 00:00:00,-0.01650937115560929
2017-12-29 00:00:00,0.03617881917820944
2018-01-02 00:00:00,0.019926248067784706
2018-01-03 00:00:00,0.004157357271729789
2018-01-04 00:00:00,0.019463247076360206
2018-01-05 00:00:00,0.006822397997647862
2018-01-08 00:00:00,0.0020184299032766735
2018-01-09 00:00:00,-0.0032662023774027503
2018-01-10 00:00:00,0.018845431303699332
2018-01-11 00:00:00,0.01568145820427101
2018-01-12 00:00:00,-0.011868936939565042
2018-01-16 00:00:00,0.023551722699381054
2018-01-17 00:00:00,-0.0006961309585186373
2018-01-18 00:00:00,0.012515542057660069
2018-01-19 00:00:00,0.021855802164459016
2018-01-22 00:00:00,0.015645290159902316
2018-01-23 00:00:00,-0.013526314795470363
2018-01-24 00:00:00,-0.0011749043586625322
2018-01-25 00:00:00,0.028120285694771985
2018-01-26 00:00:00,-0.01157324525554349
2018-01-29 00:00:00,-0.0191670398548304
2018-01-30 00:00:00,0.002716403176882332
2018-01-31 00:00:00,-0.007752207451060009
2018-02-01 00:00:00,-0.045015748275675074
2018-02-02 00:00:00,-0.09088576919177167
2018-02-05 00:00:00,0.0503340761218343
2018-02-06 00:00:00,-0.02137089786566143
2018-02-07 00:00:00,-0.09750347960341914
2018-02-08 00:00:00,0.03562903364515703
2018-02-09 00:00:00,0.03792006598317132
2018-02-12 00:00:00,0.010864508057846863
2018-02-13 00:00:00,0.04359800252653339
2018-02-14 00:00:00,0.0363210908103699
2018-02-15 00:00:00,-0.005376997443788957
2018-02-16 00:00:00,-0.001641732457043721
