Date,SP500
2010-02-23 00:00:00,-0.015792331552273848
2010-02-24 00:00:00,0.003435016270446483
2010-02-25 00:00:00,-0.002313629153091003
2010-02-26 00:00:00,-0.016908654271135953
2010-03-01 00:00:00,-0.003959527695853175
2010-03-02 00:00:00,-0.0007326490258158596
2010-03-03 00:00:00,-0.006403108035793383
2010-03-04 00:00:00,-0.02447055504531683
2010-03-05 00:00:00,0.0003148439919239105
2010-03-08 00:00:00,-0.0030746426080446973
2010-03-09 00:00:00,-0.008182138847114292
2010-03-10 00:00:00,-0.007399108356164969
2010-03-11 00:00:00,0.0004009207747560824
2010-03-12 00:00:00,-0.0008341279220861068
2010-03-15 00:00:00,-0.01446611459646649
2010-03-16 00:00:00,-0.01105038555571535
2010-03-17 00:00:00,0.0006253583279647502
2010-03-18 00:00:00,0.00970831174587042
2010-03-19 00:00:00,-0.009675578857372974
2010-03-22 00:00:00,-0.013848374111675563
2010-03-23 00:00:00,0.010701450889661325
2010-03-24 00:00:00,0.003278651695683285
2010-03-25 00:00:00,-0.0014155693358611071
2010-03-26 00:00:00,-0.010981037234670307
2010-03-29 00:00:00,-8.335462400009032e-05
2010-03-30 00:00:00,0.006375212661902275
2010-03-31 00:00:00,-0.014452179086271241
2010-04-01 00:00:00,-0.015806409186067565
2010-04-05 00:00:00,-0.003417406771721175
2010-04-06 00:00:00,0.011893245431999737
2010-04-07 00:00:00,-0.0067715048210028606
2010-04-08 00:00:00,-0.013595956054077171
2010-04-09 00:00:00,-0.003648889822299383
2010-04-12 00:00:00,-0.0014217821717302426
2010-04-13 00:00:00,-0.023434227105887603
2010-04-14 00:00:00,-0.0018133063374702388
2010-04-15 00:00:00,0.03417740353983009
2010-04-16 00:00:00,-0.00931158556244456
2010-04-19 00:00:00,-0.01689072235579778
2010-04-20 00:00:00,0.0021690180311813435
2010-04-21 00:00:00,-0.004820322607393324
2010-04-22 00:00:00,-0.015355955475600716
2010-04-23 00:00:00,0.009355781742004382
2010-04-26 00:00:00,0.049228606307716014
2010-04-27 00:00:00,-0.013051612770277148
2010-04-28 00:00:00,-0.02683729945170103
2010-04-29 00:00:00,0.034825038877438
2010-04-30 00:00:00,-0.02688342992552024
2010-05-03 00:00:00,0.048938580322611586
2010-05-04 00:00:00,0.012799330344771261
2010-05-05 00:00:00,0.06020934549673188
2010-05-06 00:00:00,0.026401646848427406
2010-05-07 00:00:00,-0.07655980280380591
2010-05-10 00:00:00,0.006396865024308731
2010-05-11 00:00:00,-0.026036419008828356
2010-05-12 00:00:00,0.02336262605817878
2010-05-13 00:00:00,0.03470162749923243
2010-05-14 00:00:00,-0.0019766983255616205
2010-05-17 00:00:00,0.025031784303823818
2010-05-18 00:00:00,0.008768581023814483
2010-05-19 00:00:00,0.06389984203082358
2010-05-20 00:00:00,-0.023198526634436067
2010-05-21 00:00:00,0.020260032544742044
2010-05-24 00:00:00,-0.0005429887477984066
2010-05-25 00:00:00,0.008652633988317714
2010-05-26 00:00:00,-0.05103025813634546
2010-05-27 00:00:00,0.0201499693773683
2010-05-28 00:00:00,0.026961761098111454
2010-06-01 00:00:00,-0.040157266729832095
2010-06-02 00:00:00,-0.006611402559344917
2010-06-03 00:00:00,0.05502779417376711
2010-06-04 00:00:00,0.020126295747306268
2010-06-07 00:00:00,-0.016071313472549677
2010-06-08 00:00:00,0.008827356404609433
2010-06-09 00:00:00,-0.04435433137191915
2010-06-10 00:00:00,-0.0069544338896731315
2010-06-11 00:00:00,0.002884020575931872
2010-06-14 00:00:00,-0.038142411714891356
2010-06-15 00:00:00,0.0009411552208321851
2010-06-16 00:00:00,-0.0021721646749405794
2010-06-17 00:00:00,-0.00223772475652848
2010-06-18 00:00:00,0.006547035186044394
2010-06-21 00:00:00,0.026725873517370328
2010-06-22 00:00:00,0.004808830080866461
2010-06-23 00:00:00,0.026564547180379317
2010-06-24 00:00:00,-0.004395523875705612
2010-06-25 00:00:00,0.0031375643900264285
2010-06-28 00:00:00,0.04657329172073144
2010-06-29 00:00:00,0.014274287512190032
2010-06-30 00:00:00,0.004485353097950303
2010-07-01 00:00:00,0.0063977093603766605
2010-07-02 00:00:00,-0.007322772133565414
2010-07-06 00:00:00,-0.04415977044829827
2010-07-07 00:00:00,-0.014087901171240216
2010-07-08 00:00:00,-0.01102103894674671
2010-07-09 00:00:00,-0.0011362161958821616
2010-07-12 00:00:00,-0.024162448133705362
2010-07-13 00:00:00,0.0002504655700008188
2010-07-14 00:00:00,-0.0019324740826228437
2010-07-15 00:00:00,0.045606739303652846
2010-07-16 00:00:00,-0.009027645341601229
2010-07-19 00:00:00,-0.017564322765892867
2010-07-20 00:00:00,0.019924809205785862
2010-07-21 00:00:00,-0.034798818465350115
2010-07-22 00:00:00,-0.013308555159947113
2010-07-23 00:00:00,-0.018576268344310077
2010-07-26 00:00:00,0.001774798841008057
2010-07-27 00:00:00,0.011616860571166447
2010-07-28 00:00:00,0.006867204591778553
2010-07-29 00:00:00,-0.000104070051676616
2010-07-30 00:00:00,-0.036764536358342585
2010-08-02 00:00:00,0.008301140890009849
2010-08-03 00:00:00,-0.01043364342636809
2010-08-04 00:00:00,0.0022095673175355542
2010-08-05 00:00:00,0.006415922886461039
2010-08-06 00:00:00,-0.00947674242728297
2010-08-09 00:00:00,0.010365796178942184
2010-08-10 00:00:00,0.04727001936539249
2010-08-11 00:00:00,0.008528138090786752
2010-08-12 00:00:00,0.006298305431977844
2010-08-13 00:00:00,-0.0001872287301853474
2010-08-16 00:00:00,-0.01913634011778473
2010-08-17 00:00:00,-0.002381192691594279
2010-08-18 00:00:00,0.02690412568029041
2010-08-19 00:00:00,0.0056285199654951155
2010-08-20 00:00:00,0.0061491744361456165
2010-08-23 00:00:00,0.02169355185867245
2010-08-24 00:00:00,-0.004804979307256706
2010-08-25 00:00:00,0.01122649254677426
2010-08-26 00:00:00,-0.024200970895897636
2010-08-27 00:00:00,0.02185801152215611
2010-08-30 00:00:00,-0.0005657434449426903
2010-08-31 00:00:00,-0.043682231669710594
2010-09-01 00:00:00,-0.014248834607943796
2010-09-02 00:00:00,-0.021305618383302905
2010-09-03 00:00:00,0.018756963891974916
2010-09-07 00:00:00,-0.010363905135561007
2010-09-08 00:00:00,-0.007900097498479655
2010-09-09 00:00:00,-0.008053249736221877
2010-09-10 00:00:00,-0.01877080645394561
2010-09-13 00:00:00,0.0012267297384507925
2010-09-14 00:00:00,-0.006102082816833248
2010-09-15 00:00:00,0.0006317860485327324
2010-09-16 00:00:00,-0.001433853326733732
2010-09-17 00:00:00,-0.026771265500691335
2010-09-20 00:00:00,0.004632790891283994
2010-09-21 00:00:00,0.00863902926542218
2010-09-22 00:00:00,0.014671451018037638
2010-09-23 00:00:00,-0.037434077770201926
2010-09-24 00:00:00,0.010361985595742204
2010-09-27 00:00:00,-0.008811063808464005
2010-09-28 00:00:00,0.004733297176406304
2010-09-29 00:00:00,0.0055968865577299244
2010-09-30 00:00:00,-0.008000617360585485
2010-10-01 00:00:00,0.014571953032944694
2010-10-04 00:00:00,-0.03796929634866445
2010-10-05 00:00:00,0.0012718150485678324
2010-10-06 00:00:00,0.0031072451677085513
2010-10-07 00:00:00,-0.011583628614842231
2010-10-08 00:00:00,-0.00027927275407891157
2010-10-11 00:00:00,-0.007341758616982727
2010-10-12 00:00:00,-0.013889395581759357
2010-10-13 00:00:00,0.007177110658853153
2010-10-14 00:00:00,-0.003975223417910372
2010-10-15 00:00:00,-0.014362341102643813
2010-10-18 00:00:00,0.0314376415452554
2010-10-19 00:00:00,-0.020394841344081913
2010-10-20 00:00:00,-0.0035157152767723862
2010-10-21 00:00:00,-0.00476335398786755
2010-10-22 00:00:00,-0.004310054782480348
2010-10-25 00:00:00,-3.404474800103782e-05
2010-10-26 00:00:00,0.0054102519298595405
2010-10-27 00:00:00,-0.0022522151813754725
2010-10-28 00:00:00,0.0008811498751666505
2010-10-29 00:00:00,-0.0018987490682498061
2010-11-01 00:00:00,-0.015717560510503926
2010-11-02 00:00:00,-0.007596340043487545
2010-11-03 00:00:00,-0.04095103114386899
2010-11-04 00:00:00,-0.008705440418430027
2010-11-05 00:00:00,0.0047347308142299555
2010-11-08 00:00:00,0.017736838018393018
2010-11-09 00:00:00,-0.009522494396931265
2010-11-10 00:00:00,0.009272561138739139
2010-11-11 00:00:00,0.025261279802998048
2010-11-12 00:00:00,0.0025381828405028287
2010-11-15 00:00:00,0.03314662558731803
2010-11-16 00:00:00,-0.00042001656671435383
2010-11-17 00:00:00,-0.030887695661943187
2010-11-18 00:00:00,-0.005282721977730216
2010-11-19 00:00:00,0.0032875863502763066
2010-11-22 00:00:00,0.029280229210158843
2010-11-23 00:00:00,-0.03016630228221684
2010-11-24 00:00:00,0.015436458838044663
2010-11-26 00:00:00,0.002802967467063066
2010-11-29 00:00:00,0.012230280687694606
2010-11-30 00:00:00,-0.04397888926129866
2010-12-01 00:00:00,-0.027614982461944444
2010-12-02 00:00:00,-0.005775834001511986
2010-12-03 00:00:00,0.0028920870272611627
2010-12-06 00:00:00,-0.0011449545803967314
2010-12-07 00:00:00,-0.008271586321960055
2010-12-08 00:00:00,-0.00869181715417033
2010-12-09 00:00:00,-0.013781047531656659
2010-12-10 00:00:00,-0.00011239952194632415
2010-12-13 00:00:00,-0.002121459879109002
2010-12-14 00:00:00,0.011881976110525666
2010-12-15 00:00:00,-0.01429053863664474
2010-12-16 00:00:00,-0.0019612667823177997
2010-12-17 00:00:00,-0.006001559933108586
2010-12-20 00:00:00,-0.014383281736538496
2010-12-21 00:00:00,-0.008201827756588845
2010-12-22 00:00:00,0.004012503777425347
2010-12-23 00:00:00,-0.0014907696525871884
2010-12-27 00:00:00,-0.0018810485684042375
2010-12-28 00:00:00,-0.002468288260195862
2010-12-29 00:00:00,0.003690449111070516
2010-12-30 00:00:00,0.0004651694037122747
2010-12-31 00:00:00,-0.02796270325319989
2011-01-03 00:00:00,0.003322517486816418
2011-01-04 00:00:00,-0.012712770152222679
2011-01-05 00:00:00,0.0054367661141753775
2011-01-06 00:00:00,0.004690536353749721
2011-01-07 00:00:00,0.0034787511984270807
2011-01-10 00:00:00,-0.009430520088406665
2011-01-11 00:00:00,-0.023265325700677984
2011-01-12 00:00:00,0.004500545158199333
2011-01-13 00:00:00,-0.019539736989339144
2011-01-14 00:00:00,-0.0037118831753709825
2011-01-18 00:00:00,0.027000234346974163
2011-01-19 00:00:00,0.0033700177368747287
2011-01-20 00:00:00,-0.006282040520253289
2011-01-21 00:00:00,-0.015393289418077463
2011-01-24 00:00:00,-0.0007045979832684445
2011-01-25 00:00:00,-0.01135952180523408
2011-01-26 00:00:00,-0.00611874748487609
2011-01-27 00:00:00,0.047771450854368826
2011-01-28 00:00:00,-0.01986061160776442
2011-01-31 00:00:00,-0.04503458711671102
2011-02-01 00:00:00,0.007608859855154057
2011-02-02 00:00:00,-0.006558133567627188
2011-02-03 00:00:00,-0.008112940468098658
2011-02-04 00:00:00,-0.01783283581497598
2011-02-07 00:00:00,-0.012215837732567656
2011-02-08 00:00:00,0.008182556410272462
2011-02-09 00:00:00,-0.002188769277862563
2011-02-10 00:00:00,-0.01624427308110977
2011-02-11 00:00:00,-0.007156505528972787
2011-02-14 00:00:00,0.009717763025530565
2011-02-15 00:00:00,-0.01882198473826685
2011-02-16 00:00:00,-0.009441982948081405
2011-02-17 00:00:00,-0.005972697234709877
2011-02-18 00:00:00,0.0620511377194012
2011-02-22 00:00:00,0.017393082846549848
2011-02-23 00:00:00,0.0027842502640225758
2011-02-24 00:00:00,-0.02991397357986254
2011-02-25 00:00:00,-0.01630670051575235
2011-02-28 00:00:00,0.04572870103104043
2011-03-01 00:00:00,-0.0045250114485593275
2011-03-02 00:00:00,-0.04963857926669428
2011-03-03 00:00:00,0.021939032598844256
2011-03-04 00:00:00,0.02406025845015865
2011-03-07 00:00:00,-0.02554174918919669
2011-03-08 00:00:00,0.00397546144736291
2011-03-09 00:00:00,0.05345459412667231
2011-03-10 00:00:00,-0.019347317046675826
2011-03-11 00:00:00,0.01666903391343587
2011-03-14 00:00:00,0.029968257266516408
2011-03-15 00:00:00,0.049563509696601955
2011-03-16 00:00:00,-0.033127816157664816
2011-03-17 00:00:00,-0.011041601533008186
2011-03-18 00:00:00,-0.039540420932249874
2011-03-21 00:00:00,0.009652379792413535
2011-03-22 00:00:00,-0.007886704652741265
2011-03-23 00:00:00,-0.025784287633808283
2011-03-24 00:00:00,-0.008962110052240357
2011-03-25 00:00:00,0.00781946466931329
2011-03-28 00:00:00,-0.020159132408510097
2011-03-29 00:00:00,-0.019608205575441514
2011-03-30 00:00:00,0.005440823316468096
2011-03-31 00:00:00,-0.014801610803832842
2011-04-01 00:00:00,-0.0010429019642304446
2011-04-04 00:00:00,0.0005442819222682267
2011-04-05 00:00:00,-0.0066198375174183035
2011-04-06 00:00:00,0.004622592510811988
2011-04-07 00:00:00,0.012058612483754573
2011-04-08 00:00:00,0.008293245266342236
2011-04-11 00:00:00,0.022669580499027484
2011-04-12 00:00:00,-0.0005441945312807809
2011-04-13 00:00:00,-0.00023950895486749693
2011-04-14 00:00:00,-0.011301620639960371
2011-04-15 00:00:00,0.03152439367734288
2011-04-18 00:00:00,-0.016093261799117336
2011-04-19 00:00:00,-0.03923634188309808
2011-04-20 00:00:00,-0.0159618368810984
2011-04-21 00:00:00,0.004870099822924288
2011-04-25 00:00:00,-0.02772848958156369
2011-04-26 00:00:00,-0.019942522869155148
2011-04-27 00:00:00,-0.01159742267108448
2011-04-28 00:00:00,-0.0076038797730045736
2011-04-29 00:00:00,0.0058113940390910205
2011-05-02 00:00:00,0.011090817553369358
2011-05-03 00:00:00,0.022054099483594172
2011-05-04 00:00:00,0.028258130218547284
2011-05-05 00:00:00,-0.011696528882072227
2011-05-06 00:00:00,-0.01414893143114757
2011-05-09 00:00:00,-0.025762480953447072
2011-05-10 00:00:00,0.03556497152161383
2011-05-11 00:00:00,-0.01533965174061869
2011-05-12 00:00:00,0.025276079898432738
2011-05-13 00:00:00,0.018861752219647497
2011-05-16 00:00:00,0.0011024546296190326
2011-05-17 00:00:00,-0.02666236398996745
2011-05-18 00:00:00,-0.006766315989964887
2011-05-19 00:00:00,0.02373479436110082
2011-05-20 00:00:00,0.03546638052808005
2011-05-23 00:00:00,0.002385806260249356
2011-05-24 00:00:00,-0.009202568221445172
2011-05-25 00:00:00,-0.011584626264452811
2011-05-26 00:00:00,-0.012149760273843775
2011-05-27 00:00:00,-0.032377146769732724
2011-05-31 00:00:00,0.06908917434091864
2011-06-01 00:00:00,0.0035007360933638505
2011-06-02 00:00:00,0.027360081853573803
2011-06-03 00:00:00,0.02911665893913684
2011-06-06 00:00:00,0.002520060763653759
2011-06-07 00:00:00,0.01094752090253427
2011-06-08 00:00:00,-0.019289419982743996
2011-06-09 00:00:00,0.03650476129487191
2011-06-10 00:00:00,-0.0016922539228715284
2011-06-13 00:00:00,-0.032483773526326025
2011-06-14 00:00:00,0.045175466945332574
2011-06-15 00:00:00,-0.004377356718584023
2011-06-16 00:00:00,-0.007657072942217962
2011-06-17 00:00:00,-0.013754583781022761
2011-06-20 00:00:00,-0.03525871550159624
2011-06-21 00:00:00,0.017373739361660822
2011-06-22 00:00:00,0.0074535894604885015
2011-06-23 00:00:00,0.03024122232725868
2011-06-24 00:00:00,-0.023328885425829383
2011-06-27 00:00:00,-0.0341476676817498
2011-06-28 00:00:00,-0.02277258992763029
2011-06-29 00:00:00,-0.02878442941792948
2011-06-30 00:00:00,-0.0429129542532583
2011-07-01 00:00:00,0.004115940969135322
2011-07-05 00:00:00,-0.003079466546447749
2011-07-06 00:00:00,-0.03275455963742274
2011-07-07 00:00:00,0.02215658824158282
2011-07-08 00:00:00,0.05500969952435506
2011-07-11 00:00:00,0.012797786327659471
2011-07-12 00:00:00,-0.008908267583515157
2011-07-13 00:00:00,0.019223597759479818
2011-07-14 00:00:00,-0.01576446483665314
2011-07-15 00:00:00,0.023116851559996047
2011-07-18 00:00:00,-0.04653437620987508
2011-07-19 00:00:00,0.0019893272196279447
2011-07-20 00:00:00,-0.04093015376107511
2011-07-21 00:00:00,-0.002841971436772119
2011-07-22 00:00:00,0.017551349041674866
2011-07-25 00:00:00,0.012506269156910875
2011-07-26 00:00:00,0.05943332100492514
2011-07-27 00:00:00,0.008961569680637825
2011-07-28 00:00:00,0.01758204324444043
2011-07-29 00:00:00,0.011031765018642222
2011-08-01 00:00:00,0.06538675777811467
2011-08-02 00:00:00,-0.012178475271732624
2011-08-03 00:00:00,0.11101144063271814
2011-08-04 00:00:00,0.0012020829926847221
2011-08-05 00:00:00,0.1302919335610084
2011-08-08 00:00:00,-0.08459936181488874
2011-08-09 00:00:00,0.08261020960262198
2011-08-10 00:00:00,-0.08279318580269783
2011-08-11 00:00:00,-0.01031867504731098
2011-08-12 00:00:00,-0.04412851092757698
2011-08-15 00:00:00,0.02039873588601662
2011-08-16 00:00:00,-0.0019470947536185197
2011-08-17 00:00:00,0.08785189251475767
2011-08-18 00:00:00,0.026685301390338294
2011-08-19 00:00:00,-0.00044602300167467026
2011-08-22 00:00:00,-0.061120126909895656
2011-08-23 00:00:00,-0.025262041394993925
2011-08-24 00:00:00,0.03028751910220719
2011-08-25 00:00:00,-0.02894643862373596
2011-08-26 00:00:00,-0.05737118833765073
2011-08-29 00:00:00,-0.005051933725022276
2011-08-30 00:00:00,-0.010703299136919846
2011-08-31 00:00:00,0.02574757643559652
2011-09-01 00:00:00,0.05210909531626736
2011-09-02 00:00:00,0.014452077243901573
2011-09-06 00:00:00,-0.056423967927509866
2011-09-07 00:00:00,0.021878310874870577
2011-09-08 00:00:00,0.052479367940326246
2011-09-09 00:00:00,-0.013064295993272143
2011-09-12 00:00:00,-0.017488991181558958
2011-09-13 00:00:00,-0.026667016535630975
2011-09-14 00:00:00,-0.03554737414765029
2011-09-15 00:00:00,-0.01229704329973078
2011-09-16 00:00:00,0.02114950711094409
2011-09-19 00:00:00,0.0035051496846532867
2011-09-20 00:00:00,0.05997500109656697
2011-09-21 00:00:00,0.05948802119489672
2011-09-22 00:00:00,-0.010723000863397218
2011-09-23 00:00:00,-0.04250694310766691
2011-09-26 00:00:00,-0.020562765050390962
2011-09-27 00:00:00,0.03984402068143797
2011-09-28 00:00:00,-0.015114733565561613
2011-09-29 00:00:00,0.046171605140779615
2011-09-30 00:00:00,0.04890446626664495
2011-10-03 00:00:00,-0.03734062919049218
2011-10-04 00:00:00,-0.03139292402506845
2011-10-05 00:00:00,-0.033822074224007105
2011-10-06 00:00:00,0.015502443098354916
2011-10-07 00:00:00,-0.06590479764036117
2011-10-10 00:00:00,-0.0011237059410671125
2011-10-11 00:00:00,-0.0204624939287675
2011-10-12 00:00:00,0.006317885743063669
2011-10-13 00:00:00,-0.03739076113823915
2011-10-14 00:00:00,0.04229093377586532
2011-10-17 00:00:00,-0.04374901598507116
2011-10-18 00:00:00,0.027877016977489753
2011-10-19 00:00:00,-0.009821063182522259
2011-10-20 00:00:00,-0.04180838258250146
2011-10-21 00:00:00,-0.030222511120905904
2011-10-24 00:00:00,0.04725893665834387
2011-10-25 00:00:00,-0.02406478869460608
2011-10-26 00:00:00,-0.08349528029138105
2011-10-27 00:00:00,-0.001022830427375536
2011-10-28 00:00:00,0.06303550921173247
2011-10-31 00:00:00,0.06512935233111075
2011-11-01 00:00:00,-0.03596496529990869
2011-11-02 00:00:00,-0.04436441974364049
2011-11-03 00:00:00,0.015334673445295734
2011-11-04 00:00:00,-0.015276085371139426
2011-11-07 00:00:00,-0.029299865999639
2011-11-08 00:00:00,0.08989702515059567
2011-11-09 00:00:00,-0.01965643746761864
2011-11-10 00:00:00,-0.04628112913965653
2011-11-11 00:00:00,0.023398577698753312
2011-11-14 00:00:00,-0.01162127083549321
2011-11-15 00:00:00,0.039714983426317574
2011-11-16 00:00:00,0.0379825707543336
2011-11-17 00:00:00,0.0008605055543693102
2011-11-18 00:00:00,0.03982165399315577
2011-11-21 00:00:00,0.008470898838632598
2011-11-22 00:00:00,0.04384729421334219
2011-11-23 00:00:00,0.005085995617567924
2011-11-25 00:00:00,-0.05666409531284567
2011-11-28 00:00:00,-0.004553040470630992
2011-11-29 00:00:00,-0.093752259616363
2011-11-30 00:00:00,0.0045083644626314895
2011-12-01 00:00:00,0.0005667023806989477
2011-12-02 00:00:00,-0.024475288274914946
2011-12-05 00:00:00,-0.0026943271373651304
2011-12-06 00:00:00,-0.004942300929625686
2011-12-07 00:00:00,0.05069536847840072
2011-12-08 00:00:00,-0.03940684849409778
2011-12-09 00:00:00,0.035468306047040335
2011-12-12 00:00:00,0.019794959795337436
2011-12-13 00:00:00,0.025068744674047676
2011-12-14 00:00:00,-0.0070193032811755336
2011-12-15 00:00:00,-0.007032785835200637
2011-12-16 00:00:00,0.025501570891920487
2011-12-19 00:00:00,-0.06534489859882837
2011-12-20 00:00:00,-0.004555844814078809
2011-12-21 00:00:00,-0.019588364416517696
2011-12-22 00:00:00,-0.02204298175514257
2011-12-23 00:00:00,-0.00019692717224506305
2011-12-27 00:00:00,0.03059466658763789
2011-12-28 00:00:00,-0.025864041508779335
2011-12-29 00:00:00,0.010557879567270587
2011-12-30 00:00:00,-0.038436842384087476
2012-01-03 00:00:00,-0.0004833640039910657
2012-01-04 00:00:00,-0.007603704001289064
2012-01-05 00:00:00,0.006575716055041018
2012-01-06 00:00:00,-0.005844976773767793
2012-01-09 00:00:00,-0.0233547388630401
2012-01-10 00:00:00,-0.0008309603976941462
2012-01-11 00:00:00,-0.006295800373275579
2012-01-12 00:00:00,0.013316023397477462
2012-01-13 00:00:00,-0.009496405436037796
2012-01-17 00:00:00,-0.03039415195955948
2012-01-18 00:00:00,-0.01397044190112619
2012-01-19 00:00:00,-0.0019183111507780296
2012-01-20 00:00:00,-0.0013537318508595557
2012-01-23 00:00:00,0.0029452677790261866
2012-01-24 00:00:00,-0.02517101139003547
2012-01-25 00:00:00,0.01690208888398858
2012-01-26 00:00:00,0.00460246243239937
2012-01-27 00:00:00,0.007232877936021146
2012-01-30 00:00:00,0.001301552474893806
2012-01-31 00:00:00,-0.025647372153336817
2012-02-01 00:00:00,-0.0032305383294003037
2012-02-02 00:00:00,-0.0441617267716805
2012-02-03 00:00:00,0.001328629957325602
2012-02-06 00:00:00,-0.006355533458460229
2012-02-07 00:00:00,-0.006844066996357804
2012-02-08 00:00:00,-0.004707541282150716
2012-02-09 00:00:00,0.02183546428598941
2012-02-10 00:00:00,-0.021408905159881763
2012-02-13 00:00:00,0.0030056496052122653
2012-02-14 00:00:00,0.017033615401908106
2012-02-15 00:00:00,-0.03501184618641895
2012-02-16 00:00:00,-0.007704379947544873
2012-02-17 00:00:00,-0.002378828921471139
2012-02-21 00:00:00,0.01099705691422968
2012-02-22 00:00:00,-0.014039571942804705
2012-02-23 00:00:00,-0.005573572503596337
2012-02-24 00:00:00,-0.004545240198351149
2012-02-27 00:00:00,-0.011367506232271675
2012-02-28 00:00:00,0.016059659348922863
2012-02-29 00:00:00,-0.02082795657356988
2012-03-01 00:00:00,0.011099525051462502
2012-03-02 00:00:00,0.013032036078892622
2012-03-05 00:00:00,0.04995855808197287
2012-03-06 00:00:00,-0.021777594095778327
2012-03-07 00:00:00,-0.03204840457750063
2012-03-08 00:00:00,-0.012238219735174015
2012-03-09 00:00:00,-0.000546240917999092
2012-03-12 00:00:00,-0.0637390410937889
2012-03-13 00:00:00,0.004411201414512036
2012-03-14 00:00:00,-0.02217326771369797
2012-03-15 00:00:00,-0.004240057587955934
2012-03-16 00:00:00,-0.015216160023117447
2012-03-19 00:00:00,0.011556043392414736
2012-03-20 00:00:00,0.007118260055069072
2012-03-21 00:00:00,0.026901002396733605
2012-03-22 00:00:00,-0.011432816898848275
2012-03-23 00:00:00,-0.05289222069901002
2012-03-26 00:00:00,0.011109199766525331
2012-03-27 00:00:00,0.019142198023033106
2012-03-28 00:00:00,0.006120236573677254
2012-03-29 00:00:00,-0.014110830122705196
2012-03-30 00:00:00,-0.02936956283880766
2012-04-02 00:00:00,0.015833941483018272
2012-04-03 00:00:00,0.03924222418604037
2012-04-04 00:00:00,0.0023456825438903928
2012-04-05 00:00:00,0.04140973330566188
2012-04-09 00:00:00,0.05856095165241432
2012-04-10 00:00:00,-0.02468238406791942
2012-04-11 00:00:00,-0.047690692985406326
2012-04-12 00:00:00,0.043855780607341084
2012-04-13 00:00:00,0.001709075396960755
2012-04-16 00:00:00,-0.05391352493472083
2012-04-17 00:00:00,0.014622318726187342
2012-04-18 00:00:00,0.020935388729771513
2012-04-19 00:00:00,-0.004066090908062776
2012-04-20 00:00:00,0.028908968886556
2012-04-23 00:00:00,-0.012443810840324405
2012-04-24 00:00:00,-0.047721523858731164
2012-04-25 00:00:00,-0.024555669702226803
2012-04-26 00:00:00,-0.009085862746520694
2012-04-27 00:00:00,0.014609642365485119
2012-04-30 00:00:00,-0.02127460916384466
2012-05-01 00:00:00,0.00949614402520042
2012-05-02 00:00:00,0.028509986128678062
2012-05-03 00:00:00,0.05714094400552074
2012-05-04 00:00:00,-0.0011870715247441325
2012-05-07 00:00:00,0.01439719816522596
2012-05-08 00:00:00,0.022050016919771504
2012-05-09 00:00:00,-0.008169853687576507
2012-05-10 00:00:00,0.011005110035095118
2012-05-11 00:00:00,0.03515953932993117
2012-05-14 00:00:00,0.017510435973087966
2012-05-15 00:00:00,0.013140655297612675
2012-05-16 00:00:00,0.04346348783990558
2012-05-17 00:00:00,0.020353759513245865
2012-05-18 00:00:00,-0.04438059124232492
2012-05-21 00:00:00,-0.00139933898562152
2012-05-22 00:00:00,-0.004891018273441276
2012-05-23 00:00:00,-0.004009766589751979
2012-05-24 00:00:00,0.0062938626613689335
2012-05-25 00:00:00,-0.0325517217353821
2012-05-29 00:00:00,0.04237477659523755
2012-05-30 00:00:00,0.0064738993124117215
2012-05-31 00:00:00,0.06736703243295293
2012-06-01 00:00:00,-0.00028253350553843925
2012-06-04 00:00:00,-0.014883066832587161
2012-06-05 00:00:00,-0.06261491820431228
2012-06-06 00:00:00,0.00030529659605309977
2012-06-07 00:00:00,-0.023536845222821644
2012-06-08 00:00:00,0.03666174480526219
2012-06-11 00:00:00,-0.033363806414950785
2012-06-12 00:00:00,0.020478658977479063
2012-06-13 00:00:00,-0.03148433255385029
2012-06-14 00:00:00,-0.031393229114527584
2012-06-15 00:00:00,-0.004513150773609342
2012-06-18 00:00:00,-0.03125985974323712
2012-06-19 00:00:00,0.005493760952164373
2012-06-20 00:00:00,0.06971501819328821
2012-06-21 00:00:00,-0.021448042205492367
2012-06-22 00:00:00,0.047415055360191666
2012-06-25 00:00:00,-0.013725437015714336
2012-06-26 00:00:00,-0.02648894458205815
2012-06-27 00:00:00,0.0063396370891844476
2012-06-28 00:00:00,-0.07740741314229624
2012-06-29 00:00:00,-0.008173817335780008
2012-07-02 00:00:00,-0.021069615462884855
2012-07-03 00:00:00,0.015985423618167585
2012-07-05 00:00:00,0.03127127893450583
2012-07-06 00:00:00,0.005284569189804783
2012-07-09 00:00:00,0.025756317865723577
2012-07-10 00:00:00,4.6319043761823736e-05
2012-07-11 00:00:00,0.015359188387883414
2012-07-12 00:00:00,-0.05147087511007289
2012-07-13 00:00:00,0.007503601116940893
2012-07-16 00:00:00,-0.02416849055762641
2012-07-17 00:00:00,-0.02246951763099526
2012-07-18 00:00:00,-0.00934758142915216
2012-07-19 00:00:00,0.03427745156674197
2012-07-20 00:00:00,0.029108546940810665
2012-07-23 00:00:00,0.02844582493519328
2012-07-24 00:00:00,0.0009643336738812062
2012-07-25 00:00:00,-0.05211615958429838
2012-07-26 00:00:00,-0.06478668575468499
2012-07-27 00:00:00,0.0017264051540646485
2012-07-30 00:00:00,0.01528023494689628
2012-07-31 00:00:00,0.010091930369853074
2012-08-01 00:00:00,0.02557622496631964
2012-08-02 00:00:00,-0.06570723342939278
2012-08-03 00:00:00,-0.00850240863837929
2012-08-06 00:00:00,-0.01894228685039057
2012-08-07 00:00:00,-0.0023393600053828044
2012-08-08 00:00:00,-0.001562838514205586
2012-08-09 00:00:00,-0.008311923130772428
2012-08-10 00:00:00,0.004773699428159526
2012-08-13 00:00:00,0.0004867478537900029
2012-08-14 00:00:00,-0.0043365752992402746
2012-08-15 00:00:00,-0.027482709815889107
2012-08-16 00:00:00,-0.007426303779748259
2012-08-17 00:00:00,8.446154703283711e-05
2012-08-20 00:00:00,0.013853717062538417
2012-08-21 00:00:00,-0.0008878767818966186
2012-08-22 00:00:00,0.031186462361130284
2012-08-23 00:00:00,-0.024655770726835766
2012-08-24 00:00:00,0.001901555360106815
2012-08-27 00:00:00,0.0031332129275703914
2012-08-28 00:00:00,-0.003271007488763931
2012-08-29 00:00:00,0.029864359497192586
2012-08-30 00:00:00,-0.019156078013349714
2012-08-31 00:00:00,0.00445754322845678
2012-09-04 00:00:00,0.004059659197489186
2012-09-05 00:00:00,-0.08062832221242087
2012-09-06 00:00:00,-0.017126906332845422
2012-09-07 00:00:00,0.025987994970517094
2012-09-10 00:00:00,-0.013086144323855733
2012-09-11 00:00:00,-0.008859558680043596
2012-09-12 00:00:00,-0.07203359645994764
2012-09-13 00:00:00,-0.018597825865666624
2012-09-14 00:00:00,0.014765209364740291
2012-09-17 00:00:00,0.005966348071581329
2012-09-18 00:00:00,-0.005518779020196661
2012-09-19 00:00:00,0.002523889540944859
2012-09-20 00:00:00,0.0003508609944663756
2012-09-21 00:00:00,0.01034408709983357
2012-09-24 00:00:00,0.04716713179897885
2012-09-25 00:00:00,0.02459795058904626
2012-09-26 00:00:00,-0.04148233579806289
2012-09-27 00:00:00,0.0196506571352342
2012-09-28 00:00:00,-0.011537279599816945
2012-10-01 00:00:00,-0.0038349558366209836
2012-10-02 00:00:00,-0.016108050143700856
2012-10-03 00:00:00,-0.03279203878250786
2012-10-04 00:00:00,0.0015038342504135381
2012-10-05 00:00:00,0.01601828241404037
2012-10-08 00:00:00,0.044315074663619655
2012-10-09 00:00:00,0.026496923308517623
2012-10-10 00:00:00,-0.0008208908466593838
2012-10-11 00:00:00,0.012392107129696666
2012-10-12 00:00:00,-0.03401262783951368
2012-10-15 00:00:00,-0.04535449042425169
2012-10-16 00:00:00,-0.01897036756985986
2012-10-17 00:00:00,0.011349719298714651
2012-10-18 00:00:00,0.0735683293239047
2012-10-19 00:00:00,-0.001852005088651099
2012-10-22 00:00:00,0.059152296189389206
2012-10-23 00:00:00,0.01201941365337248
2012-10-24 00:00:00,-0.01163117565532911
2012-10-25 00:00:00,0.0028514962581413983
2012-10-26 00:00:00,-0.0006086144608966496
2012-10-31 00:00:00,-0.04361836628919156
2012-11-01 00:00:00,0.03795976792764518
2012-11-02 00:00:00,-0.008548906154103178
2012-11-05 00:00:00,-0.03172521937529912
2012-11-06 00:00:00,0.09354733397103401
2012-11-07 00:00:00,0.04391160439137965
2012-11-08 00:00:00,-0.00592398789521348
2012-11-09 00:00:00,-0.00045728955871906845
2012-11-12 00:00:00,0.01387511175766552
2012-11-13 00:00:00,0.046598731717898925
2012-11-14 00:00:00,0.005151908651902715
2012-11-15 00:00:00,-0.015705064391227746
2012-11-16 00:00:00,-0.06750095076883446
2012-11-19 00:00:00,-0.0023815015519935054
2012-11-20 00:00:00,-0.008379723701792493
2012-11-21 00:00:00,-0.048511923717774526
2012-11-23 00:00:00,0.00781506992794527
2012-11-26 00:00:00,0.019808783428513135
2012-11-27 00:00:00,-0.029765972474871612
2012-11-28 00:00:00,-0.016688040019710318
2012-11-29 00:00:00,-0.0006434385360323434
2012-11-30 00:00:00,0.018622997717125077
2012-12-03 00:00:00,0.006594851085535411
2012-12-04 00:00:00,-0.006100952475303977
2012-12-05 00:00:00,-0.012870387998832843
2012-12-06 00:00:00,-0.011546948897797804
2012-12-07 00:00:00,-0.0013509964848960566
2012-12-10 00:00:00,-0.02650747383647882
2012-12-11 00:00:00,-0.001852323711250729
2012-12-12 00:00:00,0.02582257098315847
2012-12-13 00:00:00,0.016435353616979245
2012-12-14 00:00:00,-0.0477189476777949
2012-12-17 00:00:00,-0.04903945670886635
2012-12-18 00:00:00,0.033037468490229684
2012-12-19 00:00:00,-0.023598530562081547
2012-12-20 00:00:00,0.040211893196457266
2012-12-21 00:00:00,0.010107954910116993
2012-12-24 00:00:00,0.01949092436527522
2012-12-26 00:00:00,0.004877113325143355
2012-12-27 00:00:00,0.0431252665083059
2012-12-28 00:00:00,-0.06613956240326682
2012-12-31 00:00:00,-0.11010775964911951
2013-01-02 00:00:00,0.009751354244540007
2013-01-03 00:00:00,-0.022848158715224786
2013-01-04 00:00:00,0.01479820844213245
2013-01-07 00:00:00,0.015088131435971493
2013-01-08 00:00:00,-0.012301689772088623
2013-01-09 00:00:00,-0.03614730428935901
2013-01-10 00:00:00,0.00023192062214852114
2013-01-11 00:00:00,0.004531695174938583
2013-01-14 00:00:00,-0.005493326506144792
2013-01-15 00:00:00,-0.0009629622049760683
2013-01-16 00:00:00,-0.027991341172447434
2013-01-17 00:00:00,-0.017366728940694458
2013-01-18 00:00:00,-0.02313695870354754
2013-01-22 00:00:00,-0.008035914429387241
2013-01-23 00:00:00,-3.5454483548993215e-05
2013-01-24 00:00:00,-0.02962488092566925
2013-01-25 00:00:00,0.010216219261290438
2013-01-28 00:00:00,-0.028406715461484613
2013-01-29 00:00:00,0.02187754912160551
2013-01-30 00:00:00,0.01406948736072666
2013-01-31 00:00:00,-0.056200740552667564
2013-02-01 00:00:00,0.06487235360067108
2013-02-04 00:00:00,-0.05768162369870461
2013-02-05 00:00:00,-0.003168081078616796
2013-02-06 00:00:00,0.01038322264907267
2013-02-07 00:00:00,-0.032846786206052504
2013-02-08 00:00:00,0.0035909861780269474
2013-02-11 00:00:00,-0.009473366738392478
2013-02-12 00:00:00,-0.003545722644417294
2013-02-13 00:00:00,-0.004153276467602679
2013-02-14 00:00:00,0.0062821230377949865
2013-02-15 00:00:00,-0.04490986781675655
2013-02-19 00:00:00,0.07532259247274141
2013-02-20 00:00:00,0.03576403783283447
2013-02-21 00:00:00,-0.04980797776803979
2013-02-22 00:00:00,0.1021277585704249
2013-02-25 00:00:00,-0.03231870890941677
2013-02-26 00:00:00,-0.07132140852504998
2013-02-27 00:00:00,0.005070510312988252
2013-02-28 00:00:00,-0.013683554419239529
2013-03-01 00:00:00,-0.0277818088780926
2013-03-04 00:00:00,-0.06051190640614041
2013-03-05 00:00:00,-0.007165399018647758
2013-03-06 00:00:00,-0.012131046321017384
2013-03-07 00:00:00,-0.030627537664457725
2013-03-08 00:00:00,-0.022911842479681487
2013-03-11 00:00:00,0.01705233285825013
2013-03-12 00:00:00,-0.009265411820271801
2013-03-13 00:00:00,-0.04055385220857907
2013-03-14 00:00:00,0.01195032743436776
2013-03-15 00:00:00,0.039585386099104454
2013-03-18 00:00:00,0.016826747936978845
2013-03-19 00:00:00,-0.04711194603010611
2013-03-20 00:00:00,0.058320402177856286
2013-03-21 00:00:00,-0.04988997732475971
2013-03-22 00:00:00,0.023703571825858784
2013-03-25 00:00:00,-0.055953935210962154
2013-03-26 00:00:00,0.0043734717025916345
2013-03-27 00:00:00,-0.03053293231062334
2013-03-28 00:00:00,0.03375277382828466
2013-04-01 00:00:00,-0.038950181915393
2013-04-02 00:00:00,0.07826054457481137
2013-04-03 00:00:00,-0.0290091576412831
2013-04-04 00:00:00,0.030870747822551885
2013-04-05 00:00:00,-0.04543569339575826
2013-04-08 00:00:00,-0.02665693327164955
2013-04-09 00:00:00,-0.09787373405509052
2013-04-10 00:00:00,-0.0308003770385232
2013-04-11 00:00:00,0.024759049360015717
2013-04-12 00:00:00,0.18017343620157886
2013-04-15 00:00:00,-0.1057521844007881
2013-04-16 00:00:00,0.1073322458627165
2013-04-17 00:00:00,0.04584945305550368
2013-04-18 00:00:00,-0.06057362763803777
2013-04-19 00:00:00,-0.033754810820609674
2013-04-22 00:00:00,-0.08022455403551554
2013-04-23 00:00:00,-5.1361105740068053e-05
2013-04-24 00:00:00,-0.03323124575393171
2013-04-25 00:00:00,0.01537060714275576
2013-04-26 00:00:00,-0.06122888291954935
2013-04-29 00:00:00,-0.022236691995424104
2013-04-30 00:00:00,0.08106004103981575
2013-05-01 00:00:00,-0.08117372668093915
2013-05-02 00:00:00,-0.1004578553510267
2013-05-03 00:00:00,-0.019528672836809004
2013-05-06 00:00:00,-0.055690483844655206
2013-05-07 00:00:00,-0.04662960148723624
2013-05-08 00:00:00,0.04181104652585632
2013-05-09 00:00:00,-0.049000546440629095
2013-05-10 00:00:00,-0.0005006909748839055
2013-05-13 00:00:00,-0.12605456233036968
2013-05-14 00:00:00,-0.07088335574346034
2013-05-15 00:00:00,0.06982875903615421
2013-05-16 00:00:00,-0.14847244264376525
2013-05-17 00:00:00,0.011048207536738684
2013-05-20 00:00:00,-0.027088693672185415
2013-05-21 00:00:00,0.12409987442941318
2013-05-22 00:00:00,0.04008803503111156
2013-05-23 00:00:00,0.007361302821173176
2013-05-24 00:00:00,-0.08806798714915501
2013-05-28 00:00:00,0.09801189316951303
2013-05-29 00:00:00,-0.049481205396447285
2013-05-30 00:00:00,0.18103605268143425
2013-05-31 00:00:00,-0.07012346213423198
2013-06-03 00:00:00,0.06563588750422736
2013-06-04 00:00:00,0.14667402642358957
2013-06-05 00:00:00,-0.08653749627153988
2013-06-06 00:00:00,-0.14823481840034589
2013-06-07 00:00:00,0.004364581116794108
2013-06-10 00:00:00,0.11996340669008025
2013-06-11 00:00:00,0.08823070223365988
2013-06-12 00:00:00,-0.1600838979049503
2013-06-13 00:00:00,0.06777864584530899
2013-06-14 00:00:00,-0.08748852258808755
2013-06-17 00:00:00,-0.09965015902819413
2013-06-18 00:00:00,0.17205385384800093
2013-06-19 00:00:00,0.24799416597901888
2013-06-20 00:00:00,-0.023124345966373423
2013-06-21 00:00:00,0.1013864145633092
2013-06-24 00:00:00,-0.07740033260217041
2013-06-25 00:00:00,-0.08559730109028342
2013-06-26 00:00:00,-0.06009643845682972
2013-06-27 00:00:00,0.04221646036317288
2013-06-28 00:00:00,-0.0532442288495875
2013-07-01 00:00:00,0.005529085625903535
2013-07-02 00:00:00,-0.008368761665511072
2013-07-03 00:00:00,-0.10995553617736283
2013-07-05 00:00:00,-0.06234497932809688
2013-07-08 00:00:00,-0.09324070902411274
2013-07-09 00:00:00,-0.002475456564271351
2013-07-10 00:00:00,-0.20460770384446836
2013-07-11 00:00:00,-0.053824511982420706
2013-07-12 00:00:00,-0.025019645563932245
2013-07-15 00:00:00,0.06619613755166492
2013-07-16 00:00:00,-0.048908690480949556
2013-07-17 00:00:00,-0.0956228452262248
2013-07-18 00:00:00,-0.032793580405070286
2013-07-19 00:00:00,-0.04307765648799007
2013-07-22 00:00:00,0.039393339106231884
2013-07-23 00:00:00,0.07635611390613446
2013-07-24 00:00:00,-0.05037085148764324
2013-07-25 00:00:00,-0.016923298937739195
2013-07-26 00:00:00,0.07422231113549614
2013-07-29 00:00:00,-0.007156361804477025
2013-07-30 00:00:00,0.0026183426015187077
2013-07-31 00:00:00,-0.2749173216489531
2013-08-01 00:00:00,-0.04281447814858284
2013-08-02 00:00:00,0.03876465375286292
2013-08-05 00:00:00,0.1370017966846
2013-08-06 00:00:00,0.0812616265754903
2013-08-07 00:00:00,-0.08270396595647163
2013-08-08 00:00:00,0.07652309718782138
2013-08-09 00:00:00,0.023429710361059702
2013-08-12 00:00:00,-0.057306174388218244
2013-08-13 00:00:00,0.10461905587602931
2013-08-14 00:00:00,0.24108279174470815
2013-08-15 00:00:00,0.04770468905711599
2013-08-16 00:00:00,0.07964389842002706
2013-08-19 00:00:00,-0.050542497991355954
2013-08-20 00:00:00,0.07576643995694139
2013-08-21 00:00:00,-0.11450263829243681
2013-08-22 00:00:00,-0.057663053785737134
2013-08-23 00:00:00,0.059203441221211524
2013-08-26 00:00:00,0.20292441477527012
2013-08-27 00:00:00,-0.0317846920291108
2013-08-28 00:00:00,-0.023412750210357203
2013-08-29 00:00:00,0.037656238528638176
2013-08-30 00:00:00,-0.049533604983711045
2013-09-03 00:00:00,-0.10468847027041572
2013-09-04 00:00:00,-0.016722848625930303
2013-09-05 00:00:00,-0.0007598862499274459
2013-09-06 00:00:00,-0.15031849749579027
2013-09-09 00:00:00,-0.12832019103042525
2013-09-10 00:00:00,-0.0590166519566508
2013-09-11 00:00:00,0.06535119597372245
2013-09-12 00:00:00,-0.05195789860355668
2013-09-13 00:00:00,-0.11895111709903138
2013-09-16 00:00:00,-0.09884002425242518
2013-09-17 00:00:00,-0.358420432652181
2013-09-18 00:00:00,0.06394297671630286
2013-09-19 00:00:00,0.2168130384545616
2013-09-20 00:00:00,0.11916028880346813
2013-09-23 00:00:00,0.05970640934447289
2013-09-24 00:00:00,0.05918950864899555
2013-09-25 00:00:00,-0.0757167238667595
2013-09-26 00:00:00,0.08824483216799076
2013-09-27 00:00:00,0.11733541843123284
2013-09-30 00:00:00,-0.1578118547605451
2013-10-01 00:00:00,0.014259952435012782
2013-10-02 00:00:00,0.17443898369112687
2013-10-03 00:00:00,-0.1330807148018096
2013-10-04 00:00:00,0.15946141325102173
2013-10-07 00:00:00,0.19216540084857628
2013-10-08 00:00:00,-0.008068288776233633
2013-10-09 00:00:00,-0.3686367716745669
2013-10-10 00:00:00,-0.14059989493124542
2013-10-11 00:00:00,-0.10366091635900956
2013-10-14 00:00:00,0.17405165120590713
2013-10-15 00:00:00,-0.3717907873676017
2013-10-16 00:00:00,-0.2518920535239234
2013-10-17 00:00:00,-0.32856222088992604
2013-10-18 00:00:00,-0.005499544350454738
2013-10-21 00:00:00,-0.42302863700830357
2013-10-22 00:00:00,0.361930194438595
2013-10-23 00:00:00,-0.2337317846862685
2013-10-24 00:00:00,-0.4405625525684619
2013-10-25 00:00:00,-0.1841956626000327
2013-10-28 00:00:00,-1.900467695573027
2013-10-29 00:00:00,1.7909581096863052
2013-10-30 00:00:00,0.5025168455904712
2013-10-31 00:00:00,-0.3531895268397319
2013-11-01 00:00:00,-0.7390798016248277
2013-11-04 00:00:00,0.6220229917096052
2013-11-05 00:00:00,-1.2112463498162425
2013-11-06 00:00:00,2.118363737426862
2013-11-07 00:00:00,-2.156710341040244
2013-11-08 00:00:00,-0.5395702587512757
2013-11-11 00:00:00,1.2080538632969502
2013-11-14 00:00:00,0.3689904959273789
2013-11-15 00:00:00,-0.3166639849632465
2013-11-18 00:00:00,-0.22946209882606042
2013-11-19 00:00:00,-0.6125927038354365
2013-11-20 00:00:00,1.0587841572439964
2013-11-21 00:00:00,0.337820630531914
2013-11-22 00:00:00,-0.07618911532692807
2013-11-25 00:00:00,0.009331890290162723
2013-11-27 00:00:00,-0.04324372046892507
2013-11-29 00:00:00,-0.16583684000557186
2013-12-02 00:00:00,-0.23729113510076982
2013-12-03 00:00:00,-0.1153945377770865
2013-12-10 00:00:00,-1.2204332611644926
2013-12-12 00:00:00,-0.10414858024664511
2013-12-16 00:00:00,-0.5634904136661963
2013-12-17 00:00:00,1.6194523951029844
2013-12-18 00:00:00,-0.028813524239003675
2013-12-20 00:00:00,0.1960774522148501
2013-12-23 00:00:00,0.09361672519019515
2013-12-24 00:00:00,0.13616908400188774
2013-12-26 00:00:00,-0.009113573019536386
2013-12-27 00:00:00,-0.00488604450465407
2013-12-30 00:00:00,0.10271568917941487
2013-12-31 00:00:00,-0.24760883258806668
2014-01-02 00:00:00,-0.010517914710688208
2014-01-07 00:00:00,-0.006093488570384094
2014-01-08 00:00:00,0.009979982306948675
2014-01-09 00:00:00,0.06371335772453267
2014-01-10 00:00:00,-0.4114498187977807
2014-01-13 00:00:00,0.3593061269106378
2014-01-14 00:00:00,0.13601981765822752
2014-01-15 00:00:00,-0.03390122254997863
2014-01-16 00:00:00,-0.1048839621385314
2014-01-17 00:00:00,0.07551414120421139
2014-01-21 00:00:00,0.015002823852410994
2014-01-22 00:00:00,-0.2618855014793054
2014-01-23 00:00:00,-1.1933000655436006
2014-02-03 00:00:00,-0.5424688288975422
2014-02-04 00:00:00,0.176170152009595
2014-02-05 00:00:00,-4.480983819196105
2014-02-07 00:00:00,0.11405885886526837
2014-02-11 00:00:00,-0.010692640535331411
2014-02-12 00:00:00,0.2085549693799832
2014-02-13 00:00:00,0.14559093806102213
2014-02-14 00:00:00,0.03226806647259131
2014-02-18 00:00:00,-0.19727965633722205
2014-02-19 00:00:00,0.18256284606462245
2014-02-20 00:00:00,-0.05488290735444261
2014-02-21 00:00:00,0.16683156473519734
2014-02-24 00:00:00,-0.03426043774958335
2014-02-25 00:00:00,0.0005602961702830072
2014-02-26 00:00:00,0.12020438269521344
2014-02-27 00:00:00,0.062045224116563685
2014-02-28 00:00:00,-0.1743077730502882
2014-03-03 00:00:00,0.3301062473467962
2014-03-04 00:00:00,-0.0009979492387719405
2014-03-05 00:00:00,0.03165150882678848
2014-03-06 00:00:00,0.00972522904156127
2014-03-07 00:00:00,-0.008371386268230602
2014-03-10 00:00:00,-0.09671223544790875
2014-03-11 00:00:00,0.006048128645049224
2014-03-12 00:00:00,-0.2630190764432192
2014-03-13 00:00:00,-0.07440346836351161
2014-03-14 00:00:00,0.23302597625326948
2014-03-17 00:00:00,0.1463524129679618
2014-03-18 00:00:00,-0.12382411372493968
2014-03-19 00:00:00,0.12138643864005531
2014-03-20 00:00:00,-0.057451228303693126
2014-03-21 00:00:00,-0.10292245826996416
2014-03-24 00:00:00,0.09318084045326898
2014-03-25 00:00:00,-0.15320694301936152
2014-03-26 00:00:00,-0.04565106888954292
2014-03-27 00:00:00,0.1078244971779346
2014-03-28 00:00:00,0.16157632767222208
2014-03-31 00:00:00,0.12538971879171498
2014-04-01 00:00:00,0.04698309105015577
2014-04-02 00:00:00,-0.018338046618911065
2014-04-03 00:00:00,-0.23035917671339465
2014-04-08 00:00:00,0.22976438218654344
2014-04-10 00:00:00,-0.346384361679509
2014-04-11 00:00:00,0.30391335352921584
2014-04-14 00:00:00,0.19662115890641546
2014-04-15 00:00:00,0.246025164841281
2014-04-17 00:00:00,0.07438224276628094
2014-04-21 00:00:00,0.07510389271129604
2014-04-22 00:00:00,-0.040086457452954964
2014-04-23 00:00:00,0.031167421008194328
2014-04-25 00:00:00,0.06504692850170918
2014-04-29 00:00:00,0.05231023226901809
2014-04-30 00:00:00,-0.002450593627170052
2014-05-01 00:00:00,-0.023361944144607898
2014-05-02 00:00:00,0.032231365951299586
2014-05-06 00:00:00,0.1057533877734432
2014-05-07 00:00:00,-0.024991093610434244
2014-05-08 00:00:00,0.027570926155427274
2014-05-12 00:00:00,0.006483968859478611
2014-05-13 00:00:00,-0.07479717100504642
2014-05-15 00:00:00,0.0696579709541151
2014-05-19 00:00:00,-0.11649306884014533
2014-05-20 00:00:00,0.14263021591218233
2014-05-21 00:00:00,0.03826118629270706
2014-05-22 00:00:00,0.06547980270802695
2014-05-23 00:00:00,0.08591343099436302
2014-05-27 00:00:00,-0.015529041515036954
2014-05-28 00:00:00,0.07261087860492256
2014-05-29 00:00:00,0.02390005434749587
2014-05-30 00:00:00,0.009296976405239922
2014-06-02 00:00:00,-0.0048367105785942464
2014-06-03 00:00:00,0.023888820169200388
2014-06-04 00:00:00,0.07842465169178074
2014-06-05 00:00:00,0.0524436225881039
2014-06-06 00:00:00,0.01035851897320032
2014-06-09 00:00:00,-0.0027064003887896817
2014-06-10 00:00:00,-0.03973807834091153
2014-06-11 00:00:00,-0.08442431611148689
2014-06-12 00:00:00,0.037946499729494106
2014-06-13 00:00:00,0.009921023500283604
2014-06-16 00:00:00,0.025331220718298287
2014-06-17 00:00:00,0.08531638977773844
2014-06-18 00:00:00,0.013546643053394895
2014-06-19 00:00:00,0.018081016586329546
2014-06-20 00:00:00,-0.0013752750113035412
2014-06-23 00:00:00,-0.06918936602720378
2014-06-24 00:00:00,0.052752957906800894
2014-06-25 00:00:00,-0.012507555766153394
2014-06-26 00:00:00,0.020172101160030063
2014-06-27 00:00:00,-0.0039054139564228345
2014-06-30 00:00:00,0.0678161382590711
2014-07-01 00:00:00,0.006490843814732509
2014-07-02 00:00:00,0.052446844406487024
2014-07-03 00:00:00,-0.037480163848881844
2014-07-07 00:00:00,-0.07079114593664382
2014-07-08 00:00:00,0.04687624116658534
2014-07-09 00:00:00,-0.04178429050446608
2014-07-10 00:00:00,0.01501696682773143
2014-07-11 00:00:00,0.04798188119954844
2014-07-14 00:00:00,-0.018957141662961457
2014-07-15 00:00:00,0.04069324322964106
2014-07-16 00:00:00,-0.1196844041593393
2014-07-17 00:00:00,0.10343901599174689
2014-07-18 00:00:00,-0.022696007508604094
2014-07-21 00:00:00,0.04832567141277533
2014-07-22 00:00:00,0.016447149750813277
2014-07-23 00:00:00,0.00453649105685475
2014-07-24 00:00:00,-0.04602681994823021
2014-07-25 00:00:00,0.0027815620420528014
2014-07-28 00:00:00,-0.04464036371309221
2014-07-29 00:00:00,0.0006111892520403692
2014-07-30 00:00:00,-0.22391929246288528
2014-07-31 00:00:00,-0.0357945506301214
2014-08-01 00:00:00,0.08743446908113255
2014-08-04 00:00:00,-0.1205922027659315
2014-08-05 00:00:00,0.00020491263109020458
2014-08-06 00:00:00,-0.07558927656212662
2014-08-07 00:00:00,0.15017927894746655
2014-08-08 00:00:00,0.033196660551751876
2014-08-11 00:00:00,-0.019610511024062093
2014-08-12 00:00:00,0.07791120345233213
2014-08-13 00:00:00,0.04773322727172033
2014-08-14 00:00:00,-0.0006613464351048885
2014-08-15 00:00:00,0.08797517186713902
2014-08-18 00:00:00,0.04858321261511599
2014-08-19 00:00:00,0.023340451787121828
2014-08-20 00:00:00,0.027161355709457595
2014-08-21 00:00:00,-0.018320178986827765
2014-08-22 00:00:00,0.043382056850334416
2014-08-25 00:00:00,0.00932126194499225
2014-08-26 00:00:00,0.0004416043912848694
2014-08-27 00:00:00,-0.015039211050416381
2014-08-28 00:00:00,0.029289750402176486
2014-08-29 00:00:00,-0.004756665244148268
2014-09-02 00:00:00,-0.006847780275545177
2014-09-03 00:00:00,-0.013613839578099685
2014-09-04 00:00:00,0.04393684584784724
2014-09-05 00:00:00,-0.026717521990353505
2014-09-08 00:00:00,-0.05921061637896457
2014-09-09 00:00:00,0.03320124728162068
2014-09-10 00:00:00,0.007896345057299515
2014-09-11 00:00:00,-0.05469255391250135
2014-09-12 00:00:00,-0.006677731374309123
2014-09-15 00:00:00,0.06818451191234003
2014-09-16 00:00:00,0.01143004019007929
2014-09-17 00:00:00,0.04206227486414545
2014-09-18 00:00:00,-0.0040470516057007945
2014-09-19 00:00:00,-0.07048137012881792
2014-09-22 00:00:00,-0.05363163466177225
2014-09-23 00:00:00,0.07164529183701168
2014-09-24 00:00:00,-0.15530139719245223
2014-09-25 00:00:00,0.0840384314002645
2014-09-26 00:00:00,-0.024438859220399838
2014-09-29 00:00:00,-0.027364941623711416
2014-09-30 00:00:00,-0.1410615031251619
2014-10-01 00:00:00,5.803388156921241e-05
2014-10-02 00:00:00,0.11865187723769526
2014-10-03 00:00:00,-0.015985765564442582
2014-10-06 00:00:00,-0.1689959531116957
2014-10-07 00:00:00,0.19006602630079014
2014-10-08 00:00:00,-0.2336874289559816
2014-10-09 00:00:00,-0.1541823062693787
2014-10-10 00:00:00,-0.27048999578613625
2014-10-13 00:00:00,0.028868301490914156
2014-10-14 00:00:00,-0.15808290187866042
2014-10-15 00:00:00,0.003035797052168518
2014-10-16 00:00:00,0.23855969455317969
2014-10-17 00:00:00,0.14197367347681802
2014-10-20 00:00:00,0.2515098926811621
2014-10-21 00:00:00,-0.08833579706667559
2014-10-22 00:00:00,0.14369538042580626
2014-10-23 00:00:00,0.07480925869302522
2014-10-24 00:00:00,-0.015573470087550006
2014-10-27 00:00:00,0.11743414698559759
2014-10-28 00:00:00,-0.013095708549352556
2014-10-29 00:00:00,0.057512294883368356
2014-10-30 00:00:00,0.10065643957861556
2014-10-31 00:00:00,-0.0009825570742148446
2014-11-03 00:00:00,-0.02366734832070337
2014-11-04 00:00:00,0.046986802766561066
2014-11-05 00:00:00,0.030115413358889547
2014-11-06 00:00:00,0.0027534843762135478
2014-11-07 00:00:00,0.024254107506582197
2014-11-10 00:00:00,0.005352802727106062
2014-11-11 00:00:00,-0.005390636930550341
2014-11-12 00:00:00,0.004073614428192079
2014-11-13 00:00:00,0.001842793121796972
2014-11-14 00:00:00,0.005620300344505182
2014-11-17 00:00:00,0.03841020182062534
2014-11-18 00:00:00,-0.01113639879054027
2014-11-19 00:00:00,0.01454618879287364
2014-11-20 00:00:00,0.03779733998130621
2014-11-21 00:00:00,0.020186509569978688
2014-11-24 00:00:00,-0.0080800328978069
2014-11-25 00:00:00,0.019578819379640025
2014-11-26 00:00:00,-0.01777363460362448
2014-11-28 00:00:00,-0.0492397695844728
2014-12-01 00:00:00,0.04579704472011319
2014-12-02 00:00:00,0.02621802901226326
2014-12-03 00:00:00,-0.008048775994122693
2014-12-04 00:00:00,0.011502102314673657
2014-12-05 00:00:00,-0.051207925605448325
2014-12-08 00:00:00,-0.0017109496406483597
2014-12-09 00:00:00,-0.12522836922698904
2014-12-10 00:00:00,0.03575462815391702
2014-12-11 00:00:00,-0.13481508193912708
2014-12-12 00:00:00,-0.05714523017375174
2014-12-15 00:00:00,-0.0814405256758321
2014-12-16 00:00:00,0.1837353093379867
2014-12-17 00:00:00,0.18405451195523057
2014-12-18 00:00:00,0.03223405998756833
2014-12-19 00:00:00,0.026221953604607707
2014-12-22 00:00:00,0.011836376556370007
2014-12-23 00:00:00,-0.0009406305577523293
2014-12-24 00:00:00,0.022109803567056004
2014-12-26 00:00:00,0.005696541956837475
2014-12-29 00:00:00,-0.03278231173989748
2014-12-30 00:00:00,-0.0725120016761711
2014-12-31 00:00:00,-0.0024570875496930217
2015-01-02 00:00:00,-0.14181994101345655
2015-01-05 00:00:00,-0.07556687398447316
2015-01-06 00:00:00,0.0968854386709572
2015-01-07 00:00:00,0.13425403631581403
2015-01-08 00:00:00,-0.061957338554793004
2015-01-09 00:00:00,-0.06298336271633483
2015-01-12 00:00:00,-0.02075748581462386
2015-01-13 00:00:00,-0.048310984067719796
2015-01-14 00:00:00,-0.0815201697930425
2015-01-15 00:00:00,0.1152477750930041
2015-01-16 00:00:00,0.012656602294535278
2015-01-20 00:00:00,0.03773260997240726
2015-01-21 00:00:00,0.11338761758219765
2015-01-22 00:00:00,-0.039926440206712044
2015-01-23 00:00:00,0.01877006714565046
2015-01-26 00:00:00,-0.102225073505679
2015-01-27 00:00:00,-0.11322067539273074
2015-01-28 00:00:00,0.08024440465110924
2015-01-29 00:00:00,-0.11212878638075481
2015-01-30 00:00:00,0.11051168064110756
2015-02-02 00:00:00,0.11159184702971457
2015-02-03 00:00:00,-0.03131574803574423
2015-02-04 00:00:00,0.07552037180251546
2015-02-05 00:00:00,-0.0247109257252191
2015-02-06 00:00:00,-0.03147044883741773
2015-02-09 00:00:00,0.0769788981061757
2015-02-10 00:00:00,-0.00020367235891400844
2015-02-11 00:00:00,0.06547051451846557
2015-02-12 00:00:00,0.026674097222599207
2015-02-13 00:00:00,0.010308546729757827
2015-02-17 00:00:00,-0.0020229687112935896
2015-02-18 00:00:00,-0.006863928332522343
2015-02-19 00:00:00,0.03892155933365629
2015-02-20 00:00:00,-0.0019034684918270517
2015-02-23 00:00:00,0.017174319028904515
2015-02-24 00:00:00,-0.004750502658559567
2015-02-25 00:00:00,-0.009214266343652945
2015-02-26 00:00:00,-0.018686482734069858
2015-02-27 00:00:00,0.03822350020037798
2015-03-02 00:00:00,-0.02835749695896852
2015-03-03 00:00:00,-0.028076774792508235
2015-03-04 00:00:00,0.007696965669897328
2015-03-05 00:00:00,-0.09537734717202216
2015-03-06 00:00:00,0.027084385524412107
2015-03-09 00:00:00,-0.1225690940607399
2015-03-10 00:00:00,-0.01459894045620188
2015-03-11 00:00:00,0.09207840881462699
2015-03-12 00:00:00,-0.04388904980113852
2015-03-13 00:00:00,0.09471853088216983
2015-03-16 00:00:00,-0.022726810888650407
2015-03-17 00:00:00,0.08056440278824287
2015-03-18 00:00:00,-0.03190107488276414
2015-03-19 00:00:00,0.05795394212201092
2015-03-20 00:00:00,-0.011065635116996252
2015-03-23 00:00:00,-0.0398470974563064
2015-03-24 00:00:00,-0.10071429418687892
2015-03-25 00:00:00,-0.017198726628357294
2015-03-26 00:00:00,0.01709422538847407
2015-03-27 00:00:00,0.08413005099852099
2015-03-30 00:00:00,-0.06050290295313274
2015-03-31 00:00:00,-0.028266825671768293
2015-04-01 00:00:00,0.025101046794991283
2015-04-02 00:00:00,0.0455249569052427
2015-04-06 00:00:00,-0.014075371026293389
2015-04-07 00:00:00,0.018236191330769282
2015-04-08 00:00:00,0.02966406971752934
2015-04-09 00:00:00,0.033694007318591034
2015-04-10 00:00:00,-0.02976473337803709
2015-04-13 00:00:00,0.010641693011290912
2015-04-14 00:00:00,0.032943346412791945
2015-04-15 00:00:00,-0.004937508296926577
2015-04-16 00:00:00,-0.07457950133012627
2015-04-17 00:00:00,0.06062829086560553
2015-04-20 00:00:00,-0.009564015454064463
2015-04-21 00:00:00,0.03243960065193815
2015-04-22 00:00:00,0.014758231928064698
2015-04-23 00:00:00,0.013933440298411256
2015-04-24 00:00:00,-0.02582406362440389
2015-04-27 00:00:00,0.01727060179296789
2015-04-28 00:00:00,-0.02346389042497068
2015-04-29 00:00:00,-0.06619488097896432
2015-04-30 00:00:00,0.07050750243164473
2015-05-01 00:00:00,0.018359294633330647
2015-05-04 00:00:00,-0.07627936792752925
2015-05-05 00:00:00,-0.029926054307864526
2015-05-06 00:00:00,0.02529199046916353
2015-05-07 00:00:00,0.08562665820628064
2015-05-08 00:00:00,-0.03195787012327669
2015-05-11 00:00:00,-0.018901935311906256
2015-05-12 00:00:00,-0.001968923191460887
2015-05-13 00:00:00,0.06732507625722284
2015-05-14 00:00:00,0.004680410881415066
2015-05-15 00:00:00,0.01836622623541375
2015-05-18 00:00:00,-0.003860591740790433
2015-05-19 00:00:00,-0.005606474135140442
2015-05-20 00:00:00,0.014013744215588929
2015-05-21 00:00:00,-0.01341773054370951
2015-05-22 00:00:00,-0.06404320603786265
2015-05-26 00:00:00,0.056694413791323936
2015-05-27 00:00:00,-0.007719651420102804
2015-05-28 00:00:00,-0.03936976604560978
2015-05-29 00:00:00,0.012921706970715399
2015-06-01 00:00:00,-0.0063204186096111415
2015-06-02 00:00:00,0.013218874773988002
2015-06-03 00:00:00,-0.05504356131154539
2015-06-04 00:00:00,-0.009387121654151046
2015-06-05 00:00:00,-0.043384247232184085
2015-06-08 00:00:00,0.002842395556239325
2015-06-09 00:00:00,0.0785683397027959
2015-06-10 00:00:00,0.010980014922360237
2015-06-11 00:00:00,-0.045003786461178745
2015-06-12 00:00:00,-0.030675626467455152
2015-06-15 00:00:00,0.03745572440769969
2015-06-16 00:00:00,0.012781475611974574
2015-06-17 00:00:00,0.061711432563088094
2015-06-18 00:00:00,-0.032903920006695966
2015-06-19 00:00:00,0.03752582168225781
2015-06-22 00:00:00,0.0038584316080864972
2015-06-23 00:00:00,-0.045585359402645714
2015-06-24 00:00:00,-0.018899512084253015
2015-06-25 00:00:00,-0.002498532527054371
2015-06-26 00:00:00,-0.1436009431940344
2015-06-29 00:00:00,0.01908080775478973
2015-06-30 00:00:00,0.04825790782569653
2015-07-01 00:00:00,-0.0021089329260195497
2015-07-02 00:00:00,-0.026816303251994116
2015-07-06 00:00:00,0.04174896671700022
2015-07-07 00:00:00,-0.1195234018088737
2015-07-08 00:00:00,0.016817486560770603
2015-07-09 00:00:00,0.08724552506578452
2015-07-10 00:00:00,0.07311700589424398
2015-07-13 00:00:00,0.02828374312840954
2015-07-14 00:00:00,-0.004634001177251072
2015-07-15 00:00:00,0.049372522578899826
2015-07-16 00:00:00,0.006679819319618327
2015-07-17 00:00:00,0.004636037161372385
2015-07-20 00:00:00,-0.025911087972263533
2015-07-21 00:00:00,-0.014752611556062096
2015-07-22 00:00:00,-0.03588147316538447
2015-07-23 00:00:00,-0.07095838222379411
2015-07-24 00:00:00,-0.040043343493725944
2015-07-27 00:00:00,0.0835328912609063
2015-07-28 00:00:00,0.04682592219063382
2015-07-29 00:00:00,0.00017859468431119058
2015-07-30 00:00:00,-0.014403247995645609
2015-07-31 00:00:00,-0.01772349957188776
2015-08-03 00:00:00,-0.014658536493838286
2015-08-04 00:00:00,0.02019272755607372
2015-08-05 00:00:00,-0.05120294644007881
2015-08-06 00:00:00,-0.01951927262291413
2015-08-07 00:00:00,0.08394032786310628
2015-08-10 00:00:00,-0.06277658318904092
2015-08-11 00:00:00,0.006358740783575618
2015-08-12 00:00:00,-0.008552497985742239
2015-08-13 00:00:00,0.025975092901532486
2015-08-14 00:00:00,0.033716622298364626
2015-08-17 00:00:00,-0.01693296056699183
2015-08-18 00:00:00,-0.05503810127637896
2015-08-19 00:00:00,-0.15482119512894985
2015-08-20 00:00:00,-0.2842655101529257
2015-08-21 00:00:00,-0.5007008228011209
2015-08-26 00:00:00,0.2489067829273612
2015-08-27 00:00:00,0.005638613246654867
2015-08-28 00:00:00,-0.0807318039921184
2015-08-31 00:00:00,-0.34793271640158413
2015-09-01 00:00:00,0.22295754895300693
2015-09-02 00:00:00,0.012874946367560293
2015-09-03 00:00:00,-0.18458931227069755
2015-09-04 00:00:00,0.28263652249520654
2015-09-08 00:00:00,-0.15063121781001326
2015-09-09 00:00:00,0.05909996165261993
2015-09-10 00:00:00,0.04788055006201175
2015-09-11 00:00:00,-0.043746070082595685
2015-09-14 00:00:00,0.1307879699219172
2015-09-15 00:00:00,0.08088182142268383
2015-09-16 00:00:00,-0.023326851913139723
2015-09-17 00:00:00,-0.1608460848134
2015-09-18 00:00:00,0.047355117435536394
2015-09-21 00:00:00,-0.13393757691736993
2015-09-22 00:00:00,-0.023823298706523124
2015-09-23 00:00:00,-0.04029715632020108
2015-09-24 00:00:00,-0.00569239284746141
2015-09-25 00:00:00,-0.37747501477055373
2015-09-28 00:00:00,0.021235923738250288
2015-09-29 00:00:00,0.2817999023305907
2015-09-30 00:00:00,0.025566550817429184
2015-10-01 00:00:00,0.1684158414950581
2015-10-02 00:00:00,0.1830434983189236
2015-10-05 00:00:00,-0.033987158925755524
2015-10-06 00:00:00,0.07431173710700437
2015-10-07 00:00:00,0.07624417285950444
2015-10-08 00:00:00,0.0060710362518178905
2015-10-09 00:00:00,0.010598015866347848
2015-10-12 00:00:00,-0.058143389325990516
2015-10-13 00:00:00,-0.041952732353576924
2015-10-14 00:00:00,0.12601065844864828
2015-10-15 00:00:00,0.03630620190426762
2015-10-16 00:00:00,0.002117973552250148
2015-10-19 00:00:00,-0.011178522180466612
2015-10-20 00:00:00,-0.04710758761870074
2015-10-21 00:00:00,0.1282834809276956
2015-10-22 00:00:00,0.0780677607911888
2015-10-23 00:00:00,-0.013256169181447572
2015-10-26 00:00:00,-0.01794161589642346
2015-10-27 00:00:00,0.08038806811997844
2015-10-28 00:00:00,-0.0029733885664385887
2015-10-29 00:00:00,-0.032347943592697104
2015-10-30 00:00:00,0.07767413388648427
2015-11-02 00:00:00,0.017225195470144245
2015-11-03 00:00:00,-0.022505898364809842
2015-11-04 00:00:00,-0.007268918113220709
2015-11-05 00:00:00,-0.0022399942383792702
2015-11-06 00:00:00,-0.06543955858774746
2015-11-09 00:00:00,0.010245427072178239
2015-11-10 00:00:00,-0.022056698031985754
2015-11-11 00:00:00,-0.10130511030116868
2015-11-12 00:00:00,-0.0879696386586787
2015-11-13 00:00:00,0.11413989070153455
2015-11-16 00:00:00,-0.009887353093503729
2015-11-17 00:00:00,0.11309926739432379
2015-11-18 00:00:00,-0.007579748820975974
2015-11-19 00:00:00,0.025456547530578466
2015-11-20 00:00:00,-0.008210837373975027
2015-11-23 00:00:00,0.008115650845748234
2015-11-24 00:00:00,-0.0008555479683602583
2015-11-25 00:00:00,0.003926378364666544
2015-11-27 00:00:00,-0.031134750564652727
2015-11-30 00:00:00,0.06993772311325583
2015-12-01 00:00:00,-0.07287588937693562
2015-12-02 00:00:00,-0.10284540542838692
2015-12-03 00:00:00,0.1418985729154313
2015-12-04 00:00:00,-0.047063250758816365
2015-12-07 00:00:00,-0.04544843465996723
2015-12-08 00:00:00,-0.05666166543187766
2015-12-09 00:00:00,0.016688393963518823
2015-12-10 00:00:00,-0.15443164214213004
2015-12-11 00:00:00,0.03931066261489956
2015-12-14 00:00:00,0.08294510747159325
2015-12-15 00:00:00,0.10432556385718195
2015-12-16 00:00:00,-0.10997682831517007
2015-12-17 00:00:00,-0.1455929921708551
2015-12-18 00:00:00,0.06511226749140378
2015-12-21 00:00:00,0.06953388767761072
2015-12-22 00:00:00,0.09115870437270342
2015-12-23 00:00:00,-0.011420542785573704
2015-12-24 00:00:00,-0.015751061972320325
2015-12-28 00:00:00,0.07445164031168257
2015-12-29 00:00:00,-0.050485092523423064
2015-12-30 00:00:00,-0.0693928933241444
2015-12-31 00:00:00,-0.12300403401641663
2016-01-04 00:00:00,0.01680469489413467
2016-01-05 00:00:00,-0.11522448664477741
2016-01-06 00:00:00,-0.24563790420289042
2016-01-07 00:00:00,-0.1327467275525362
2016-01-08 00:00:00,0.0109943462688436
2016-01-11 00:00:00,0.09537663516632501
2016-01-12 00:00:00,-0.34719525215887026
2016-01-13 00:00:00,0.23954227344742027
2016-01-14 00:00:00,-0.32873943727663263
2016-01-15 00:00:00,0.00933274718916482
2016-01-21 00:00:00,0.3348662269807016
2016-01-22 00:00:00,-0.2533966573821699
2016-01-25 00:00:00,0.22854445687187755
2016-01-26 00:00:00,-0.17332777022681362
2016-01-27 00:00:00,0.0909996289691671
2016-01-28 00:00:00,0.33053319644134566
2016-01-29 00:00:00,-0.005176577507784713
2016-02-01 00:00:00,-0.24765612984724814
2016-02-02 00:00:00,0.07087207397793009
2016-02-03 00:00:00,0.020811197369440107
2016-02-04 00:00:00,-0.28728067984407574
2016-02-05 00:00:00,-0.28790137734188515
2016-02-08 00:00:00,-0.015541085056086723
2016-02-09 00:00:00,-0.0044665290043096805
2016-02-12 00:00:00,0.2912414213863609
2016-02-16 00:00:00,0.2281508247739795
2016-02-17 00:00:00,-0.060497898068410765
2016-02-18 00:00:00,-0.00034641361154696
2016-02-19 00:00:00,0.17593925618025807
2016-02-22 00:00:00,-0.1520087326806328
2016-02-23 00:00:00,0.056186810432687376
2016-02-24 00:00:00,0.13127005062112057
2016-02-25 00:00:00,-0.02071582096773443
2016-02-26 00:00:00,-0.09510965103699376
2016-02-29 00:00:00,0.2553283540371657
2016-03-01 00:00:00,0.0388126551736377
2016-03-02 00:00:00,0.0321425172606875
2016-03-03 00:00:00,0.029551524830988204
2016-03-04 00:00:00,0.007790777852649176
2016-03-07 00:00:00,-0.10386099144383826
2016-03-08 00:00:00,0.047496723455017084
2016-03-09 00:00:00,0.0014366491240504061
2016-03-10 00:00:00,0.1407138321204581
2016-03-11 00:00:00,-0.01031384966959975
2016-03-14 00:00:00,-0.01519848298650683
2016-03-15 00:00:00,0.04555093845483502
2016-03-16 00:00:00,0.051389827804723315
2016-03-17 00:00:00,0.03312731858562611
2016-03-18 00:00:00,0.007294880429761542
2016-03-21 00:00:00,-0.006497914247803837
2016-03-22 00:00:00,-0.04856771191904172
2016-03-23 00:00:00,-0.00293178815157814
2016-03-24 00:00:00,0.004223913963445144
2016-03-28 00:00:00,0.06596822051141427
2016-03-29 00:00:00,0.03128291778456949
2016-03-30 00:00:00,-0.014609790756547735
2016-03-31 00:00:00,0.04457645634402374
2016-04-01 00:00:00,-0.022484719755056205
2016-04-04 00:00:00,-0.07436773576519155
2016-04-05 00:00:00,0.076178468360586
2016-04-06 00:00:00,-0.08825897027567572
2016-04-07 00:00:00,0.020991025568881133
2016-04-08 00:00:00,-0.020692983016911044
2016-04-11 00:00:00,0.07095616336658686
2016-04-12 00:00:00,0.06939989244692417
2016-04-13 00:00:00,0.0011656953054062363
2016-04-14 00:00:00,-0.006654398506800963
2016-04-15 00:00:00,0.043371054158256435
2016-04-18 00:00:00,0.019945554527725475
2016-04-19 00:00:00,0.004878794530458003
2016-04-20 00:00:00,-0.033783792632175645
2016-04-21 00:00:00,0.0003149217027209254
2016-04-22 00:00:00,-0.011993730598897802
2016-04-25 00:00:00,0.01237073664412057
2016-04-26 00:00:00,0.010789788303206494
2016-04-27 00:00:00,-0.0620462570292285
2016-04-28 00:00:00,-0.035405782025732226
2016-04-29 00:00:00,0.053835717863977034
2016-05-02 00:00:00,-0.06047567186641562
2016-05-03 00:00:00,-0.04320661210284228
2016-05-04 00:00:00,-0.0017685506817576328
2016-05-05 00:00:00,0.02323404640758271
2016-05-06 00:00:00,0.005453410273872501
2016-05-09 00:00:00,0.08633547813051667
2016-05-10 00:00:00,-0.06629273351673978
2016-05-11 00:00:00,-0.0012038798718284542
2016-05-12 00:00:00,-0.06214756465528832
2016-05-13 00:00:00,0.0708886475500584
2016-05-16 00:00:00,-0.06869278543945054
2016-05-17 00:00:00,0.001534461468769299
2016-05-18 00:00:00,-0.02809666013787963
2016-05-19 00:00:00,0.04507187893461926
2016-05-20 00:00:00,-0.015479592478304025
2016-05-23 00:00:00,0.09724330709282783
2016-05-24 00:00:00,0.04677539770004522
2016-05-25 00:00:00,-0.00138940250359485
2016-05-26 00:00:00,0.027923121165867697
2016-05-27 00:00:00,-0.006506167444576629
2016-05-31 00:00:00,0.007335679510778638
2016-06-01 00:00:00,0.018045691050930842
2016-06-02 00:00:00,-0.018660634277502367
2016-06-03 00:00:00,0.03109848448093209
2016-06-06 00:00:00,0.008069012112080812
2016-06-07 00:00:00,0.020443255810546002
2016-06-08 00:00:00,-0.010593580718903674
2016-06-09 00:00:00,-0.05846343659633291
2016-06-10 00:00:00,-0.05420503725863982
2016-06-13 00:00:00,-0.012322600623646327
2016-06-14 00:00:00,-0.012745184257586587
2016-06-15 00:00:00,0.02155757943054213
2016-06-16 00:00:00,-0.022498283040101888
2016-06-17 00:00:00,0.03963561224685635
2016-06-20 00:00:00,0.018086235435650938
2016-06-21 00:00:00,-0.011004903226320167
2016-06-22 00:00:00,0.08562074665586906
2016-06-23 00:00:00,-0.25296010613710435
2016-06-24 00:00:00,-0.15059247098583672
2016-06-27 00:00:00,0.14557453384878474
2016-06-28 00:00:00,0.1241269724966088
2016-06-29 00:00:00,0.09034389506640399
2016-06-30 00:00:00,0.012498714280029292
2016-07-01 00:00:00,-0.04471786656443001
2016-07-05 00:00:00,0.03489062722013512
2016-07-06 00:00:00,-0.005628679986363758
2016-07-07 00:00:00,0.09412613390814942
2016-07-08 00:00:00,0.020175767446951154
2016-07-11 00:00:00,0.040386027099892974
2016-07-12 00:00:00,0.000766072208942743
2016-07-13 00:00:00,0.029450001650736687
2016-07-14 00:00:00,-0.005166263705793153
2016-07-15 00:00:00,0.013183593336708686
2016-07-18 00:00:00,-0.007940349056191181
2016-07-19 00:00:00,0.023410019389676594
2016-07-20 00:00:00,-0.019853440873618736
2016-07-21 00:00:00,0.024874138149368896
2016-07-22 00:00:00,-0.016454663067726905
2016-07-25 00:00:00,0.0017713565437573616
2016-07-26 00:00:00,-0.006595283359206717
2016-07-27 00:00:00,0.008818161738503581
2016-07-28 00:00:00,0.008891267099932158
2016-07-29 00:00:00,-0.0069253213261859375
2016-08-01 00:00:00,-0.03539092107786961
2016-08-02 00:00:00,0.01748034651256827
2016-08-03 00:00:00,0.0011783587372213072
2016-08-04 00:00:00,0.04657262367025137
2016-08-05 00:00:00,-0.004851116805438609
2016-08-08 00:00:00,0.002085435694322947
2016-08-09 00:00:00,-0.015434867169775345
2016-08-10 00:00:00,0.02531105807464632
2016-08-11 00:00:00,-0.004231083268603488
2016-08-12 00:00:00,0.014754869154614129
2016-08-15 00:00:00,-0.02923684000666332
2016-08-16 00:00:00,0.010012421870162226
2016-08-17 00:00:00,0.01168077788386513
2016-08-18 00:00:00,-0.007649787417031332
2016-08-19 00:00:00,-0.0030036591208984884
2016-08-22 00:00:00,0.010362801228211304
2016-08-23 00:00:00,-0.02812512490412143
2016-08-24 00:00:00,-0.007419851164868094
2016-08-25 00:00:00,-0.008638040067491304
2016-08-26 00:00:00,0.028278655574018263
2016-08-29 00:00:00,-0.010529206463036159
2016-08-30 00:00:00,-0.01293026801937991
2016-08-31 00:00:00,-0.00022617886977249668
2016-09-01 00:00:00,0.022701882876733356
2016-09-02 00:00:00,0.015871396137200663
2016-09-06 00:00:00,-0.0007756585437006303
2016-09-07 00:00:00,-0.011852006546182698
2016-09-08 00:00:00,-0.14067109292084493
2016-09-09 00:00:00,0.0845137261950719
2016-09-12 00:00:00,-0.08674714479649073
2016-09-13 00:00:00,-0.003543937149011534
2016-09-14 00:00:00,0.059245250303099246
2016-09-15 00:00:00,-0.021920856943818
2016-09-16 00:00:00,-0.00010889004004304751
2016-09-19 00:00:00,0.0017494869267985365
2016-09-20 00:00:00,0.06185812731196063
2016-09-21 00:00:00,0.03546617244982088
2016-09-22 00:00:00,-0.03144330267174299
2016-09-23 00:00:00,-0.04871041933342764
2016-09-26 00:00:00,0.03646210013776632
2016-09-27 00:00:00,0.02918841896936245
2016-09-28 00:00:00,-0.052235246892112674
2016-09-29 00:00:00,0.044409455271253256
2016-09-30 00:00:00,-0.018079949050780836
2016-10-03 00:00:00,-0.028026248906039285
2016-10-04 00:00:00,0.02422576194331381
2016-10-05 00:00:00,0.0026904300118661463
2016-10-06 00:00:00,-0.018328147622054817
2016-10-07 00:00:00,0.025766094116999438
2016-10-10 00:00:00,-0.07155464176508225
2016-10-11 00:00:00,0.0067255748731592
2016-10-12 00:00:00,-0.01830573006524065
2016-10-13 00:00:00,0.0011972946391955862
2016-10-14 00:00:00,-0.01819960573236755
2016-10-17 00:00:00,0.03645694482591878
2016-10-18 00:00:00,0.012735389787450353
2016-10-19 00:00:00,-0.007991555750411501
2016-10-20 00:00:00,-0.0004901809277663084
2016-10-21 00:00:00,0.027299361466718537
2016-10-24 00:00:00,-0.02187164985903813
2016-10-25 00:00:00,-0.010146508309876867
2016-10-26 00:00:00,-0.017625054069741977
2016-10-27 00:00:00,-0.018622116470992635
2016-10-28 00:00:00,-0.0007374072022317386
2016-10-31 00:00:00,-0.041801038911258505
2016-11-01 00:00:00,-0.04161861342797646
2016-11-02 00:00:00,-0.029036578735697427
2016-11-03 00:00:00,-0.01110973096413715
2016-11-04 00:00:00,0.13868672547401248
2016-11-07 00:00:00,0.02221953197363009
2016-11-08 00:00:00,0.06276362153793213
2016-11-09 00:00:00,0.010773842778320691
2016-11-10 00:00:00,-0.007724081164919275
2016-11-11 00:00:00,-0.0006399666674126146
2016-11-14 00:00:00,0.04062103720116833
2016-11-15 00:00:00,-0.008518760188271449
2016-11-16 00:00:00,0.02493129033147033
2016-11-17 00:00:00,-0.01270666682725376
2016-11-18 00:00:00,0.0391058025343405
2016-11-21 00:00:00,0.01115080228717748
2016-11-22 00:00:00,0.004138163510204743
2016-11-23 00:00:00,0.019823823894227335
2016-11-25 00:00:00,-0.026808061795086414
2016-11-28 00:00:00,0.006844893218838595
2016-11-29 00:00:00,-0.013666324816883426
2016-11-30 00:00:00,-0.01834994399911765
2016-12-01 00:00:00,0.002081856317964715
2016-12-02 00:00:00,0.030050534028073284
2016-12-05 00:00:00,0.017296165792840875
2016-12-06 00:00:00,0.06428928582238572
2016-12-07 00:00:00,0.010295648388065178
2016-12-08 00:00:00,0.02784118440080207
2016-12-09 00:00:00,-0.005303874377005155
2016-12-12 00:00:00,0.030084196704924043
2016-12-13 00:00:00,-0.037727821738895634
2016-12-14 00:00:00,0.01807992241457515
2016-12-15 00:00:00,-0.008141906694454196
2016-12-16 00:00:00,0.009165237837411721
2016-12-19 00:00:00,0.016695231962704768
2016-12-20 00:00:00,-0.011289188501709055
2016-12-21 00:00:00,-0.008622967554333802
2016-12-23 00:00:00,0.010331541265534046
2016-12-27 00:00:00,-0.03903968723961831
2016-12-28 00:00:00,-0.0013866310587131914
2016-12-29 00:00:00,-0.02217501167639234
2016-12-30 00:00:00,0.04003480084081623
2017-01-03 00:00:00,0.02633590218134564
2017-01-04 00:00:00,-0.0035268400025192533
2017-01-05 00:00:00,0.015982342637864657
2017-01-06 00:00:00,-0.01618445043318068
2017-01-09 00:00:00,0.0
2017-01-11 00:00:00,-0.009775965211135718
2017-01-12 00:00:00,0.008419143792348885
2017-01-19 00:00:00,0.015431256155047599
2017-01-20 00:00:00,-0.012354406538426456
2017-01-23 00:00:00,0.029804702480421934
2017-01-24 00:00:00,0.03550054920637899
2017-01-25 00:00:00,-0.0032264984315044784
2017-01-26 00:00:00,-0.003812208880699214
2017-01-27 00:00:00,-0.026824459583568595
2017-01-30 00:00:00,-0.004009810344857345
2017-01-31 00:00:00,0.0013449873244412308
2017-02-01 00:00:00,0.0025666281250056834
2017-02-02 00:00:00,0.03214875725813839
2017-02-03 00:00:00,-0.009322465484919346
2017-02-06 00:00:00,0.0010016923492436214
2017-02-07 00:00:00,0.0030562461972881106
2017-02-08 00:00:00,0.02502108259591829
2017-02-09 00:00:00,0.015288978243196305
2017-02-10 00:00:00,0.022152232425126563
2017-02-13 00:00:00,0.016684018284592008
2017-02-14 00:00:00,0.020483770322450308
2017-02-15 00:00:00,-0.0035332208780070504
2017-02-16 00:00:00,0.006846021781514045
2017-02-17 00:00:00,0.024325877593055042
2017-02-21 00:00:00,-0.004335587119596714
2017-02-22 00:00:00,0.0016789885962344758
2017-02-23 00:00:00,0.005963957444565853
2017-02-24 00:00:00,0.00405119390936537
2017-02-27 00:00:00,-0.0103035461211759
2017-02-28 00:00:00,0.05333549700510574
2017-03-01 00:00:00,-0.022820661730774246
2017-03-02 00:00:00,0.0019712807075049936
2017-03-03 00:00:00,-0.01289794953885376
2017-03-06 00:00:00,-0.011569016737062562
2017-03-07 00:00:00,-0.009138347649262092
2017-03-08 00:00:00,0.003202292528386061
2017-03-09 00:00:00,0.012990535343211528
2017-03-10 00:00:00,0.0014513477162733134
2017-03-13 00:00:00,-0.013461573305733516
2017-03-14 00:00:00,0.03292780335033671
2017-03-15 00:00:00,-0.006364637887952359
2017-03-16 00:00:00,-0.005163681605325548
2017-03-17 00:00:00,-0.0079379105513253
2017-03-20 00:00:00,-0.050346801184646975
2017-03-21 00:00:00,0.007737160717855918
2017-03-22 00:00:00,-0.004341558486374345
2017-03-23 00:00:00,-0.003465808381315117
2017-03-24 00:00:00,-0.004199389666291898
2017-03-27 00:00:00,0.029460780351917303
2017-03-28 00:00:00,0.004367022183758985
2017-03-29 00:00:00,0.011727999779756137
2017-03-30 00:00:00,-0.009024894674415442
2017-03-31 00:00:00,-0.006608574739236099
2017-04-03 00:00:00,0.0022529508024358015
2017-04-04 00:00:00,-0.012369802675661833
2017-04-05 00:00:00,0.007806959287784088
2017-04-06 00:00:00,-0.003345631963359695
2017-04-07 00:00:00,0.002780086459203649
2017-04-10 00:00:00,-0.005809467861379785
2017-04-11 00:00:00,-0.01537371839618721
2017-04-12 00:00:00,-0.028372408925939945
2017-04-13 00:00:00,0.035489387286851866
2017-04-17 00:00:00,-0.01192499868460364
2017-04-18 00:00:00,-0.0070962638314974475
2017-04-19 00:00:00,0.03082292279923287
2017-04-20 00:00:00,-0.012358137141898234
2017-04-21 00:00:00,0.043325159270731356
2017-04-24 00:00:00,0.023796079517785975
2017-04-25 00:00:00,-0.0018884276382400615
2017-04-26 00:00:00,0.0021484443506607893
2017-04-27 00:00:00,-0.007457653326013248
2017-04-28 00:00:00,0.006742149736975542
2017-05-01 00:00:00,0.0046096176536398244
2017-05-02 00:00:00,-0.004935376135808974
2017-05-03 00:00:00,0.002259852196180312
2017-05-04 00:00:00,0.01574000373984181
2017-05-05 00:00:00,0.00014359982285338017
2017-05-08 00:00:00,-0.0039392812433289865
2017-05-09 00:00:00,0.004338753758940222
2017-05-10 00:00:00,-0.008325864581744329
2017-05-11 00:00:00,-0.0057190693945263415
2017-05-12 00:00:00,0.018333486377408354
2017-05-15 00:00:00,-0.0026283951335709524
2017-05-16 00:00:00,-0.07214301947672744
2017-05-17 00:00:00,0.014786741937467552
2017-05-18 00:00:00,0.026682913204478385
2017-05-19 00:00:00,0.020010651238774938
2017-05-22 00:00:00,0.007067686633478123
2017-05-23 00:00:00,0.00951055477866435
2017-05-24 00:00:00,0.01679179219828409
2017-05-25 00:00:00,0.001168651342927531
2017-05-26 00:00:00,-0.004542262103515641
2017-05-30 00:00:00,-0.0017377580212116891
2017-05-31 00:00:00,0.02821353140520965
2017-06-01 00:00:00,0.013633449283584512
2017-06-02 00:00:00,-0.004473490569452861
2017-06-05 00:00:00,-0.010272708491361561
2017-06-06 00:00:00,0.00579392351660786
2017-06-07 00:00:00,0.0009853902166341761
2017-06-08 00:00:00,-0.0030648145051761122
2017-06-09 00:00:00,-0.0036232733798698415
2017-06-12 00:00:00,0.01657685278316845
2017-06-13 00:00:00,-0.003651903095415118
2017-06-14 00:00:00,-0.008253827020448103
2017-06-15 00:00:00,0.0010467524485277416
2017-06-16 00:00:00,0.030332807044249406
2017-06-19 00:00:00,-0.024466346094259118
2017-06-20 00:00:00,-0.0021428249477241862
2017-06-21 00:00:00,-0.0016784826853514484
2017-06-22 00:00:00,0.005734030860606215
2017-06-23 00:00:00,0.0011579139192643745
2017-06-26 00:00:00,-0.03003859998136516
2017-06-27 00:00:00,0.03247011123191903
2017-06-28 00:00:00,-0.03197454277204149
2017-06-29 00:00:00,0.0057263657245846126
2017-06-30 00:00:00,0.008582178912233784
2017-07-03 00:00:00,0.005372183879668234
2017-07-05 00:00:00,-0.03520248566726964
2017-07-06 00:00:00,0.023968656822414624
2017-07-07 00:00:00,0.003447617018171668
2017-07-10 00:00:00,-0.0029103909473331747
2017-07-11 00:00:00,0.02682118014256366
2017-07-12 00:00:00,0.006817034337429635
2017-07-13 00:00:00,0.016827046705162045
2017-07-14 00:00:00,-0.00018982083979867713
2017-07-17 00:00:00,0.002142559605191929
2017-07-18 00:00:00,0.019062147480928902
2017-07-19 00:00:00,-0.0005430692895328461
2017-07-20 00:00:00,-0.0013011469852987642
2017-07-21 00:00:00,-0.003770550530917002
2017-07-24 00:00:00,0.01031668936589888
2017-07-25 00:00:00,0.0009948773390945386
2017-07-26 00:00:00,-0.003428656526800013
2017-07-27 00:00:00,-0.0047420698191642935
2017-07-28 00:00:00,-0.002580641066109641
2017-07-31 00:00:00,0.008647360499454384
2017-08-01 00:00:00,0.0017346852664794736
2017-08-02 00:00:00,-0.0077157665515397884
2017-08-03 00:00:00,0.006663927851428956
2017-08-04 00:00:00,0.005785452216214403
2017-08-07 00:00:00,-0.008505716627190645
2017-08-08 00:00:00,-0.0012841245408618575
2017-08-09 00:00:00,-0.05248596339991111
2017-08-10 00:00:00,0.004669239928522126
2017-08-11 00:00:00,0.036068040293293205
2017-08-14 00:00:00,-0.0017785978138554856
2017-08-15 00:00:00,0.005052845245206867
2017-08-16 00:00:00,-0.05642775868147238
2017-08-17 00:00:00,-0.006818491509375078
2017-08-18 00:00:00,0.004316786461779572
2017-08-21 00:00:00,0.03620870072365845
2017-08-22 00:00:00,-0.012555795465865417
2017-08-23 00:00:00,-0.00759194282453949
2017-08-24 00:00:00,0.006114048753047057
2017-08-25 00:00:00,0.0017761234594996815
2017-08-28 00:00:00,0.0030674359415570817
2017-08-29 00:00:00,0.01664584160768829
2017-08-30 00:00:00,0.02034951078212696
2017-08-31 00:00:00,0.006996037096834007
2017-09-01 00:00:00,-0.02696543880244507
2017-09-05 00:00:00,0.011177104759731544
2017-09-06 00:00:00,-0.000636083384053515
2017-09-07 00:00:00,-0.005322291541133035
2017-09-08 00:00:00,0.03805984864614521
2017-09-11 00:00:00,0.011647352703636149
2017-09-12 00:00:00,0.0026116061349439326
2017-09-13 00:00:00,-0.0038019415006884205
2017-09-14 00:00:00,0.0063650776438201944
2017-09-15 00:00:00,0.004997655443154492
2017-09-18 00:00:00,0.00379970305113524
2017-09-19 00:00:00,0.002167026030338038
2017-09-20 00:00:00,-0.010455096021455088
2017-09-21 00:00:00,0.002225925389760403
2017-09-22 00:00:00,-0.007661049818979362
2017-09-25 00:00:00,0.0002491818209422239
2017-09-26 00:00:00,0.014006139484612583
2017-09-27 00:00:00,0.004109600844145262
2017-09-28 00:00:00,0.012550320376920191
2017-09-29 00:00:00,0.013003811516547416
2017-10-02 00:00:00,0.007201525985883477
2017-10-03 00:00:00,0.004144259116140778
2017-10-04 00:00:00,0.01858145442696987
2017-10-05 00:00:00,-0.0035262813610121824
2017-10-06 00:00:00,-0.005948288568043345
2017-10-09 00:00:00,0.007635530884940483
2017-10-10 00:00:00,0.005903175185917731
2017-10-11 00:00:00,-0.005529945205733996
2017-10-12 00:00:00,0.0028777966543961603
2017-10-13 00:00:00,0.0057180995560116915
2017-10-16 00:00:00,0.002191857743736675
2017-10-17 00:00:00,0.002415243248909798
2017-10-18 00:00:00,0.0010661009987833372
2017-10-19 00:00:00,0.01649127695778564
2017-10-20 00:00:00,-0.012845208590440162
2017-10-23 00:00:00,0.005230705134523189
2017-10-24 00:00:00,-0.015175191069068297
2017-10-25 00:00:00,0.0041396306917063095
2017-10-26 00:00:00,0.02593461475695482
2017-10-27 00:00:00,-0.010258141500739615
2017-10-30 00:00:00,0.003036030428910379
2017-10-31 00:00:00,0.005101979161850275
2017-11-01 00:00:00,0.000607985488381049
2017-11-02 00:00:00,0.00986225006082964
2017-11-03 00:00:00,0.0040325787061352815
2017-11-06 00:00:00,-0.0005995923142987844
2017-11-07 00:00:00,0.004567486718883637
2017-11-08 00:00:00,-0.01196327317329251
2017-11-09 00:00:00,-0.0028650598685117444
2017-11-10 00:00:00,0.003136277256952079
2017-11-13 00:00:00,-0.007387006992759202
2017-11-14 00:00:00,-0.017856151126458105
2017-11-15 00:00:00,0.026228673265375944
2017-11-16 00:00:00,-0.008397384886607911
2017-11-17 00:00:00,0.004077512084935169
2017-11-20 00:00:00,0.02067649249523093
2017-11-21 00:00:00,-0.002365368694547764
2017-11-22 00:00:00,0.0064641736858833225
2017-11-24 00:00:00,-0.0012073791691520476
2017-11-27 00:00:00,0.030482528041342306
2017-11-28 00:00:00,-0.0011372951249604408
2017-11-29 00:00:00,0.02492178175746268
2017-11-30 00:00:00,-0.006152431357037342
2017-12-01 00:00:00,-0.0032059403957567095
2017-12-04 00:00:00,-0.011465717651025345
2017-12-05 00:00:00,-0.0003506296826060837
2017-12-06 00:00:00,0.008970915004802868
2017-12-07 00:00:00,0.01667932133618025
2017-12-08 00:00:00,0.009625199579318674
2017-12-11 00:00:00,0.004637844893508231
2017-12-12 00:00:00,-0.0014160580890846919
2017-12-13 00:00:00,-0.012266159262525082
2017-12-14 00:00:00,0.026736298373434206
2017-12-15 00:00:00,0.015781442544446293
2017-12-18 00:00:00,-0.009527102237403601
2017-12-19 00:00:00,-0.0024484615802828585
2017-12-20 00:00:00,0.005857635866226453
2017-12-21 00:00:00,-0.0013512175226865712
2017-12-22 00:00:00,-0.0031270246860785663
2017-12-26 00:00:00,0.002335239100006299
2017-12-27 00:00:00,0.005398212995414003
2017-12-28 00:00:00,-0.015360321201283297
2017-12-29 00:00:00,0.024369163096233604
2018-01-02 00:00:00,0.01853386243333998
2018-01-03 00:00:00,0.01156808564807623
2018-01-04 00:00:00,0.019961184215743392
2018-01-05 00:00:00,0.004692632647195362
2018-01-08 00:00:00,0.0036687919071513864
2018-01-09 00:00:00,-0.003135050608020664
2018-01-10 00:00:00,0.01964072077143185
2018-01-11 00:00:00,0.018620504649189865
2018-01-12 00:00:00,-0.009745588424113633
2018-01-16 00:00:00,0.025734703726380575
2018-01-17 00:00:00,-0.004412594162270613
2018-01-18 00:00:00,0.011907169583518349
2018-01-19 00:00:00,0.02163336887800952
2018-01-22 00:00:00,0.00579828808769189
2018-01-23 00:00:00,-0.0014932947710073507
2018-01-24 00:00:00,0.0016060266653388322
2018-01-25 00:00:00,0.03106377239560848
2018-01-26 00:00:00,-0.01775147525655029
2018-01-29 00:00:00,-0.029223244292641715
2018-01-30 00:00:00,0.0013151077415383364
2018-01-31 00:00:00,-0.0017442361368621494
2018-02-01 00:00:00,-0.058787099539919986
2018-02-02 00:00:00,-0.1216169702285134
2018-02-05 00:00:00,0.05143831152090876
2018-02-06 00:00:00,-0.014736990978003635
2018-02-07 00:00:00,-0.11750207895149703
2018-02-08 00:00:00,0.04664559836106918
2018-02-09 00:00:00,0.042189040647527806
2018-02-12 00:00:00,0.007834784242997602
2018-02-13 00:00:00,0.039349947951474055
2018-02-14 00:00:00,0.03460698688339241
2018-02-15 00:00:00,0.0010647053886548431
2018-02-16 00:00:00,-0.016790449060575436
